676764496_1,Petra_NEG_22_1,"There are lots of stalls you can buy water and food from , although it is very expensive relative to the cost of these things on the outside .",May,2019,May,2019,sean8866,United Kingdom,Europe,female,1,1,male,5
676764496_4,Petra_NEG_22_4,Many are tied up against rocks with no food or water in the sun .,May,2019,May,2019,sean8866,United Kingdom,Europe,female,1,1,male,5
676764496_12,Petra_NEG_22_12,The owners make a noice to encourage the dogs to bark at the donkeys and bite the donkeys legs .,May,2019,May,2019,sean8866,United Kingdom,Europe,female,1,1,male,5
676764496_13,Petra_NEG_22_13,"We saw it up close several times , dogs biting the legs of donkeys .",May,2019,May,2019,sean8866,United Kingdom,Europe,female,1,1,male,5
676764496_15,Petra_NEG_22_15,"Count of many donkeys have scabs , sores and missing fur around their legs .",May,2019,May,2019,sean8866,United Kingdom,Europe,female,1,1,male,5
669180597_4,Petra_NEG_27_4,"There are examples of broken pieces of the cable all the way down where they have been used so intensely , bits have broken off and are just lying about .",March,2019,April,2019,John G,United Kingdom,Europe,female,1,1,male,9
665157230_7,Petra_NEG_30_7,"The young locals who dress like the Pirates of the Caribbeans could be a great attraction to see had they behaved themselves , but they were behaving badly and abusing the animals .",April,2019,April,2019,Farianab,United Arab Emirates,Asia,male,1,1,female,9
665157230_8,Petra_NEG_30_8,"Jordan is a beautiful country , the people are very nice and the food is wonderful .",April,2019,April,2019,Farianab,United Arab Emirates,Asia,male,4,2,female,9
657812763_1,Petra_NEG_32_1,"The site was overtraded with vendors , begging kids , dogs , cats , horses , donkeys , camels and charlatans expecting hand outs !",March,2019,March,2019,Chris N,South Africa,Africa,male,1,1,male,7
616246312_8,Petra_NEG_51_8,"In the wider parts of Petra , there is a lot of animal traffic , but at least not too much risk .",September,2018,September,2018,613fifi,Germany,Europe,male,1,1,female,5
605715891_2,Petra_NEG_57_2,"The problem with the place is the pushy rude and threatening people ( they claim they are bedouins , the locals call them gypsys ) .",August,2018,August,2018,chris w,Australia,Oceania,male,1,1,male,87
605715891_7,Petra_NEG_57_7,"Although the site is fantastic , until they control the rampent harrassment from thr gypsys the the rating stays poor .",August,2018,August,2018,chris w,Australia,Oceania,male,1,1,male,87
468368366_6,Petra_NEG_104_6,"The sellers inside can be quite annoying , very persistent , which I anticipated .",March,2017,March,2017,Jessica C,Australia,Oceania,female,1,1,female,6
208895141_5,Petra_NEG_160_5,All they need to do is to enforce a rule that all animal handlers are required to equip the animals with poop collectors so that this beautiful attraction can be clean throughout and not smell like crap .,June,2014,June,2014,Bozo W,Singapore,Asia,male,1,1,male,5
160160868_1,Petra_NEG_179_1,"Of course a visit to Jordan would not be complete without visiting this wonderful , ancient site .",May,2013,May,2013,AlisAquilae,Australia,Oceania,male,1,1,female,59
571021203_2,Petra_NEU_72_2,It is truly a wonder to experience and is highly recommended .,March,2018,April,2018,Robyn578,Australia,Oceania,male,4,2,female,9
571021203_4,Petra_NEU_72_4,The only downside for me was witnessing the poor treatment of the animals who were there to transport tourists .,March,2018,April,2018,Robyn578,Australia,Oceania,male,1,1,female,9
382682447_9,Petra_NEU_129_9,"The Siq opens out onto the Treasury , featured in an Indiana Jones film , but because of horses , carriages , camels and the gift shops it is devalued as a historical site .",May,2016,June,2016,michael857,United Kingdom,Europe,male,1,1,male,50
280553971_4,Petra_NEU_159_4,The tourist police just sat in their truck and did not make these people leave ( most still live in the caves and village around it ) .,June,2015,June,2015,Catie I,Georgia,Asia,male,1,1,female,60
161739095_2,Petra_NEU_203_2,"Among the people who live there , bedouins in some way , there are very cruel teenagers - they love , really enjoy beating donkeys and feeling themselves the masters , specially if tourists are looking at them .",March,2013,May,2013,Jasone A,Spain,Europe,male,1,1,female,5
153939017_2,Petra_NEU_213_2,I was absolutely appalled by the condition of the animals on the site .,February,2013,March,2013,Heleen_Joe,United Kingdom,Europe,male,3,1,female,8
153939017_3,Petra_NEU_213_3,"The vast majority of horses , donkeys and camels seemed underfed , mistreated and exhausted .",February,2013,March,2013,Heleen_Joe,United Kingdom,Europe,male,1,1,female,8
153939017_6,Petra_NEU_213_6,We saw various animals with wounds and pretty much all of them had large scars of old wounds .,February,2013,March,2013,Heleen_Joe,United Kingdom,Europe,male,2,0,female,8
153939017_8,Petra_NEU_213_8,Especially the horses of the carriages seemed in a really bad shape .,February,2013,March,2013,Heleen_Joe,United Kingdom,Europe,male,1,1,female,8
703633742_2,Petra_POS_14_2,It was just an amazing site that its hard to put it in words .,August,2019,August,2019,weiwei1025,United Kingdom,Europe,female,3,1,female,7
695076712_5,Petra_POS_60_5,"Nevertheless , the highlights keep one amazing by their dimensions and architectonic ingenuity for those ancient days .",August,2019,August,2019,dirkvA989TK,Netherlands,Europe,female,3,1,male,6
694776690_1,Petra_POS_62_1,"Petra , the capital of the Nabataean Empire from the 1st century BC .",July,2019,August,2019,LilyChak,New Zealand,Oceania,female,1,1,female,58
694776690_2,Petra_POS_62_2,Petra was later annexed to the Roman Empire and continued to thrive until a large earthqake in 363AD destroyed much of the city in the 4th century AD .,July,2019,August,2019,LilyChak,New Zealand,Oceania,female,1,1,female,58
689987447_2,Petra_POS_93_2,The souvenirs on side are really cheap compared to the local shops in Petra .,July,2019,July,2019,zahari_acmilan,Bulgaria,Europe,male,1,1,male,5
689751738_3,Petra_POS_95_3,A local tour guide is useful for learning enough about the history of the place !,June,2019,July,2019,Bas_Teacha,Greece,Europe,male,3,1,male,52
689551515_5,Petra_POS_97_5,"Fortunately , there are lots of places where you can buy water .",June,2019,July,2019,Laurence_Brussels,Canada,North America,female,2,0,male,91
688600484_1,Petra_POS_110_1,This place is just amazing if you are into walking / hiking and history !,July,2019,July,2019,JeremyGreysmark,United Kingdom,Europe,female,4,2,male,7
688600484_6,Petra_POS_110_6,There are plenty shops across the place where you can buy water which is super important .,July,2019,July,2019,JeremyGreysmark,United Kingdom,Europe,female,1,1,male,7
688600484_9,Petra_POS_110_9,The place is super clean and they are trying to look after it .,July,2019,July,2019,JeremyGreysmark,United Kingdom,Europe,female,3,1,male,7
686265250_1,Petra_POS_128_1,Having a good guide who details the history of the place makes it more worthwhile .,March,2019,July,2019,Peter K,Australia,Oceania,male,3,1,male,6
681190603_3,Petra_POS_191_3,"To me personally , absolutely one of the seven wonders of the modern world .",May,2019,June,2019,Maggie G,Finland,Europe,male,3,1,female,50
676780384_10,Petra_POS_252_10,Finally - enjoy one of the seven wonders of the modern world !,May,2019,May,2019,ArryAwk,United Kingdom,Europe,female,3,1,male,91
672003766_5,Petra_POS_313_5,"Take water , sun hats , sunscreen good walking shoes , snacks .",April,2019,May,2019,Amelia C,United Kingdom,Europe,female,2,0,female,90
672003766_11,Petra_POS_313_11,We had a pleasant drink there and prices were on a par with elsewhere in Petra .,April,2019,May,2019,Amelia C,United Kingdom,Europe,female,1,1,female,90
672003766_14,Petra_POS_313_14,At the far end of the complex up lots of steps there is the monastery .,April,2019,May,2019,Amelia C,United Kingdom,Europe,female,2,0,female,90
672003766_17,Petra_POS_313_17,"When you get to the monastery there is a cafe where you can sit and relax , have lunch etc .",April,2019,May,2019,Amelia C,United Kingdom,Europe,female,1,1,female,90
672003766_19,Petra_POS_313_19,There is a larger restaurant at the start of the monastery climb but they were more focussed on serving large groups and some people were turned away .,April,2019,May,2019,Amelia C,United Kingdom,Europe,female,1,1,female,90
671517186_1,Petra_POS_324_1,"What an amazing experience , no wonder why it is one of the modern 7 wonders of the world .",May,2019,May,2019,Esteban D,United Kingdom,Europe,male,4,2,male,6
670736901_2,Petra_POS_343_2,It is incredible how could it done and it so well preserved .,April,2019,May,2019,Beatriz M,Austria,Europe,male,3,1,female,50
667787566_1,Petra_POS_397_1,Absorbing the information and imagining life there was a wonderful experience .,April,2019,April,2019,Safar49,United Kingdom,Europe,female,3,1,male,9
667787566_8,Petra_POS_397_8,His knowledge was extensive and he was very passionate about it all .,April,2019,April,2019,Safar49,United Kingdom,Europe,female,3,1,male,9
667787566_9,Petra_POS_397_9,We enjoyed his discussions as they brought out the local flavour very well .,April,2019,April,2019,Safar49,United Kingdom,Europe,female,3,1,male,9
666569057_5,Petra_POS_422_5,It combines many of the style influences of the peoples those early Nabataeans .,March,2019,April,2019,paul h,United Kingdom,Europe,male,3,1,male,62
664855517_4,Petra_POS_451_4,"Our guide on the coach gave us a tour of the heritage site and I would certainly recommend having some form of guide to explain the history and significance of the various buildings , caves and tombs you will see on the way .",November,2018,April,2019,David E,United Kingdom,Europe,male,3,1,male,522
664855517_5,Petra_POS_451_5,The caves here were built as burial chambers and our guide took us in one of the caves and explained how they had been designed .,November,2018,April,2019,David E,United Kingdom,Europe,male,1,1,male,522
664855517_11,Petra_POS_451_11,"At the Treasury there are facilities including a few shops and caf and toilets , and my wife chilled here whilst I explored the city with the guide .",November,2018,April,2019,David E,United Kingdom,Europe,male,1,1,male,522
663168632_3,Petra_POS_484_3,"The Nabateans were skilled at rainwater harvesting , agriculture & stone carving as spectacularly evidenced by the site .",November,2018,April,2019,RajaR957,India,Asia,male,1,1,male,55
663168632_4,Petra_POS_484_4,The famous Treasury building ( Khazneh structure ) was built in 1st century AD .,November,2018,April,2019,RajaR957,India,Asia,male,1,1,male,55
663168632_6,Petra_POS_484_6,"Many Christian churches were built in the Byzantine era , but Petra continued to decline and was abandoned by early Islamic era .",November,2018,April,2019,RajaR957,India,Asia,male,1,1,male,55
663168632_8,Petra_POS_484_8,It is a UNESCO world heritage centre and in 2007 was named among the New seven wonders of the world .,November,2018,April,2019,RajaR957,India,Asia,male,1,1,male,55
663168632_15,Petra_POS_484_15,There are several food outlets and a couple of restaurants at the site .,November,2018,April,2019,RajaR957,India,Asia,male,1,1,male,55
660387657_1,Petra_POS_540_1,Well well you have to visit this place to know what this place got it is name in the new 7 wonders of the world .,February,2019,March,2019,NikhilNahar,India,Asia,male,3,1,male,84
659879257_4,Petra_POS_550_4,"Wherever you go they are there and walking to the Monastery means walking kms of the gauntlet through loads of bedouin shops all offering you free tea as Bedouin hospitality , but most expect you to buy something .",December,2018,March,2019,LexiSpain,Spain,Europe,male,2,0,female,62
646729445_14,Petra_POS_711_14,Use your time in Petra to only appreciate one of the greatest man-made architectural achievements .,December,2018,January,2019,Zainab F,Bahrain,Asia,male,2,0,female,73
646600484_5,Petra_POS_715_5,"There are souvenir stalls , coffee / tea stalls and some toilets throughout the site .",January,2019,January,2019,Kerryn72,Australia,Oceania,female,1,1,female,652
646600484_6,Petra_POS_715_6,"The signage was poor and at times we felt lost , but the local kids pointed us in the right direction .",January,2019,January,2019,Kerryn72,Australia,Oceania,female,1,1,female,652
645818536_17,Petra_POS_724_17,I hope this helps many of you to enjoy Petra at its full splendor and beauty !,December,2018,January,2019,barnieh,Slovakia,Europe,male,4,2,male,57
642617918_5,Petra_POS_787_5,"There is a shop there with wifi , money exchange , cup noodles ( a life saver ) , water , toilets ( very dirty ) and everything else you need .",December,2018,December,2018,Soham B,India,Asia,female,1,1,male,8
638737798_1,Petra_POS_843_1,"what can I say , this is a magical site , Full of history and spritual , I really enjoyed my visit , Everybody should go .",December,2018,December,2018,Barbara T,Italy,Europe,male,3,1,female,73
637762861_6,Petra_POS_859_6,"it is a very touristy place , and there unfortunately are stalls selling cheap rubbish , and you will probably get pestered by local children trying to show you around .",May,2018,December,2018,DanFreemanPhoto,United Kingdom,Europe,male,1,1,male,87
637762861_12,Petra_POS_859_12,"There are plenty of places to buy water and refreshments , but of you do plan on walking some of the longer trails ( that can take a couple of hours at least ) !",May,2018,December,2018,DanFreemanPhoto,United Kingdom,Europe,male,3,1,male,87
633383413_2,Petra_POS_934_2,"Wear comfortable shoes , as they is a huge amount of walking , and optional steep walking .",October,2018,November,2018,SusannahP191,United Kingdom,Europe,male,3,1,female,98
633383413_4,Petra_POS_934_4,I recommend reading I Married A Bedouin beforehand as this gives a real incite into the place .,October,2018,November,2018,SusannahP191,United Kingdom,Europe,male,3,1,female,98
633383413_5,Petra_POS_934_5,"Lots to see , and there a several places to sit down for a drink or a bite to eat .",October,2018,November,2018,SusannahP191,United Kingdom,Europe,male,3,1,female,98
631570265_4,Petra_POS_955_4,We had tea and coffee and a chat with Bedouins and also purchased couple of trinkets from various stalls .,November,2018,November,2018,NatBedenik,United Kingdom,Europe,female,1,1,male,59
625897644_1,Petra_POS_1043_1,"One of my lifes wondrous days of discovery , visiting the main sights and some high up trails , and drinking tea with the bedouin families .",October,2018,October,2018,Den888,United Kingdom,Europe,female,3,1,male,5
621674936_1,Petra_POS_1092_1,"The views are magnificent , the locals are kind and helpful , we had a wonderful time and are so glad we spent all those hours there .",September,2018,October,2018,JoannaMorris1,Israel,Asia,female,3,1,female,6
619565530_3,Petra_POS_1122_3,"Stopped in a picture taking point with all other tour guides and souvenir shop , Really nice pics .",September,2018,September,2018,jj25176,Israel,Asia,female,3,1,male,8
605058475_3,Petra_POS_1213_3,It is also very much still alive - the Bedouin have always lived here .,August,2018,August,2018,Simon W,United Kingdom,Europe,female,3,1,male,9
595643438_11,Petra_POS_1261_11,"He speaks very good English , has lots of information and was courteous , attentive and very open to all my questions .",July,2018,July,2018,Susanne v,Sweden,Europe,female,3,1,female,5
594813368_2,Petra_POS_1265_2,Up in the mountains of Petra has some magnificent view and ancient caves used by the local .,July,2018,July,2018,luigi_ramosss,Australia,Oceania,female,3,1,male,7
588902230_1,Petra_POS_1299_1,"This has been on my bucket list for many years and I was certainly not disappointed , a truly amazing magical experience .",June,2018,June,2018,JoyCyprus,Cyprus,Asia,female,3,1,female,51
588750978_5,Petra_POS_1302_5,There are plenty of snack and refreshment tents along the way and a nice Crown Plaza restaurant in the middle of the walk .,June,2018,June,2018,Margarita2903,Colombia,South America,female,3,1,female,6
588549007_3,Petra_POS_1308_3,Overall a good place to visit and be aware of the over priced eatables rides and drinks in the place .,June,2018,June,2018,503ammara,Pakistan,Asia,male,3,1,female,9
583030946_1,Petra_POS_1364_1,This has been on our bucket list forever and is the most amazing thing I have ever seen .,April,2018,May,2018,boo98,Canada,North America,male,4,2,female,53
581933496_3,Petra_POS_1387_3,"We slept on beaches , in peoples courtyards , on verandas , under olive trees , on rooftops and the occasional youth hostel .",May,2018,May,2018,514shannon,New Zealand,Oceania,female,1,1,female,76
581933496_9,Petra_POS_1387_9,"It was a beautiful morning , armed with plenty of water , we were just s small amount of tourists to begin with .",May,2018,May,2018,514shannon,New Zealand,Oceania,female,3,1,female,76
581933496_11,Petra_POS_1387_11,This was an ancient City which had been carved out of the rose coloured stone and visited frequently by the Camel Caravans .,May,2018,May,2018,514shannon,New Zealand,Oceania,female,1,1,female,76
581933496_12,Petra_POS_1387_12,"They run all the stalls , horse , donkey & Camel rides .",May,2018,May,2018,514shannon,New Zealand,Oceania,female,1,1,female,76
581933496_13,Petra_POS_1387_13,We were blessed to be there during Ramadan as being Muslim most of their stalls were closed .,May,2018,May,2018,514shannon,New Zealand,Oceania,female,1,1,female,76
581933496_20,Petra_POS_1387_20,She has written a book about her years in Petra and I remember reading the reviews years ago .,May,2018,May,2018,514shannon,New Zealand,Oceania,female,3,1,female,76
581933496_24,Petra_POS_1387_24,"Most of the shops , souks , restaurants were closed and would remain closed for this period , so bear that in mind when planning your trip .",May,2018,May,2018,514shannon,New Zealand,Oceania,female,1,1,female,76
581933496_28,Petra_POS_1387_28,"The site is kept very clean by the Bedouin , they are constantly sweeping up the horse , donkey and camel dung .",May,2018,May,2018,514shannon,New Zealand,Oceania,female,3,1,female,76
581933496_29,Petra_POS_1387_29,There are plenty of rubbish bins to place ones empty water bottles and rubbish .,May,2018,May,2018,514shannon,New Zealand,Oceania,female,1,1,female,76
581641840_10,Petra_POS_1389_10,"He was born and raised in a Bedouin tribe in the caves of Petra , speaks good English and very experienced with tourists .",May,2018,May,2018,OrnaKadish,Israel,Asia,male,3,1,female,7
578839945_6,Petra_POS_1442_6,There are plenty of shops to buy food and water plus dozens of souvenir stalls .,May,2018,May,2018,MikeR5303,Spain,Europe,male,1,1,male,69
576278668_1,Petra_POS_1491_1,It is of outstanding historical importance and dates back over 3000 years .,April,2018,April,2018,David H,United Kingdom,Europe,female,4,2,male,52
576241222_1,Petra_POS_1493_1,Walking in Petra is a unique experience that makes you feel like traveling back in time .,April,2018,April,2018,Theo_1990,Greece,Europe,male,3,1,male,5
572793561_1,Petra_POS_1562_1,This place is a wonder of the new world and truly does justice to the title .,April,2018,April,2018,Munu_munjal,India,Asia,female,4,2,male,6
569800005_1,Petra_POS_1628_1,The walk into this ancient city is as amazing as the city itself .,March,2018,March,2018,Shelly B,Afghanistan,Asia,male,4,2,female,6
569727537_7,Petra_POS_1631_7,"Sand stone formations , structures , colors , stories and the history associated makes this a worth and must visit !",March,2018,March,2018,Vanitha I,United Arab Emirates,Asia,male,4,2,female,74
568783781_3,Petra_POS_1646_3,"If you have leftover food and water , the stray dogs will greatly appreciate too .",February,2018,March,2018,Joena_17,Canada,North America,male,3,1,female,9
564166975_1,Petra_POS_1725_1,Inspired from the movie Indiana Jones we visited Petra and which was even more impressive in real life .,April,2017,March,2018,EliasZ_13,Peru,South America,female,3,1,male,9
560965407_9,Petra_POS_1765_9,It is a constant climb upwards over a mixture of slopes on rough ground and stairs .,February,2018,February,2018,Kay549,United Kingdom,Europe,male,1,1,female,52
560965407_13,Petra_POS_1765_13,"Do carry water , but there are plenty of places to buy during your visit .",February,2018,February,2018,Kay549,United Kingdom,Europe,male,2,0,female,52
555331240_1,Petra_POS_1847_1,it is hard to understand how this could have been built with such primitive tools .,September,2017,January,2018,Glenn B,Jordan,Asia,female,1,1,male,7
552855779_2,Petra_POS_1881_2,"During the mornings there are usually many people , in the afternoon there are fewer tourists , inside the area there are bars and refreshment points , and also a complete restaurant .",December,2017,January,2018,jamil c,Italy,Europe,female,1,1,male,57
547461208_1,Petra_POS_1957_1,"What can I say , spent 8 hrs exploring this magnificent place on foot , a must see historical site in Jordan , loved our time exploring this wonderful site .",December,2017,December,2017,peterFW2000,Australia,Oceania,male,4,2,male,5
547461208_3,Petra_POS_1957_3,Would recommend moderate fitness with lots of walking tracks & many steps .,December,2017,December,2017,peterFW2000,Australia,Oceania,male,3,1,male,5
542490358_11,Petra_POS_2014_11,"It was a fabled lost city until the 19th Century ( except to the Bedouin , of course , who still lived there ) .",November,2017,November,2017,Barry22260,United Kingdom,Europe,male,1,1,male,58
539044202_1,Petra_POS_2077_1,If your a lover of history / architecture / hikes please go here .,October,2017,November,2017,ElsbethvdV,Netherlands,Europe,female,2,0,female,5
538330830_1,Petra_POS_2082_1,"Petra lives up to its experience for its grandeur and beauty , With low tourist numbers there are plenty of opportunities for peace and solitude .",October,2017,November,2017,vit666,United Kingdom,Europe,male,3,1,male,99
536496380_2,Petra_POS_2102_2,On the way you see the starkness of the land as well as Bedouin camps and lots of camels .,March,2017,October,2017,John W,Australia,Oceania,male,2,0,male,91
532674316_2,Petra_POS_2136_2,"Then add a Roman city , and 5 th century church .",October,2017,October,2017,Tom P,United Kingdom,Europe,male,2,0,male,8
530319205_1,Petra_POS_2162_1,The site is a dream for anyone interested in history or geology !,October,2017,October,2017,JimmyD_8,United Kingdom,Europe,male,3,1,male,68
530319205_2,Petra_POS_2162_2,"Good facilities on site even if a bit over priced , particularly the Crowne Plaza venues .",October,2017,October,2017,JimmyD_8,United Kingdom,Europe,male,1,1,male,68
530319205_4,Petra_POS_2162_4,"Secondly , the horses , donkeys etc are often subjected to quite bad treatment .",October,2017,October,2017,JimmyD_8,United Kingdom,Europe,male,1,1,male,68
528914178_1,Petra_POS_2175_1,"This place teams with so much history , this place should be on everyones list when travelling in this region of the world .",September,2017,October,2017,Matt_Mehl,Australia,Oceania,male,1,1,male,82
528914178_9,Petra_POS_2175_9,Try and sit with the Bedouin people in one of their camps and enjoy a Tea with them .,September,2017,October,2017,Matt_Mehl,Australia,Oceania,male,3,1,male,82
526028519_2,Petra_POS_2195_2,"It is an extensive city-site situated in a cleft in the rocks and covers a period 300-200 BC to about 300 AD , There are multitudinous rock-hewn tombs , a vast amphitheatre , colonnaded streets , amazing climbs and views and a great sense of history .",September,2017,September,2017,Peter D,United Kingdom,Europe,male,4,2,male,7
519716738_6,Petra_POS_2246_6,I bet you will totally fall in love with this beautiful lost city .,August,2017,August,2017,Addy_Milestogo,India,Asia,male,3,1,male,5
517246218_4,Petra_POS_2257_4,The view was amazing and the local ( Bedouin ) were so nice to us .,July,2017,August,2017,LAMIA R,United Arab Emirates,Asia,female,3,1,female,6
514079605_4,Petra_POS_2271_4,"Bring water , but do not drink too much as the toilets are not pleasant .",August,2017,August,2017,DijanaD,Australia,Oceania,female,1,1,female,76
493420380_1,Petra_POS_2389_1,This was an amazing experience and something out of this world .,June,2017,June,2017,KirillOussov,South Africa,Africa,male,3,1,male,50
493420380_10,Petra_POS_2389_10,"The way the caves are made , exposes the natural beauty of the rock , and the ceilings of the caves look like they were crafted .",June,2017,June,2017,KirillOussov,South Africa,Africa,male,3,1,male,50
491252816_1,Petra_POS_2418_1,"Petra s simply amazing , the whole city is one of the most interesting pieces of history I have ever discovered .",May,2017,June,2017,RickSlash,Mexico,North America,male,3,1,male,8
490243581_1,Petra_POS_2433_1,"What an unbelievable , outstanding world class archaeological site this wonderful place this .",June,2017,June,2017,88Georgina,United Arab Emirates,Asia,male,3,1,female,87
490243581_7,Petra_POS_2433_7,They were beaten with sticks and in some cases looked half starved .,June,2017,June,2017,88Georgina,United Arab Emirates,Asia,male,1,1,female,87
490243581_8,Petra_POS_2433_8,They were tied up in the bright sunlight and none seemed to be given food or water .,June,2017,June,2017,88Georgina,United Arab Emirates,Asia,male,1,1,female,87
490243581_9,Petra_POS_2433_9,"The camels seemed much better treated though they were beaten with sticks as well , at times .",June,2017,June,2017,88Georgina,United Arab Emirates,Asia,male,1,1,female,87
488194390_2,Petra_POS_2456_2,Each meter walked left me breathless in front of the majesty of the buildings in the lost city .,May,2017,May,2017,RobertoCarlosS1,Mexico,North America,female,1,1,male,5
487469461_2,Petra_POS_2474_2,His photographic skills was excellent and we were able to some very photogenic pictures .,May,2017,May,2017,OliviaLuong,Canada,North America,male,3,1,female,5
483706678_2,Petra_POS_2516_2,"There are toilets , some tents selling drinks , small bites .",May,2017,May,2017,Krisztian P,United Arab Emirates,Asia,male,1,1,male,53
481364755_4,Petra_POS_2555_4,This is the desert of Lawrence of Arabia - wild and rugged and exceptionally beautiful .,May,2017,May,2017,SimonT692,Australia,Oceania,male,3,1,male,74
481364755_9,Petra_POS_2555_9,The site itself is spectacular and the surrounding views over the wadis are breathtaking .,May,2017,May,2017,SimonT692,Australia,Oceania,male,3,1,male,74
479533811_2,Petra_POS_2593_2,Petra was unbelievable and photos will not do justice for the unforgettable experience and millennia of culture .,April,2017,April,2017,EliasZ_13,Peru,South America,male,1,1,male,9
479084545_10,Petra_POS_2601_10,There were a lot of candles at the treasury and there was arabic music .,April,2017,April,2017,lisa z,United Arab Emirates,Asia,female,1,1,female,6
477780505_1,Petra_POS_2622_1,"No words to describe this ancient achievement Its trully a hole city standing there in the middle of the dessert , through the canyons It worth it all the way , The only thing i did not like is that the entrance fee is 50 jod / 70 e Also there are many people there that use horses , donkeys and camels for carrying people Finally there are many children there selling things that should be at schools .",April,2017,April,2017,nick_kout,Greece,Europe,male,2,0,male,55
477310872_3,Petra_POS_2627_3,"Definitely take a hat , as it is hotter there than the weather forecast with very little shade .",April,2017,April,2017,Caro397,Germany,Europe,female,1,1,female,96
476853039_3,Petra_POS_2634_3,Poor animals are being beaten and forced to climb to carry fat and lazy tourists .,April,2017,April,2017,Dorota100,United Arab Emirates,Asia,male,1,1,female,8
475966274_8,Petra_POS_2652_8,I also saw too many donkeys eating garbage and are chewing the plastic baskets .,April,2017,April,2017,Kit_McMahon,Australia,Oceania,male,1,1,male,84
475849550_5,Petra_POS_2656_5,"He pointed out the sophisticated water system , the inscriptions , carvings and Roman structures .",April,2017,April,2017,992anno,Qatar,Asia,male,3,1,male,59
470874011_2,Petra_POS_2744_2,Personally I found the Bedouin vendors a little annoying but on the positive you really do not need to take many provisions as most major sights will have someone selling snacks and drinks .,March,2017,March,2017,SonyGH,Netherlands,Europe,male,1,1,male,6
470874011_8,Petra_POS_2744_8,Otherwise it was splendid seeing this world heritage treasure not to be missed .,March,2017,March,2017,SonyGH,Netherlands,Europe,male,3,1,male,6
468172903_2,Petra_POS_2778_2,"Take plenty of sunscreen , a hat , decent walking shoes and water .",October,2016,March,2017,Fin_tastic_Flyer,United Kingdom,Europe,male,3,1,male,79
459490315_1,Petra_POS_2866_1,"Well done Jordan for the maintenance and upkeep of the site - clean , well organized , secure .",December,2016,February,2017,Ilana73,Israel,Asia,male,3,1,female,7
459111778_2,Petra_POS_2869_2,"You need comfy shoes to hike up and light food , snacks or drinks for great eats .",February,2017,February,2017,Alfred O,United Arab Emirates,Asia,female,3,1,male,84
458228514_4,Petra_POS_2881_4,"Upon standing in front of the entrance , it all felt so surreal and makes one wonder how such a beauty could stay intact for so many centuries .",December,2016,February,2017,Ernest_Ee_sg,Singapore,Asia,male,3,1,male,53
458228514_5,Petra_POS_2881_5,"Although visitors are not allowed inside the Treasury , there are many interesting sites to walk to beyond the Treasury with many local vendors selling their local produce .",December,2016,February,2017,Ernest_Ee_sg,Singapore,Asia,male,1,1,male,53
456946412_4,Petra_POS_2890_4,"All the people working in the site are Bedouin and they love in a town specially built for them , just above the site .",February,2017,February,2017,LucilleYv,Israel,Asia,female,3,1,female,9
456946412_6,Petra_POS_2890_6,"You can not imagine how they were built , with such precision , so long ago .",February,2017,February,2017,LucilleYv,Israel,Asia,female,1,1,female,9
456946412_10,Petra_POS_2890_10,Also there are lots of children trying to sell you all the normal touristy items .,February,2017,February,2017,LucilleYv,Israel,Asia,female,2,0,female,9
456946412_11,Petra_POS_2890_11,"Apart from this , it is an extraordinary place to visit .",February,2017,February,2017,LucilleYv,Israel,Asia,female,3,1,female,9
455353853_1,Petra_POS_2904_1,The beauty of the place and the presence of past cultures is unsurpassed .,January,2017,January,2017,Margaret C,United Kingdom,Europe,female,3,1,female,9
453841548_4,Petra_POS_2912_4,"We rode horses , climbed hills , chatted with Bedouins and drank coffee .",January,2017,January,2017,LuckyTravelerRonaldo,Australia,Oceania,male,1,1,male,80
451160204_4,Petra_POS_2946_4,"Our enjoyment was boundless , the remnants of the terracotta water supply pipework were small but just so impressive - running water before the Romans .",November,2016,January,2017,1victor,Australia,Oceania,male,1,1,male,94
449921854_1,Petra_POS_2963_1,One can see the actual scene which we have refered in History Text books ( Indian Syllabus ) .,January,2017,January,2017,Ajay_Ankita,India,Asia,male,1,1,male,54
447289265_1,Petra_POS_2995_1,"it is incredible place to see , to feel , to imagine , to visit .",October,2016,December,2016,Damira F,Kazakhstan,Asia,female,4,2,female,9
446495475_9,Petra_POS_3005_9,It is the story of how a New Zealand born nurse came to be married to Mohammad Abdallah Othman a Bedouin souvenir seller who lived in the caves .,September,2016,December,2016,Jo_Rose_Gum,Australia,Oceania,male,1,1,female,96
446495475_10,Petra_POS_3005_10,One of our guide who too lived in one of the caves before being resettled into nearby villages showed us their cave .,September,2016,December,2016,Jo_Rose_Gum,Australia,Oceania,male,2,0,female,96
446495475_11,Petra_POS_3005_11,Marguierite runs a small business souvenir shop assisting the locals be financially independent .,September,2016,December,2016,Jo_Rose_Gum,Australia,Oceania,male,1,1,female,96
446495475_14,Petra_POS_3005_14,"( Comfortable shoes , hat , cool clothing are necessary ) .",September,2016,December,2016,Jo_Rose_Gum,Australia,Oceania,male,3,1,female,96
446495475_15,Petra_POS_3005_15,There are shops and rustic cafes along the way and souvenir sellers on every corner .,September,2016,December,2016,Jo_Rose_Gum,Australia,Oceania,male,3,1,female,96
442910408_15,Petra_POS_3043_15,A mint lemon drink at any of the cafes will definately revive you .,November,2016,December,2016,caj68,United Kingdom,Europe,male,3,1,male,69
442910408_16,Petra_POS_3043_16,"We explored the High Place of Sacrifice , Byzantine Church , Street of Facades , Royal Tombs and lots of lounging time at The Treasury .",November,2016,December,2016,caj68,United Kingdom,Europe,male,1,1,male,69
439018521_1,Petra_POS_3102_1,This place was stunning and exactly what I hope it would be .,November,2016,November,2016,AdamWinnipeg,Canada,North America,male,4,2,male,54
436375559_4,Petra_POS_3135_4,He spoke excellent English and gave a great introduction to the site .,October,2016,November,2016,Marty C,Canada,North America,male,3,1,male,57
436375559_7,Petra_POS_3135_7,Going up to high place from the Street of Facades the trail was in good shape .,October,2016,November,2016,Marty C,Canada,North America,male,2,0,male,57
432696352_2,Petra_POS_3183_2,"Its an amazing site , how in the middle of a desert a city existed all the tombs and houses in the rocks and hills , the almost disappeared religion and language .",October,2016,October,2016,abhi2001_10,India,Asia,male,3,1,male,80
432481428_3,Petra_POS_3188_3,"In reality that is being kind , i can not imagine this kingdom having created this wonderment .",October,2016,October,2016,Sam K,Canada,North America,male,1,1,female,84
429459960_5,Petra_POS_3230_5,Great for marketing but it takes away the historical atmosphere of the place .,August,2016,October,2016,Lucie_KU,United Arab Emirates,Asia,male,3,1,female,51
428730090_2,Petra_POS_3238_2,"Whilst there are hawkers , merchants and lots of cafes , there are horses , mules , camels and donkeys as transport .",October,2016,October,2016,Steve32Yorkshire,United Kingdom,Europe,male,1,1,male,81
428112031_8,Petra_POS_3245_8,I also recommend bringing a packed lunch and plenty of water as prices inside are steep .,October,2016,October,2016,Meghan R,United Kingdom,Europe,female,3,1,female,8
426959549_1,Petra_POS_3259_1,The Ancient City of Petra is breathtaking and a must-see destination .,October,2016,October,2016,Girlinacity,United Kingdom,Europe,male,3,1,female,9
426959549_8,Petra_POS_3259_8,It was such an incredible experience and something like nothing I have ever done before .,October,2016,October,2016,Girlinacity,United Kingdom,Europe,male,3,1,female,9
409799933_10,Petra_POS_3375_10,We are lunch at the basin restaurant in Petra which was ok .,August,2016,August,2016,LucyCP,United Kingdom,Europe,male,1,1,female,85
397612057_1,Petra_POS_3433_1,"It brought me back to the ancient times , full of mystery .",April,2016,July,2016,Donny H,United Arab Emirates,Asia,male,3,1,male,50
397612057_3,Petra_POS_3433_3,"Many taxis offered by local people ( camels , donkeys and horse carts many kids were selling souvenirs but they did not disturb further once got rejected .",April,2016,July,2016,Donny H,United Arab Emirates,Asia,male,1,1,male,50
391803638_1,Petra_POS_3472_1,"visiting Petra was a dream came true to me , this site is just mesmerizing , a must visit whenever you are in Jordan !",April,2016,July,2016,Marwa E,Egypt,Africa,male,3,1,female,99
390361974_5,Petra_POS_3486_5,Mr Mohamed our guide took us through the beauty and the stories of Petra .,July,2016,July,2016,SimoRupy,Italy,Europe,male,3,1,male,8
387977794_1,Petra_POS_3503_1,It is truly a place that needs to be experienced to understand it .,January,2016,July,2016,Kraig A,United States,North America,male,3,1,male,8
387977794_5,Petra_POS_3503_5,"There are several paths and hikes that reveal some of the lesser known , yet magnificent spaces of the site .",January,2016,July,2016,Kraig A,United States,North America,male,3,1,male,8
378043129_1,Petra_POS_3600_1,The rocks are beautifully carved and the history is just exhilarating .,May,2016,May,2016,Jennylyn C,Saudi Arabia,Asia,male,3,1,female,5
370370143_1,Petra_POS_3684_1,Naturally to visit such an iconic natural wonder of the modern world is a fantastic experience but be prepared for constant hassle you receive .,May,2016,May,2016,Lee_Melbourn,United Kingdom,Europe,male,3,1,male,590
370370143_3,Petra_POS_3684_3,There are lots of young children trying to sell you postcards .,May,2016,May,2016,Lee_Melbourn,United Kingdom,Europe,male,3,1,male,590
370370143_6,Petra_POS_3684_6,"There are plenty of places to stop and rest , plus get a drink on the way .",May,2016,May,2016,Lee_Melbourn,United Kingdom,Europe,male,3,1,male,590
368958032_5,Petra_POS_3703_5,"Words do not do justice to this beautiful , awe inspiring , amazing site .",April,2016,April,2016,Daniel P,Jordan,Asia,male,3,1,male,59
368958032_8,Petra_POS_3703_8,We stopped often with our nearly 4yo in the many cafe along the route .,April,2016,April,2016,Daniel P,Jordan,Asia,male,1,1,male,59
368958032_9,Petra_POS_3703_9,April was cooler than the heat of summer so take plenty of water and snacks for hot and tired children .,April,2016,April,2016,Daniel P,Jordan,Asia,male,2,0,male,59
367654461_3,Petra_POS_3716_3,6 ) Relax and enjoy - it is surreal and beautiful despite the sweat and climbing and pooping Donkeys .,April,2016,April,2016,Anita W,Jordan,Asia,male,3,1,female,6
366820327_2,Petra_POS_3729_2,Go with a guide so that the fascinating history can be part of the overall experience .,June,2015,April,2016,Dave T,Canada,North America,male,3,1,male,61
364355146_1,Petra_POS_3753_1,"Not only the immense carvings , the tombs & the amphitheater but the enormity of vision & immense skill & craftsmanship of people that lived 1000's of years ago .",April,2016,April,2016,186334Chris,United Kingdom,Europe,male,3,1,male,55
361712828_1,Petra_POS_3788_1,"One of the most amazing landscapes ever , maybe Indiana Jones has something to say here .",May,2015,April,2016,Nacho C,Germany,Europe,female,3,1,male,9
361712828_2,Petra_POS_3788_2,"But anyways , it is fascinating to walk accross these stones , this fronts , what astonished architecture !",May,2015,April,2016,Nacho C,Germany,Europe,female,3,1,male,9
361508461_2,Petra_POS_3791_2,The views are truely amazing and breathtaking and once again amazing .,April,2016,April,2016,VonRotbart,Greece,Europe,male,4,2,male,59
361508461_9,Petra_POS_3791_9,"Plenty of water is a must , snacks are highly advisable as well .",April,2016,April,2016,VonRotbart,Greece,Europe,male,1,1,male,59
361508461_10,Petra_POS_3791_10,"Fourth , there is plenty of stands that sell local jewelry , postcards , camel rides and such .",April,2016,April,2016,VonRotbart,Greece,Europe,male,3,1,male,59
359196762_1,Petra_POS_3811_1,"It does not only consist of the magnificent Treasury building , but a whole ancient city .",March,2016,March,2016,Melissa B,Australia,Oceania,male,1,1,female,9
358641519_1,Petra_POS_3815_1,Highly recommended for history lovers and people who have a love for architecture .,March,2016,March,2016,RaviSpelledAsRavi,United Arab Emirates,Asia,female,3,1,male,8
358641519_3,Petra_POS_3815_3,Petra by Night is a show organized by the center with a local cultural event and Bedouin music .,March,2016,March,2016,RaviSpelledAsRavi,United Arab Emirates,Asia,female,4,2,male,8
354544094_1,Petra_POS_3866_1,To see what has been carved out of the living rock - not constructed from cut blocks - is an incredible experience and so worth the effort of getting there .,November,2015,March,2016,RealYstyck,United Kingdom,Europe,male,3,1,male,56
338943704_3,Petra_POS_4009_3,There are toilets at the treasury and also coffee and snacks .,January,2016,January,2016,Wendy120,Australia,Oceania,female,3,1,female,58
338817206_3,Petra_POS_4012_3,it is a must see for anyone with a passing interest in world-history and the current state of the middle-east .,January,2016,January,2016,John T,Australia,Oceania,male,3,1,male,8
338817206_5,Petra_POS_4012_5,This is great for current tourists - there is minimal queuing and even the hot-spots like Petra are uncrowded .,January,2016,January,2016,John T,Australia,Oceania,male,1,1,male,8
338817206_14,Petra_POS_4012_14,"The service is good , but the rooms and facilities are very tired Unfortunately , not all the decrepitude can be attributed to a struggling tourism-dependant economy .",January,2016,January,2016,John T,Australia,Oceania,male,1,1,male,8
338817206_16,Petra_POS_4012_16,The Dead Sea is a plastic soup and the Red Sea shore ( and every site we visited ) littered with every kind of refuse .,January,2016,January,2016,John T,Australia,Oceania,male,3,1,male,8
336358871_4,Petra_POS_4043_4,"You can buy tea , coffee and simple sandwiches at various points and there are clean lavatories , too .",December,2015,January,2016,Amanda B,United Kingdom,Europe,female,1,1,female,79
336052562_1,Petra_POS_4046_1,Petra is an amazing and incredibly beautiful historical site well worth a visit .,September,2015,December,2015,KerstinML,Australia,Oceania,male,4,2,female,8
336052562_2,Petra_POS_4046_2,"It spans a fairly large area with the various points of interest quite a distance apart , and the hike is over a mix of sand , gravel and rocky paths so wear comfortable shoes and bring lots of water !",September,2015,December,2015,KerstinML,Australia,Oceania,male,4,2,female,8
336052562_4,Petra_POS_4046_4,There are a few places selling snacks / food and beverages along the way if you get hungry .,September,2015,December,2015,KerstinML,Australia,Oceania,male,1,1,female,8
335705402_7,Petra_POS_4051_7,There are plenty places for snacks and drinks - we took our own food and stopped for drinks .,December,2015,December,2015,Shiona D,United Kingdom,Europe,male,1,1,female,6
335649969_1,Petra_POS_4053_1,"Once we enter Petra area , there is a lot of houses and banks .",December,2015,December,2015,Noor711,Singapore,Asia,male,3,1,female,63
335649969_2,Petra_POS_4053_2,it is like a small town but in a big area .,December,2015,December,2015,Noor711,Singapore,Asia,male,2,0,female,63
335649969_3,Petra_POS_4053_3,there is shop selling souvenirs and food at the main entrance .,December,2015,December,2015,Noor711,Singapore,Asia,male,2,0,female,63
335649969_8,Petra_POS_4053_8,it is like the place just came out from a story book .,December,2015,December,2015,Noor711,Singapore,Asia,male,2,0,female,63
326190170_4,Petra_POS_4165_4,Some good bargains are available at the various stalls though be aware of locals selling apparent artifacts .,October,2015,November,2015,Brian L,United Kingdom,Europe,male,3,1,male,53
318275780_8,Petra_POS_4288_8,Refreshments and relatively well cleaned toilet facilities are available throughout the site .,September,2015,October,2015,tinka29,United Kingdom,Europe,female,1,1,female,64
318275780_9,Petra_POS_4288_9,"I have to mention that the locals treatment of animals ( donkeys , horses and camels ) is highly , highly !",September,2015,October,2015,tinka29,United Kingdom,Europe,female,1,1,female,64
318275780_12,Petra_POS_4288_12,"Guide books and signs ask visitors to be respectful of the monuments , not to litter and use the toilet facilities provided .",September,2015,October,2015,tinka29,United Kingdom,Europe,female,1,1,female,64
318275780_14,Petra_POS_4288_14,The only littering we witnessed was perpetrated by the stall keepers and a group of local people celebrating Eid .,September,2015,October,2015,tinka29,United Kingdom,Europe,female,1,1,female,64
318275780_15,Petra_POS_4288_15,"Thankfully the site is cleaned regularly , otherwise you would end up dodging animal excrement instead of sightseeing .",September,2015,October,2015,tinka29,United Kingdom,Europe,female,1,1,female,64
317522363_3,Petra_POS_4302_3,"Its a magical experience , takes you to an enchanted world .",August,2015,October,2015,Kushal2687,United Arab Emirates,Asia,male,4,2,male,89
317522363_15,Petra_POS_4302_15,"5 ) Restaurants in the complex and overall in Petra are expensive , so try to pack some sandwiches / biscuits for your trek .",August,2015,October,2015,Kushal2687,United Arab Emirates,Asia,male,1,1,male,89
317522363_16,Petra_POS_4302_16,Water bottles are not that expensive and close to market rate .,August,2015,October,2015,Kushal2687,United Arab Emirates,Asia,male,2,0,male,89
317044942_1,Petra_POS_4306_1,Every inch of its rock-cut architecture makes you wonder how it was constructed about 2000 years ago and how it would feel to live in a city like this today if it was not destroyed in an earthquake .,September,2015,October,2015,SoumyaSubbireddy,India,Asia,female,1,1,male,7
315769017_1,Petra_POS_4322_1,Everything you have heard is true Petra is a fantastic and beautiful ruin well worth visiting .,September,2015,October,2015,LoriRNYC,United Arab Emirates,Asia,male,4,2,female,75
314217789_2,Petra_POS_4352_2,And truly worth the 800 odd steps both ways to the Monastry rest up at the top and enjoy a cool lemon and mint drink !,September,2015,September,2015,HELEN F,Australia,Oceania,male,4,2,female,7
313709383_11,Petra_POS_4361_11,Throughout the Petra Historical Site there are maps showing where you are & what you are near .,September,2015,September,2015,MarcoMarsh,Germany,Europe,male,1,1,male,54
313709383_14,Petra_POS_4361_14,There are many hiking options around the Petra Historical Site many of which scale some of the nearby hills and mountains overlooking the ruins .,September,2015,September,2015,MarcoMarsh,Germany,Europe,male,1,1,male,54
313709383_20,Petra_POS_4361_20,Finding places to eat and drink proved very challenging in Petra .,September,2015,September,2015,MarcoMarsh,Germany,Europe,male,2,0,male,54
313709383_21,Petra_POS_4361_21,"There are small cafes & shaded eating areas scattered across the site but disappointingly each place seemed to offer very little ( tea , overpriced cheese sandwiches , sketchy pot noodles ) .",September,2015,September,2015,MarcoMarsh,Germany,Europe,male,1,1,male,54
313709383_22,Petra_POS_4361_22,The only decent places to eat were the restaurants near the start of the Monastery trek in the middle of the site .,September,2015,September,2015,MarcoMarsh,Germany,Europe,male,1,1,male,54
313709383_23,Petra_POS_4361_23,Both these restaurants only serve buffet lunches - no set menu .,September,2015,September,2015,MarcoMarsh,Germany,Europe,male,1,1,male,54
313709383_29,Petra_POS_4361_29,Tourism in Jordan & particularly Petra is facing some hardship but grace and manners appeared to be lacking from some vendors !,September,2015,September,2015,MarcoMarsh,Germany,Europe,male,1,1,male,54
313709383_36,Petra_POS_4361_36,There are also plenty of chances for photos at the Treasury .,September,2015,September,2015,MarcoMarsh,Germany,Europe,male,3,1,male,54
308798763_1,Petra_POS_4411_1,"It was very hot there , but attractive views captured all the attention , I wonder how long people made this caves ( appartments in the past great work and spectacular views !",August,2015,September,2015,Elena G,Russian Federation,Europe,male,4,2,female,5
303119710_1,Petra_POS_4451_1,"The history , design and beauty of Petra can not be described in words , as the do not do it justice .",August,2015,August,2015,Peter M,Singapore,Asia,male,1,1,male,90
303119710_3,Petra_POS_4451_3,"We have lost so much knowledge and skill during our life , and Petra remains a beacon of beauty and inspiration .",August,2015,August,2015,Peter M,Singapore,Asia,male,3,1,male,90
302537963_1,Petra_POS_4455_1,"It is great to see it it again after 29 years , many new archaeological discoveries .",August,2015,August,2015,BeateJ50,Switzerland,Europe,male,3,1,female,95
299735183_8,Petra_POS_4473_8,There a little shops where you can sit and drink cool drinks scattered along the place and toilets .,August,2015,August,2015,Johannes B,South Africa,Africa,male,1,1,male,59
298406121_2,Petra_POS_4484_2,"The beduins who live there sell a lot of stuff , postals , drinks , junk , decorated snd bottles , trinkets , etc , but the best about this place are the buildings carved out off the walls .",August,2015,August,2015,Luis d,Spain,Europe,male,1,1,male,5
295940773_4,Petra_POS_4496_4,"The vendors inside the site ( restaurants , coffee shops ) are on the expensive side as expected , so be prepared with water and snacks if you are spending the day in Petra .",July,2015,August,2015,EfiGrous,Greece,Europe,male,1,1,female,7
295940773_6,Petra_POS_4496_6,"The coffee shop there is quite nice as well , built in a cave with relaxing pillows and view to the monastery .",July,2015,August,2015,EfiGrous,Greece,Europe,male,3,1,female,7
283508544_2,Petra_POS_4583_2,"Amazing what they did so long ago , Drink lots of water !",June,2015,June,2015,BlueToesTravel,Thailand,Asia,male,3,1,male,64
278308980_1,Petra_POS_4643_1,"Hidden ancient city , in the southern Jordan , is famous for its rock-cut architecture and water conduit system .",July,2014,June,2015,Melina B,United Arab Emirates,Asia,male,1,1,female,68
278308980_6,Petra_POS_4643_6,"There is a small let call it coffe shop that has direct view to the Khazneh so , one can sit , relax and enjoy .",July,2014,June,2015,Melina B,United Arab Emirates,Asia,male,3,1,female,68
271889195_1,Petra_POS_4729_1,"HOWEVER , be warned , especially if you are women travellers without any males , the hawkers are UNBEARABLE and ( regardless of your sex ) the garbage littered around is disgusting .",March,2015,May,2015,jille86,Canada,North America,female,1,1,male,7
270024054_2,Petra_POS_4749_2,"There are about 800 monuments , located in a breathtaking area .",April,2015,May,2015,Tissa010,Netherlands,Europe,male,3,1,female,94
269633763_2,Petra_POS_4759_2,vendors inside the Petra complex ( I am not sure whether this is good or not to the value of the place ) .,April,2015,May,2015,Paul S,Indonesia,Asia,male,2,0,male,80
269608296_3,Petra_POS_4760_3,Lots of little gift stalls but the sellers are not too pushy .,April,2015,May,2015,Fillipos,United Kingdom,Europe,male,1,1,male,61
264994592_2,Petra_POS_4832_2,Never knew it was so huge and filled with so much history !,April,2015,April,2015,RahulRanjit,India,Asia,male,2,0,male,58
264689445_6,Petra_POS_4839_6,The visitors centre is free and well worth visiting to read through the history of the site and people who lived there - better than the exhibition at Jordan Museum in Amman .,April,2015,April,2015,JamieHerts,United Kingdom,Europe,male,3,1,male,90
262971770_1,Petra_POS_4874_1,"Petra us the most amazing and breathtaking place , just unbelievable .",April,2014,April,2015,Josie1942,Canada,North America,male,3,1,female,8
261076076_2,Petra_POS_4901_2,"there is A LOT of walking and hiking , so be prepared .",February,2015,March,2015,Robyn77,Republic of Korea,Asia,male,1,1,female,5
260586489_2,Petra_POS_4909_2,Dress for lot of walking as best way to absorb the wonder and relive the history .,September,2014,March,2015,Stan H,South Africa,Africa,male,3,1,male,8
254810708_1,Petra_POS_4978_1,Petra is a huge city that is carved in pink rock mountains thousands of years ago .,February,2015,February,2015,Murad A,Jordan,Asia,male,3,1,male,7
252392369_7,Petra_POS_5007_7,"Petra is spiritual , amazing and wonderful in its grandeur of ancient magnificence .",January,2015,February,2015,Marguerite B,South Africa,Africa,male,4,2,female,5
252392369_12,Petra_POS_5007_12,Please make sure to have good and comfortable walking shoes as the road is sandy and rocky at times .,January,2015,February,2015,Marguerite B,South Africa,Africa,male,2,0,female,5
251989215_6,Petra_POS_5010_6,Petra was full of people like this - all very friendly offering us complimentary tea .,February,2015,January,2015,rozeenao,United Kingdom,Europe,male,3,1,female,59
251989215_7,Petra_POS_5010_7,Of course there are the usual hawkers over pricing for tourists however these were few .,February,2015,January,2015,rozeenao,United Kingdom,Europe,male,1,1,female,59
251989215_10,Petra_POS_5010_10,One word of warning though is beware of accompanying any of the Bedouins back to visit their homes in the caves .,February,2015,January,2015,rozeenao,United Kingdom,Europe,male,1,1,female,59
251989215_11,Petra_POS_5010_11,After Petra we visited Wadi Rum the real Bedouins there again spoke of some people working in Petra claiming to Bedouins but were not .,February,2015,January,2015,rozeenao,United Kingdom,Europe,male,1,1,female,59
246787010_1,Petra_POS_5091_1,"Scale , contrast , subtly , system , romantic , powerful , colourful and dramatic .",January,2015,January,2015,Brandon1968,United Kingdom,Europe,male,3,1,male,53
245630585_2,Petra_POS_5115_2,"there are plenty of shops outside the site so going in bring food , water , a hat , sunblock and good shoes / boots , there are restaurants / cafes but you could find yourself quite a long way from one as wandering off the beaten track is a great idea .",December,2014,December,2014,Bennie_Hero_McCool,United Kingdom,Europe,male,1,1,male,61
245630585_6,Petra_POS_5115_6,Please feel free to message me with questions about this historical site .,December,2014,December,2014,Bennie_Hero_McCool,United Kingdom,Europe,male,2,0,male,61
245228654_1,Petra_POS_5119_1,At present the country of Jordan is shy of tourists because of the situation in the Middle East .,December,2014,December,2014,Ron B,United Kingdom,Europe,male,1,1,male,6
244275398_14,Petra_POS_5135_14,"It was a great way to see Petra , giving us an overview of the history and context of the city thousands of years old on the Spice Road through the desert to and from China .",January,2014,December,2014,Ned R,United States,North America,female,3,1,male,7
244275398_22,Petra_POS_5135_22,"Unlike national parks and monuments in the US , vendors of all sorts are allowed in the actual site , so be prepared for an onslaught of offers for coffees , teas , trinkets , donkey , camel and buggy rides throughout the site .",January,2014,December,2014,Ned R,United States,North America,female,1,1,male,7
242872311_9,Petra_POS_5148_9,"There are clean loos , built into the rocks so look up at the ceiling !",December,2014,December,2014,AlisonAmahl,United Kingdom,Europe,female,3,1,female,53
242872311_10,Petra_POS_5148_10,The freshly squeezed lemon and mint drinks are a life saver and most cafs have seating with views .,December,2014,December,2014,AlisonAmahl,United Kingdom,Europe,female,3,1,female,53
242872311_12,Petra_POS_5148_12,Bear in mind there are no loos up there despite the excellent caf with a magnificent view .,December,2014,December,2014,AlisonAmahl,United Kingdom,Europe,female,3,1,female,53
241699856_4,Petra_POS_5170_4,"Our guide , Shuayb , was funny , knowledgeable , kind and generous .",November,2014,November,2014,Mary L,United States,North America,male,4,2,female,58
241406259_2,Petra_POS_5176_2,On the way there are a lot of local shops with souvenirs which are expensive .,,,November,2014,Ziba V,Azerbaijan,Asia,male,1,1,female,9
237844055_2,Petra_POS_5243_2,Drinks inside were good value for where they were and very welcome .,October,2014,November,2014,AnneR453,United Kingdom,Europe,male,3,1,female,6
237844055_3,Petra_POS_5243_3,We found a sandwich for lunch but what a fantastic place to sit and eat it ( and the shaded seat was needed ) .,October,2014,November,2014,AnneR453,United Kingdom,Europe,male,3,1,female,6
237844055_6,Petra_POS_5243_6,"The Bedouins who run the stalls , donkeys , camels and refreshments helped to make the visit easier and fun they did not hassle you .",October,2014,November,2014,AnneR453,United Kingdom,Europe,male,1,1,female,6
236130449_1,Petra_POS_5282_1,"The size and scale of the place can not be understood on TV or in the books , only when you visit it firsthand can you fully understand the magnitude and what an amazing feat The Nabataeans did over 2000 years ago .",October,2014,October,2014,Glen W,Australia,Oceania,male,1,1,male,90
236130449_8,Petra_POS_5282_8,There are horses and donkeys everywhere inside and they can take you for a ride anywhere .,October,2014,October,2014,Glen W,Australia,Oceania,male,3,1,male,90
235982660_6,Petra_POS_5284_6,There are many people offering their horses / donkeys once you are in area .,October,2014,October,2014,Nurul L,Turkey,Asia,female,3,1,female,66
233933385_2,Petra_POS_5319_2,"It is incredible , awe inspiring , brilliant , amazing ( get the picture ) .",September,2014,October,2014,RobParker,United Kingdom,Europe,male,4,2,male,56
233848238_3,Petra_POS_5323_3,We really liked the way that our food was shared with the bedouin people and that the sense of caring for others was natural .,February,2014,October,2014,syd7374,Australia,Oceania,male,3,1,male,52
232835731_1,Petra_POS_5349_1,My friends and I were absolutely in awe of this place .,April,2014,October,2014,SheHeartsEarth,United Kingdom,Europe,male,3,1,male,64
231156381_4,Petra_POS_5371_4,"Magical , wonderful , amazing , magnificent , could not describe more my feeling , I will remember my visit all my life .",June,2014,September,2014,Pepe_masa,Bahrain,Asia,male,3,1,male,91
229671867_1,Petra_POS_5386_1,"Petra is truly amazing , and a once in a lifetime experience .",December,2013,September,2014,1987Stella1987,Canada,North America,male,3,1,female,76
227793310_1,Petra_POS_5403_1,We arranged for a guide which was wonderful as he explained all the history and really brought the area to life .,March,2014,September,2014,MargotE392,Australia,Oceania,male,3,1,female,80
227793310_2,Petra_POS_5403_2,He also explained all the geological features and also the reclamation of the site and what they are doing with it still .,March,2014,September,2014,MargotE392,Australia,Oceania,male,1,1,female,80
227006465_6,Petra_POS_5416_6,"There is a place to rest and buy drinks and sandwiches in front of the monastery ( fresh orange juice , mint tea and lemonade with mint , apart from the usual ) .",September,2014,September,2014,CristinaLM,Portugal,Europe,female,3,1,female,72
218070210_1,Petra_POS_5506_1,The whole site is slightly overlooked and some of the caves are full of rubbish .,July,2014,July,2014,Cesare_Londra,United Arab Emirates,Asia,female,1,1,male,63
215111471_5,Petra_POS_5536_5,Looks like the Western culture must have touched this area before retreating back .,August,2013,July,2014,CharnP_13,Thailand,Asia,female,3,1,male,806
210727542_5,Petra_POS_5603_5,Remember to enjoy a lemon juice with mint at the cafe in front of the monastery .,June,2014,June,2014,Ettore P,Portugal,Europe,male,3,1,male,71
209025144_2,Petra_POS_5634_2,"Even though the buggies and donkeys add character and provide a service for those less mobile , the poor animals are not treated very well .",May,2014,June,2014,TerryY43,Australia,Oceania,male,1,1,male,56
209025144_5,Petra_POS_5634_5,Plenty of toilets and food ( if you are game ) and drink shops along the way .,May,2014,June,2014,TerryY43,Australia,Oceania,male,1,1,male,56
207284343_1,Petra_POS_5669_1,Justly one of the 7 wonders of the world go at 7.30 no crowds and cool very inspiring .,April,2014,May,2014,Chris T,United Kingdom,Europe,female,3,1,male,73
207284343_2,Petra_POS_5669_2,avoid the donkeys and camels walk in take plenty of water and some food as it is all very expensive if you buy it from shops inside the site .,April,2014,May,2014,Chris T,United Kingdom,Europe,female,1,1,male,73
204314569_5,Petra_POS_5747_5,"There are lots of places to buy drinks around the site , so you do not need to take lots with you .",May,2014,May,2014,RogerC001,United Kingdom,Europe,female,1,1,male,91
203271214_4,Petra_POS_5768_4,Bring water and some snack and stop and eat along the way .,April,2014,April,2014,AletaPhil,Philippines,Asia,female,3,1,female,53
201496098_6,Petra_POS_5802_6,Over all I totally believe that Petra is a wonder that everyone should visit .,May,2013,April,2014,RakanKh,Jordan,Asia,male,1,1,male,8
201496098_7,Petra_POS_5802_7,"I have not stayed the night in Petra , though I know they have some good hotels there .",May,2013,April,2014,RakanKh,Jordan,Asia,male,1,1,male,8
199402713_6,Petra_POS_5840_6,"Using the Basin Restaurant for lunch , meant we were well-placed to head onwards to other parts of Petra .",March,2014,March,2014,AntonyHurden,United Kingdom,Europe,female,1,1,male,76
197493503_2,Petra_POS_5865_2,"The journey through the desert was quite exciting , lovely dunes , the odd bush , nomads and camels .",November,2013,March,2014,Ana A,Gibraltar,Europe,male,3,1,female,81
197493503_5,Petra_POS_5865_5,One wonders why anyone would undergo such effort and imagination to hew a town in such a precious and artistic manner .,November,2013,March,2014,Ana A,Gibraltar,Europe,male,3,1,female,81
197493503_7,Petra_POS_5865_7,The atmosphere was electrifying and picturesque too with the many nomads in all their finery .,November,2013,March,2014,Ana A,Gibraltar,Europe,male,1,1,female,81
197493503_10,Petra_POS_5865_10,It was a shame we had not been given the choice of staying in Petra and then leisurely visit this masterpiece of art and history .,November,2013,March,2014,Ana A,Gibraltar,Europe,male,1,1,female,81
196967557_4,Petra_POS_5867_4,The Rose City quite simply defies belief and a must visit for anyone .,March,2014,March,2014,David B,United Kingdom,Europe,female,1,1,male,53
196375074_4,Petra_POS_5879_4,There is a LOT of walking - so make sure you wear decent walking shoes .,March,2014,March,2014,Emily O,United Arab Emirates,Asia,male,3,1,female,6
191038989_2,Petra_POS_5934_2,"Such amazing builds of the nabateans - A whole city , cut out from rocks is just too beautiful to miss .",December,2013,January,2014,ANWESHA_GUPTA,United Kingdom,Europe,male,1,1,female,9
191038989_8,Petra_POS_5934_8,Lot of places available for public toilets so one need not worry .,December,2013,January,2014,ANWESHA_GUPTA,United Kingdom,Europe,male,3,1,female,9
189691423_1,Petra_POS_5955_1,It is impossible to grasp the beauty & greatness of Petra from pictures .,June,2013,January,2014,7Marieke,South Africa,Africa,male,3,1,female,9
189691423_5,Petra_POS_5955_5,"The colour of the rocks , the detail and the massive scale of the buildings , graves , dwellings , etc .",June,2013,January,2014,7Marieke,South Africa,Africa,male,3,1,female,9
189691423_6,Petra_POS_5955_6,I walked a thousand stairs up to the viewpoint with the Bedouin selling trinkets & refreshments along the way .,June,2013,January,2014,7Marieke,South Africa,Africa,male,1,1,female,9
186711796_2,Petra_POS_5999_2,"Met lots of donkeys and bedouins along the way , selling the wares and just wanting to say hello .",April,2013,December,2013,Peta415,Australia,Oceania,male,1,1,female,61
184643710_2,Petra_POS_6032_2,"It is steeped in history and displays many of the amazing architectural skills of the ancient world , Petra is an example of human perseverance and achievement .",October,2013,November,2013,Geoffrey S,Malaysia,Asia,male,4,2,male,6
184643710_3,Petra_POS_6032_3,I was astonished at the intricate rock carvings and sheer size of the temples .,October,2013,November,2013,Geoffrey S,Malaysia,Asia,male,3,1,male,6
184643710_4,Petra_POS_6032_4,"From a historical perspective , Petra is an ancient wonder dating back to 100BC .",October,2013,November,2013,Geoffrey S,Malaysia,Asia,male,1,1,male,6
183594441_8,Petra_POS_6046_8,"Throughout the visit , there are myriads of Bedouin souvenir stands .",September,2013,November,2013,Kh445,Venezuela,South America,male,1,1,male,75
181966991_9,Petra_POS_6077_9,Enjoy a 7th Wonder of the World it is fantastic an amazing .,October,2013,October,2013,Fred P,Canada,North America,male,3,1,male,60
181768780_1,Petra_POS_6082_1,"The history and the stories , the energy , the view , the site has taken us in ancient times .",October,2013,October,2013,Andreea A,United Arab Emirates,Asia,female,3,1,female,8
166328849_1,Petra_POS_6237_1,I know Petra is called the lost city but I never realized how big it was .,June,2013,July,2013,Jenny P,United States,North America,male,1,1,female,7
165573268_4,Petra_POS_6243_4,Food inside Petra is ridiculously over priced so bring food and drink with you .,April,2013,June,2013,Sadie T,United Kingdom,Europe,male,3,1,female,9
165535614_3,Petra_POS_6247_3,For me this is the most beautifully kept ancient site that I have ever seen !,April,2013,June,2013,NoorLeb,Uganda,Africa,male,4,2,female,52
165271677_3,Petra_POS_6254_3,"The site is quite amazing and any description from me would fail to capture Petras magnificence , majesty or magic .",June,2013,June,2013,Al_paca10,New Zealand,Oceania,male,3,1,male,98
165271677_4,Petra_POS_6254_4,"Geology , history and architecture provide the basis for Petras appeal .",June,2013,June,2013,Al_paca10,New Zealand,Oceania,male,1,1,male,98
165271677_5,Petra_POS_6254_5,However these important factors are positively augmented by the local Bedouin people who rely on Petra for their economic survival .,June,2013,June,2013,Al_paca10,New Zealand,Oceania,male,2,0,male,98
165271677_6,Petra_POS_6254_6,"When I checked out the souvenir stalls lining the narrow road leading to my hotel ( Petra Guest House I noted that there were no prices shown , although some stalls offered 30 % discount on these non-existent prices !",June,2013,June,2013,Al_paca10,New Zealand,Oceania,male,1,1,male,98
165271677_8,Petra_POS_6254_8,"Inevitably , the actual Petra site had plenty of souvenir sellers as well as Bedouins offering horse , donkey , camel and carriage rides .",June,2013,June,2013,Al_paca10,New Zealand,Oceania,male,1,1,male,98
165110407_4,Petra_POS_6256_4,"As much as they are accustomed to the harsh climate , those animals seem to be suffering and looked very poorly .",July,2012,June,2013,Milan011,Malaysia,Asia,female,0,2,male,79
161038123_2,Petra_POS_6316_2,There was no rushing ( a must ) and he was a wealth of information and his experience showed .,April,2013,May,2013,JulesArch,Australia,Oceania,female,1,1,male,73
159910930_1,Petra_POS_6348_1,"Regardless of how much literature one review , it is always an amazing place to see .",August,2012,May,2013,Arif Q,Denmark,Europe,male,3,1,male,9
159910930_2,Petra_POS_6348_2,"Carved in the mountains by the Nabataeans over 2000 years ago as an international trade center in the old world , Harrisson Ford in the movie Indiana Jones and the Last Crussade added to its worldwide fame .",August,2012,May,2013,Arif Q,Denmark,Europe,male,1,1,male,9
159886294_3,Petra_POS_6350_3,"There are the usual hucksters , some very young , but they are not persistent , and while I would prefer to see it without the ( few ) souvenir stands , overall there was no pressure to buy .",April,2013,May,2013,John S,United Kingdom,Europe,male,1,1,male,86
159168357_4,Petra_POS_6370_4,Originally from America she has lived in a local Bedouin village for the last 5 years and provides a fantastic bridge into the language ( she is fluent in 8 languages including Arabic ) and people and culture of Jordan .,April,2013,April,2013,Marianne H,United Kingdom,Europe,male,3,1,female,7
159168357_5,Petra_POS_6370_5,"Her knowledge having majored in Ancient History was way above our simple questions , however her love of Jordan was obvious and contagious !",April,2013,April,2013,Marianne H,United Kingdom,Europe,male,3,1,female,7
159168357_14,Petra_POS_6370_14,"Dinner outside the site with Ibrahim , Rebecca and our driver Nasir was followed by watching the sunset over the desert , with tea , traditional music , dancing and laughter !",April,2013,April,2013,Marianne H,United Kingdom,Europe,male,1,1,female,7
158524563_7,Petra_POS_6387_7,there are hundreds of candles and the atmosphere is really nice .,April,2013,April,2013,FrancoC78,Italy,Europe,male,3,1,male,62
157582088_5,Petra_POS_6414_5,We did most of our souvenir shopping in the old city .,April,2013,April,2013,Priya000,United Kingdom,Europe,female,1,1,female,57
154050697_4,Petra_POS_6495_4,It was fabulous and wonderous to see how these people ha built such a fabulous place to live in .,January,2013,March,2013,SUSANNE R,United Kingdom,Europe,male,3,1,female,7
154050697_9,Petra_POS_6495_9,There are a lot of children selling jewellery and post cards .,January,2013,March,2013,SUSANNE R,United Kingdom,Europe,male,3,1,female,7
153698552_3,Petra_POS_6507_3,"You can really see that this was once a real city with streets , shops , tombs , The locals are also friendly , never felt like I was being harassed .",March,2013,March,2013,CallumZW,New Zealand,Oceania,male,2,0,male,8
152419271_4,Petra_POS_6524_4,"Bedouins are all over the place , selling trinkets , donkey rides and horse rides .",February,2013,February,2013,cathie13,Mariana Islands,Oceania,male,1,1,female,56
145753436_3,Petra_POS_6639_3,The Bedouin people are lovely and true to their way of life and beliefs .,November,2012,November,2012,tony k,United Kingdom,Europe,male,4,2,male,58
144213374_5,Petra_POS_6685_5,"His English is excellent , so is his sense of humor .",October,2012,November,2012,marie c,United Kingdom,Europe,male,4,2,female,9
144213374_9,Petra_POS_6685_9,I really respect this man for his love for his country and his curiosity to learn about other cultures .,October,2012,November,2012,marie c,United Kingdom,Europe,male,3,1,female,9
144145855_3,Petra_POS_6691_3,"It is much better now with all the care and the facilities , obviously a lot of efforts were put to accommodate tourist from everywhere in the world .",July,2012,October,2012,Somaya_Semsem,Kuwait,Asia,male,1,1,female,8
142070353_3,Petra_POS_6733_3,"It was definitely not the typical tourist tour and that is what we specially liked about it , we really felt a deep immersion into their culture through an excellent knowledge both about horses and the culture and also through their exquisite cooking of Jordanian traditional dishes .",September,2012,October,2012,Sabri805,Spain,Europe,female,3,1,male,59
135145341_1,Petra_POS_6816_1,"This was a city of death people , our guide told us .",May,2012,July,2012,maritereh,Mexico,North America,male,3,1,female,59
135145341_7,Petra_POS_6816_7,"Food is not a good as in other places in Jordan , but it is ok .",May,2012,July,2012,maritereh,Mexico,North America,male,1,1,female,59
134434989_1,Petra_POS_6827_1,"One of the best places I have ever been , It sperate you form modern civilization back to the history of Nabateens , I would love to comeback there Amust to see place .",August,2011,July,2012,Mohab_12,Saudi Arabia,Asia,male,3,1,male,6
130844673_2,Petra_POS_6907_2,It is very hard to describe the feeling while walking between those 2 thousand years old buildings carved into the rocks and imagining the life there before Christ .,May,2012,May,2012,ZuzanaW_12,United Arab Emirates,Asia,female,1,1,female,82
130844673_3,Petra_POS_6907_3,"The Nabatean culture and their knowledge ( spa , hot water , channels etc ) .",May,2012,May,2012,ZuzanaW_12,United Arab Emirates,Asia,female,1,1,female,82
130844673_6,Petra_POS_6907_6,"You can buy nice souvenirs inside , and they serve drinks and coffees as well , toillettes were fairly clean .",May,2012,May,2012,ZuzanaW_12,United Arab Emirates,Asia,female,3,1,female,82
130679696_2,Petra_POS_6909_2,"All these troglodyte caves are wonderful , in both the human made carvings and the natural beauty of these ever changing sandstones .",May,2012,May,2012,ManuMike,France,Europe,male,3,1,male,8
130515719_4,Petra_POS_6917_4,The Rock Camp is run by Bedouin Arabs who entertain tourists with a fantastic meal - lamb / starters and sweets / and also play atmospheric music .,May,2012,May,2012,Andrew L,United Kingdom,Europe,male,3,1,male,64
130515719_5,Petra_POS_6917_5,"We all sat on cushions and allowed ourselves to bask in the hypnotic rhythms of the music , the smells from the delicious food and the relaxing ambiance .",May,2012,May,2012,Andrew L,United Kingdom,Europe,male,3,1,male,64
130515719_6,Petra_POS_6917_6,This is a must visit place and made our Jordan holiday particularly special .,May,2012,May,2012,Andrew L,United Kingdom,Europe,male,4,2,male,64
129685093_2,Petra_POS_6940_2,Disliked bad treatment of horses / donkeys and young children exploited - pleading for food and water .,April,2012,May,2012,laraBton,United Kingdom,Europe,male,1,1,female,57
129307051_7,Petra_POS_6953_7,"There are little shops on place if you want souvenirs , there are restaurants , things to drink etc .",May,2012,May,2012,Krystelle005,Canada,North America,female,1,1,female,70
128550109_1,Petra_POS_6970_1,"it will take your breath away , Amazing city was done thousands of years ago !",May,2011,April,2012,Raed_Ammari,Jordan,Asia,male,4,2,male,69
128446046_2,Petra_POS_6976_2,Not sure I believe how old they say these sculptures / carvings are as they are so pristine and precise .,March,2012,April,2012,PeterA338,United Kingdom,Europe,male,1,1,male,68
128446046_6,Petra_POS_6976_6,We also stayed overnight and the hotel was excellent and the service great .,March,2012,April,2012,PeterA338,United Kingdom,Europe,male,4,2,male,68
128170378_8,Petra_POS_6990_8,There are cafe's within the site and a very nice restaurant the toilet facilities I am pleased to say have been dramatically improved in recent years .,April,2012,April,2012,Major99,Gabon,Africa,female,3,1,male,56
128170378_10,Petra_POS_6990_10,"There is nothing much to detain you in Petra itself with virtually no nightlife and only tacky tourist shopping , the nicest and most expensive hotel is the Movenpick right at the entrance to the Petra site but the Guest House and Petra Moon are just as close and a lot cheaper Crowne Plaza and Marriott also have hotels the town although the Marriott is quite away out it does have great views over the Petra site .",April,2012,April,2012,Major99,Gabon,Africa,female,1,1,male,56
127712882_1,Petra_POS_7004_1,What is not to like about perfect natural beauty and stunning man made ancient sites .,April,2012,April,2012,JaredDubai,Chile,South America,female,3,1,male,62
127712882_2,Petra_POS_7004_2,I hate doing a great deal of walking but there where enough place to rest and buy drinks .,April,2012,April,2012,JaredDubai,Chile,South America,female,1,1,male,62
127712882_5,Petra_POS_7004_5,"The locals where friendly , relaxed and easy to talk to .",April,2012,April,2012,JaredDubai,Chile,South America,female,3,1,male,62
126265164_3,Petra_POS_7050_3,"The scenery is amazing , the exercise was terrific , the food was pricey , In fact everything in Petra is pricey .",March,2012,March,2012,SanPedro72,Jordan,Asia,male,3,1,male,9
126265164_4,Petra_POS_7050_4,I found a dozen or more of chicken feet in one of the caves .,March,2012,March,2012,SanPedro72,Jordan,Asia,male,2,0,male,9
123964956_2,Petra_POS_7106_2,"There is a lot of building going on , and homes seem to be made of stone / concrete exterior .",January,2012,February,2012,olinka1,Australia,Oceania,male,1,1,female,50
123863838_4,Petra_POS_7108_4,"You can have a hot coffee , chocolate and eat at different sites along the way .",January,2012,January,2012,Austin W,Argentina,South America,male,1,1,male,80
123863838_5,Petra_POS_7108_5,They will brief you on the details and the history behind the marvelous tombs cut into the sandstone .,January,2012,January,2012,Austin W,Argentina,South America,male,3,1,male,80
121483200_1,Petra_POS_7160_1,"If I was offered to visit one place to see one of the ancient civilization ( e.g. Greece , Rome , etc ) .",November,2011,December,2011,Jannet L,Poland,Europe,female,1,1,female,8
121483200_2,Petra_POS_7160_2,I would definitely choose visiting Petra - the cradle of Nabataean civilization .,November,2011,December,2011,Jannet L,Poland,Europe,female,1,1,female,8
121483200_4,Petra_POS_7160_4,"It is meaningless to describe all the fascinating landscapes , temples and architectural remains .",November,2011,December,2011,Jannet L,Poland,Europe,female,1,1,female,8
121483200_6,Petra_POS_7160_6,As for the facilities and tips on this place - There are local people with donkey ( local vehicle ) available .,November,2011,December,2011,Jannet L,Poland,Europe,female,2,0,female,8
121085441_1,Petra_POS_7180_1,"Fascinating walk through histDory , observing the achievements of this forgotten people - mixed with terrific views of the rocky desert landscape .",November,2011,November,2011,PhilipRylah,United Kingdom,Europe,male,1,1,male,82
121029997_1,Petra_POS_7183_1,One of the local hotels provides a buffet lunch inside Petra and highly recommended .,November,2011,November,2011,Keith K,United Kingdom,Europe,female,3,1,male,7
120785179_1,Petra_POS_7196_1,"Ancient history , a lot of trekking in the sun , but the colour and glory of this ancient site , its multifarious settings , colours and architecture , the climbs are mind boggling .",October,2011,November,2011,RenukaNair,India,Asia,male,1,1,female,51
101166442_1,Petra_POS_7300_1,Petra is an amazing historical site featuring tombs and dwelling caves carved into sheer cliff faces .,March,2011,March,2011,Jonathan P,Israel,Asia,male,3,1,male,6
101166442_2,Petra_POS_7300_2,"The site is well-organized and well-maintained , except for some restrooms that should have been cleaned more often .",March,2011,March,2011,Jonathan P,Israel,Asia,male,1,1,male,6
101166442_5,Petra_POS_7300_5,"Their service was courteous and punctual , and every detail was taken care of .",March,2011,March,2011,Jonathan P,Israel,Asia,male,1,1,male,6
75645636_2,Petra_POS_7350_2,"I was stunned by the scenery , the rock formations , the history , the aura of the place it was just fabulous !",,,August,2010,Gail W,United Kingdom,Europe,female,1,1,female,67
33150120_13,Petra_POS_7413_13,"Plenty of 's hops selling tea / coffee etc , Also lots of souvenier sellers .",,,June,2009,PaulBelinda,Australia,Oceania,female,1,1,male,94
13619104_9,Petra_POS_7430_9,"They speak wonderful English ( other languages , too ) and are very knowledgeable .",,,February,2008,padraig74,Republic of Korea,Asia,male,3,1,male,73
13619104_18,Petra_POS_7430_18,They are amazing and have a LOT of knowledge about the area .,,,February,2008,padraig74,Republic of Korea,Asia,male,3,1,male,73
13619104_19,Petra_POS_7430_19,Some of their knowledge of the area has been passed down orally and is simply amazing .,,,February,2008,padraig74,Republic of Korea,Asia,male,3,1,male,73
