231979181_2,GreatWall_NEG_56_2,"The wall at Mutianyu was Great , although it is already becoming very touristic , with all the shops and a Burgerking .",September,2014,October,2014,Maarten L,Netherlands,Europe,male,1,1,male,7
272264646_1,GreatWall_NEU_163_1,Lot's of locals playing cards and chess mixed with an endless sea of tourists visiting the smoke and enjoying the gardens .,May,2015,May,2015,Edward N,Australia,Oceania,male,1,1,male,98
685895773_1,GreatWall_POS_213_1,I ve never seen such breathtaking view amazing man made wonder of the world .,June,2019,July,2019,FatimaJS,United Arab Emirates,Asia,male,4,2,female,8
682033183_2,GreatWall_POS_266_2,"However , there is an occasional sharp slope on the Wall .",May,2019,June,2019,DrJayMic,Japan,Asia,male,2,0,male,72
676778867_3,GreatWall_POS_351_3,the path leading to the cable cars is full of shops for souvenirs & eateries including Burger King .,January,2019,May,2019,Cynthia A,United Kingdom,Europe,female,3,1,female,67
674486619_3,GreatWall_POS_390_3,"The touristic area has a lot of new developments , including new restaurants ( yay , 2 veggie places coming ) !",May,2019,May,2019,Noelle S,United Kingdom,Europe,male,3,1,female,86
674486619_4,GreatWall_POS_390_4,and a long walk through a lot of tourist shops selling very similar things .,May,2019,May,2019,Noelle S,United Kingdom,Europe,male,1,1,female,86
674486619_9,GreatWall_POS_390_9,There are toilet facilities near the wall and down at the entrance gates .,May,2019,May,2019,Noelle S,United Kingdom,Europe,male,1,1,female,86
674486619_10,GreatWall_POS_390_10,Most of them are squat toilets but they have a few potty toilets .,May,2019,May,2019,Noelle S,United Kingdom,Europe,male,2,0,female,86
674486619_11,GreatWall_POS_390_11,Just bring your own toilet paper / wipes just in case .,May,2019,May,2019,Noelle S,United Kingdom,Europe,male,1,1,female,86
674486619_12,GreatWall_POS_390_12,"The place was super clean and people were nice , and the stall owners not too pushy .",May,2019,May,2019,Noelle S,United Kingdom,Europe,male,3,1,female,86
650274804_2,GreatWall_POS_810_2,Personally this is the most impressive construction made by human beings I have ever seen .,January,2019,February,2019,roland r,Switzerland,Europe,male,4,2,male,89
649990320_5,GreatWall_POS_813_5,"The roasted chestnuts , and tragic and heroic story of Mutianyu added to the magic of the Great Wall .",September,2018,February,2019,VanitaKhetan,Malaysia,Asia,female,3,1,female,9
649990320_6,GreatWall_POS_813_6,"Wear good shoes , carry water and cap , and a b y good camera !",September,2018,February,2019,VanitaKhetan,Malaysia,Asia,female,3,1,female,9
646488293_9,GreatWall_POS_850_9,"At the bottom onto the lunch venue , a banquet Chinese spread with nice cold beer and friendly hosts a nice finish to a great day .",April,2018,January,2019,John S,Australia,Oceania,male,3,1,male,93
645199609_8,GreatWall_POS_869_8,"At the bottom of the wall there is a tourist village with restaurants , washrooms and souvenir shops .",January,2019,January,2019,TylerS30,Canada,North America,male,1,1,male,99
644883239_7,GreatWall_POS_874_7,"There is however a longer , newer route of shallower stairs or very steep ramp that I managed with the arm of my daughter as there was no rail by stairs ( only by slope which was very steep ) .",January,2019,January,2019,TaniaM3823,New Zealand,Oceania,male,1,1,female,7
644183340_5,GreatWall_POS_888_5,"Some of the areas are very narrow , some very wide .",November,2018,January,2019,JuliaA906,Canada,North America,male,1,1,female,93
642295822_2,GreatWall_POS_929_2,There is a small cafe here to catch your breath and warm up if it is cold outside .,December,2018,December,2018,AngusC609,Canada,North America,male,3,1,male,75
629396512_3,GreatWall_POS_1187_3,"The location is , of course , a huge tourist draw with many foreign and domestic Chinese visitors .",September,2018,October,2018,Bill B,Canada,North America,male,3,1,male,7
629396512_4,GreatWall_POS_1187_4,"The entrance to the complex , ( of course numerous but tidy shops and restaurants , including international burger joints .",September,2018,October,2018,Bill B,Canada,North America,male,1,1,male,7
629396512_8,GreatWall_POS_1187_8,"The Great Wall at this point is stunning - obviously a great architectural achievement for its extent , and the more so on account of its location atop a craggy range of mountain tops .",September,2018,October,2018,Bill B,Canada,North America,male,4,2,male,7
623089824_4,GreatWall_POS_1304_4,It is a bit of a rugged walk if you are not fit with lots steps and ups and downs but excellent photo opportunities and breathtaking scenery .,October,2018,October,2018,Sarah C,Australia,Oceania,male,3,1,female,7
623089824_6,GreatWall_POS_1304_6,Its clean and tidy with food shops and good toilets at the bottom .,October,2018,October,2018,Sarah C,Australia,Oceania,male,3,1,female,7
592668534_4,GreatWall_POS_1760_4,"We went in June so it was quite hot , so bring plenty of water and snacks !",June,2018,July,2018,ChiliMunchin,United Kingdom,Europe,male,4,2,male,9
592668534_5,GreatWall_POS_1760_5,Some of the steps are uneven and some are quite steep so sensible clothing and shoes are a must !,June,2018,July,2018,ChiliMunchin,United Kingdom,Europe,male,1,1,male,9
591270830_3,GreatWall_POS_1791_3,As can be expected a bit of walking required along with some steep sections so dress accordingly with appropriate footwear .,September,2017,June,2018,LalaAB,New Zealand,Oceania,female,2,0,female,9
591270830_4,GreatWall_POS_1791_4,A few places to eat and drink at the base of the wall and also one at the top itself where you can enjoy the views .,September,2017,June,2018,LalaAB,New Zealand,Oceania,female,3,1,female,9
591073042_1,GreatWall_POS_1794_1,"Everyone talks about building a wall , but in order to know what that really means , one has to come to China , where the biggest of all man-made walls was built hundreds of years ago .",,,June,2018,Michael W,Israel,Asia,female,1,1,male,75
591073042_3,GreatWall_POS_1794_3,"China built its wall to fend off invaders like the Mongols , and America has built a wall to inhibit infiltrators and illegal immigrants , while Israel has built a variety of fortifications to stop terrorists .",,,June,2018,Michael W,Israel,Asia,female,0,2,male,75
591073042_7,GreatWall_POS_1794_7,"Yes , there is a cable care , but the Mutianu site is very steep .",,,June,2018,Michael W,Israel,Asia,female,1,1,male,75
587566125_2,GreatWall_POS_1883_2,The wall is amazing and the history she told me about was very interesting and sad .,June,2018,June,2018,ShanteA,Germany,Europe,female,3,1,female,62
587566125_4,GreatWall_POS_1883_4,Be prepared for lots of climbing and some steps are pretty steep .,June,2018,June,2018,ShanteA,Germany,Europe,female,2,0,female,62
578932536_3,GreatWall_POS_2092_3,There are lovely markets on your arrival to the Great Wall of China and when you are up the top of the Wall there are places you can purchase an ice cream or a drink !,April,2018,May,2018,413Helen,Australia,Oceania,female,3,1,female,9
576848862_5,GreatWall_POS_2151_5,Halfway along to the wall is a restaurant and shop selling gifts .,April,2018,April,2018,Susie2167,United Kingdom,Europe,female,2,0,female,79
566457863_3,GreatWall_POS_2435_3,Be warned that there is some very steep climbs at times .,March,2018,March,2018,Suzanne D,United Kingdom,Europe,male,1,1,female,68
566457863_5,GreatWall_POS_2435_5,This is an experience not to be missed with breathtaking scenery and an incredible history .,March,2018,March,2018,Suzanne D,United Kingdom,Europe,male,4,2,female,68
546922904_4,GreatWall_POS_2768_4,"Watch your footing though , the bricks are authentic and very uneven .",September,2017,December,2017,Jeremy M,Australia,Oceania,male,1,1,male,9
541785353_6,GreatWall_POS_2893_6,The wall is well preserved ( and / or well rebuilt ) and very spectacular .,October,2017,November,2017,JonNewcastle,United Kingdom,Europe,male,4,2,male,85
540986065_1,GreatWall_POS_2917_1,Obviously there has been an expansion in tourism but this does not detract from the sheer scale and sense of history .,October,2017,November,2017,AndrewL12,United Kingdom,Europe,male,1,1,male,7
536160349_4,GreatWall_POS_3080_4,Beautiful scenery and so much history - read up before you go .,October,2017,October,2017,Patricia c,Australia,Oceania,male,3,1,female,8
534176839_2,GreatWall_POS_3131_2,It is truely amazing and hard to imagine how it was built .,October,2017,October,2017,davidsU4976FB,Australia,Oceania,male,3,1,male,78
534176839_3,GreatWall_POS_3131_3,Its position on the ridge of the mountains and the amount of stone bricks to build it are just mind blowing .,October,2017,October,2017,davidsU4976FB,Australia,Oceania,male,3,1,male,78
528787021_2,GreatWall_POS_3246_2,Was able to relax and enjoy an inexpensive beer in a shop at the base .,September,2017,October,2017,Paul S,Canada,North America,male,3,1,male,63
528787021_3,GreatWall_POS_3246_3,There is also a lovely museum and Buddhist facility that are quiet and reflective .,September,2017,October,2017,Paul S,Canada,North America,male,3,1,male,63
527956986_2,GreatWall_POS_3268_2,We advise you to have good shoes and a fairly good physical condition .,June,2017,September,2017,LaBoi6469,France,Europe,male,3,1,female,94
524273129_2,GreatWall_POS_3355_2,I Hiked all the way to Tower 20 - what an experience to be on this magnificent & historic Wall .,September,2017,September,2017,joesT9553ZF,Czechia,Europe,male,3,1,male,8
523842266_1,GreatWall_POS_3361_1,"Great views and proper installations ( bars , restaurants , wc , shops ) .",September,2017,September,2017,Sara W,Netherlands,Europe,male,3,1,female,7
523732770_1,GreatWall_POS_3362_1,I love tripadvisor b / c that is how I discovered the best way to see the wall .,September,2017,September,2017,Wendie G,Canada,North America,female,3,1,female,81
523732770_4,GreatWall_POS_3362_4,We used the toilet as they are limited on the wall .,September,2017,September,2017,Wendie G,Canada,North America,female,1,1,female,81
523732770_14,GreatWall_POS_3362_14,"Wear sunblock , wear a hat and practical shoes , bring lots of water , and wear practical clothes .",September,2017,September,2017,Wendie G,Canada,North America,female,3,1,female,81
520100740_1,GreatWall_POS_3443_1,lengh is enough to enjoy 1 day there and lot of accomodations .,July,2017,September,2017,Frederic P,France,Europe,male,3,1,male,7
517928486_2,GreatWall_POS_3473_2,It is not easy because of the many steps and slopes .,August,2017,August,2017,MauroCogno,Italy,Europe,male,1,1,male,72
508184981_2,GreatWall_POS_3590_2,Eventhough it was misty it was an amazing view and a beautifull landscape .,July,2017,August,2017,lomaro,Denmark,Europe,male,3,1,male,75
508184981_3,GreatWall_POS_3590_3,It was impressive to see how great the great wall actually is .,July,2017,August,2017,lomaro,Denmark,Europe,male,4,2,male,75
498667179_1,GreatWall_POS_3765_1,I did feel quite emotional when I stood on it and viewed the splendour of the wall and how it followed the rugged landscape .,June,2017,July,2017,517SueM,United Kingdom,Europe,female,3,1,female,72
495287919_5,GreatWall_POS_3833_5,You have plenty of restaurants and souvenirs shops which sell same so negociate on your way back .,May,2017,June,2017,tonin92,France,Europe,male,1,1,male,82
494128489_7,GreatWall_POS_3868_7,There are some spectacular views and we got some terrific photographs .,June,2017,June,2017,Kenneth7228,Costa Rica,North America,male,3,1,male,79
494128489_8,GreatWall_POS_3868_8,The wall is really an amazing place and I would love to visit there again .,June,2017,June,2017,Kenneth7228,Costa Rica,North America,male,3,1,male,79
492178876_5,GreatWall_POS_3930_5,"It was steep at times with lots of shallow steps but all in all it was an easy walk , nothing too strenuous .",April,2017,June,2017,Gillian G,United Kingdom,Europe,female,1,1,female,73
492178876_6,GreatWall_POS_3930_6,It was hot when we were there take plenty of water .,April,2017,June,2017,Gillian G,United Kingdom,Europe,female,2,0,female,73
490787657_1,GreatWall_POS_3974_1,"Bearing in mind how old it is , it would still be one of the great wonders if it was built today .",May,2017,June,2017,Neil L,United Kingdom,Europe,male,3,1,male,70
488673514_2,GreatWall_POS_4035_2,"Not too crowded , great restaurants at the bottom of the hills , unbelievable views and so much more !",May,2017,May,2017,Maria M,Australia,Oceania,male,1,1,female,76
485497743_6,GreatWall_POS_4127_6,"Wow how do you describe one of the greatest human building and engineering feats , you just have to go there to really appreciate how stunning it really is .",May,2017,May,2017,Rob O,Australia,Oceania,male,3,1,male,8
484623721_4,GreatWall_POS_4163_4,"There was a store at tower 14 where you can have snack , cold drinks , beer , etc .",May,2017,May,2017,GineP2,Singapore,Asia,female,1,1,female,9
483205635_4,GreatWall_POS_4220_4,Some steep steps along the way and a lot of climbing is required so make sure you wear comfortable shoes .,May,2017,May,2017,loulou2020,United Kingdom,Europe,female,1,1,female,86
478420523_4,GreatWall_POS_4387_4,Nice Subway cafeteria near the base of the wall which does good coffee and clean outdoor eating area that has a nice view of the wall on top of the escarpment .,April,2017,April,2017,Tim R,Australia,Oceania,female,3,1,male,693
475685216_11,GreatWall_POS_4498_11,"Luge is good fun , though not the safest option unfortunately there are also plenty people afraid afraid of speed and soon you get stuck behind somebody .",April,2017,April,2017,matevzh,Slovenia,Europe,male,3,1,male,93
475685216_13,GreatWall_POS_4498_13,It has some beautifully restored watchtowers ( 23 of them ) .,April,2017,April,2017,matevzh,Slovenia,Europe,male,3,1,male,93
475685216_17,GreatWall_POS_4498_17,"The views are nice , all the way towards the very jagged Jiankou section of the wall .",April,2017,April,2017,matevzh,Slovenia,Europe,male,3,1,male,93
475286009_3,GreatWall_POS_4509_3,"There are a few local and fast food restaurants along the walk up , including subway .",March,2017,April,2017,FloridaBC,Canada,North America,male,3,1,female,87
474309814_2,GreatWall_POS_4546_2,"Clean , well maintained , and not clogged with souvenir stands .",March,2017,April,2017,Robert M,United States,North America,female,1,1,male,8
471889082_3,GreatWall_POS_4612_3,"I loved the friendliness and good humour of the other visitors , the wonderful views and the craziness of tobogganing down .",March,2017,April,2017,CarolyneLarrington,United Kingdom,Europe,male,4,2,female,8
470989442_1,GreatWall_POS_4647_1,Truly an amazing and beautiful experience with the scenery while standing on the great wall .,March,2017,March,2017,alex k,Singapore,Asia,male,4,2,male,7
469045288_3,GreatWall_POS_4707_3,"It is breathtaking there , We bought subway sandwiches and literally sat on the steps and had a picnic , Even walking down hill , it is not for the faint of heart , elderly .",March,2017,March,2017,Rhonda K,Canada,North America,male,3,1,female,64
469045288_4,GreatWall_POS_4707_4,"There are some serious steps , odd steps and lots of ups and downs .",March,2017,March,2017,Rhonda K,Canada,North America,male,3,1,female,64
468171415_1,GreatWall_POS_4725_1,The wall here is in very good condition and offers some spectacular views .,July,2016,March,2017,Fin_tastic_Flyer,United Kingdom,Europe,female,3,1,male,79
467997155_1,GreatWall_POS_4728_1,I highly recommend absolutely everyone should visit The Great Wall of China .,February,2017,March,2017,loisl958,United Kingdom,Europe,male,4,2,male,90
460301377_6,GreatWall_POS_4873_6,There are lots of toilets at the bottom which seemed to be clean and there were plenty of western style toilets .,February,2017,February,2017,BenT665,United Kingdom,Europe,female,1,1,male,78
460301377_10,GreatWall_POS_4873_10,"The Wall is well maintain and feels quite safe , it is also very clean like everywhere we have been in Beijing there were a plenty of people sweeping .",February,2017,February,2017,BenT665,United Kingdom,Europe,female,3,1,male,78
460301377_12,GreatWall_POS_4873_12,We had taken a picnic but there are a few places to eat ( including a Burger King ) .,February,2017,February,2017,BenT665,United Kingdom,Europe,female,2,0,male,78
454497344_9,GreatWall_POS_4971_9,There were loads of places to eat and get a drink near the ticket office Western and Chinese .,September,2016,January,2017,CarSteHolden,United Kingdom,Europe,male,2,0,female,63
454497344_10,GreatWall_POS_4971_10,There are also a lot of toilets which to our surprise were clean and tidy .,September,2016,January,2017,CarSteHolden,United Kingdom,Europe,male,1,1,female,63
450866504_8,GreatWall_POS_5045_8,There are some good souvenirs so do not be turned off .,December,2016,January,2017,Judy C,Canada,North America,female,3,1,female,7
450866504_10,GreatWall_POS_5045_10,"Also , there is a Western style toilet at the marketplace and at the main entrance for those who are not used to squat toilets , so stop there before heading up to the wall .",December,2016,January,2017,Judy C,Canada,North America,female,1,1,female,7
450620226_2,GreatWall_POS_5048_2,We were hassled persistently by a Chinese hawker who ran some kind of small concession .,December,2016,January,2017,AlisdairMcRae,United Kingdom,Europe,male,1,1,male,68
447648627_3,GreatWall_POS_5120_3,You get a cable car to reach the wall from a little touristy area with shops and eating places .,December,2016,December,2016,Hammy59,Singapore,Asia,male,1,1,female,77
445097334_6,GreatWall_POS_5179_6,Were also advised if going past 20 take care as there are wild animals such mountain lions etc .,November,2016,December,2016,Luke_O_Zade,United Kingdom,Europe,male,3,1,male,63
444995924_2,GreatWall_POS_5180_2,Please be aware that it is very step and good physical condition is required .,December,2016,December,2016,Marcel B,Switzerland,Europe,male,3,1,male,71
444145252_2,GreatWall_POS_5205_2,It is just mind blowing in scale and to think it was built centuries ago without modern tools .,December,2016,December,2016,neil1342014,United Kingdom,Europe,female,3,1,male,77
444145252_3,GreatWall_POS_5205_3,"Walking along it is not easy due to worn walkways and some serious flights of steps , but well worth the effort .",December,2016,December,2016,neil1342014,United Kingdom,Europe,female,3,1,male,77
443370430_5,GreatWall_POS_5223_5,At the entrance area there are many stands selling cute souvenirs .,November,2016,December,2016,Natalie W,Israel,Asia,female,3,1,female,7
442755390_4,GreatWall_POS_5239_4,"It was very , very steep there , somewhat dangerous steps .",November,2016,December,2016,Margrit H,Canada,North America,male,1,1,female,8
442755390_8,GreatWall_POS_5239_8,The Great Wall of China is very impressive and a definitive must see .,November,2016,December,2016,Margrit H,Canada,North America,male,3,1,female,8
442347209_3,GreatWall_POS_5248_3,"The view is spectacular , but stairs are obviously old or old style reconstructed so uneven and not easy specially with ice .",December,2016,December,2016,filippo g,Switzerland,Europe,female,2,0,male,83
441383237_1,GreatWall_POS_5273_1,What could be more awe-inspiring than standing on the Great Wall of China ?,September,2016,December,2016,JackNIan,United Kingdom,Europe,male,2,0,male,75
438404692_4,GreatWall_POS_5383_4,The steps are very uneven and high and there are no rails to hold .,October,2016,November,2016,Geoffrey A,Australia,Oceania,male,1,1,male,8
438404692_5,GreatWall_POS_5383_5,Once on the wall the there are many steps of varying difficulty and very steep hill climbs .,October,2016,November,2016,Geoffrey A,Australia,Oceania,male,2,0,male,8
438404692_6,GreatWall_POS_5383_6,However there was a new path along side the has a more gentle slope and railing .,October,2016,November,2016,Geoffrey A,Australia,Oceania,male,2,0,male,8
438175058_1,GreatWall_POS_5393_1,"It is a mixture of restored area , but there is also significant unrestored area .",November,2016,November,2016,DarrenMilne,Australia,Oceania,female,2,0,male,69
438175058_3,GreatWall_POS_5393_3,The wall itself is just incredible - how they built it on the ridge is mind blowing .,November,2016,November,2016,DarrenMilne,Australia,Oceania,female,3,1,male,69
438175058_5,GreatWall_POS_5393_5,There are also market sellers at the bottom which is fun also .,November,2016,November,2016,DarrenMilne,Australia,Oceania,female,1,1,male,69
436793430_1,GreatWall_POS_5437_1,"Fabulous sunny day here , can not believe how they constructed this !",November,2016,November,2016,Nicola M,United Kingdom,Europe,male,3,1,female,65
433806154_3,GreatWall_POS_5526_3,One big advantage is there is a bathroom in this area .,October,2016,November,2016,caj68,United Kingdom,Europe,male,3,1,male,69
433806154_6,GreatWall_POS_5526_6,He has also wrecked his coat and is not forgiven yet .,October,2016,November,2016,caj68,United Kingdom,Europe,male,1,1,male,69
431941180_1,GreatWall_POS_5598_1,"It was good to see Great wall of China , Gives me a chance to step and climb this amazing and historical man made wonder .",October,2016,October,2016,Arlene C,Canada,North America,male,4,2,female,8
427833509_1,GreatWall_POS_5718_1,What is there to say about a Wonder of the World .,September,2016,October,2016,6648John,United Kingdom,Europe,male,2,0,male,77
417328367_2,GreatWall_POS_6027_2,The views from the Wall are incredible and you truly get a sense of the history that surrounds the place .,September,2016,September,2016,Siobhan  W,Ireland,Europe,male,3,1,female,8
405454019_5,GreatWall_POS_6271_5,"While being on the wall , not too many people were there .",May,2016,August,2016,TyN_13,Switzerland,Europe,male,2,0,male,73
399810968_2,GreatWall_POS_6376_2,There are some older & unrenovated options as well ( e.g. Jinshanling ) .,July,2016,August,2016,Deb B,Australia,Oceania,female,1,1,female,7
396606313_1,GreatWall_POS_6449_1,We visited this portion of the Great Wall and it exceeded all of our expectations .,June,2016,July,2016,Alexandra_NK,China,Asia,male,3,1,female,7
396606313_9,GreatWall_POS_6449_9,"There are several different restaurants and places to buy snacks around the entrance of Mutianyu before you take the cable car / chair lift up-Subway , Burger King , a few Chinese food places .",June,2016,July,2016,Alexandra_NK,China,Asia,male,1,1,female,7
396606313_10,GreatWall_POS_6449_10,"We were impressed with how nice , clean , and pleasant the area with restaurants was .",June,2016,July,2016,Alexandra_NK,China,Asia,male,3,1,female,7
395330872_3,GreatWall_POS_6481_3,There are many options for food including Burger King and subway .,July,2016,July,2016,stephensA8193GG,Australia,Oceania,male,3,1,male,8
391970909_2,GreatWall_POS_6550_2,can you immagine the huge job it was to build this thing .,September,2015,July,2016,Yvette O,Italy,Europe,male,3,1,female,9
391789742_5,GreatWall_POS_6556_5,They offered also a good Chinese lunch at a typical Chinese restaurant located near the entrance in the park .,July,2016,July,2016,Rodica Z,Romania,Europe,male,3,1,female,8
391789742_6,GreatWall_POS_6556_6,The place is not as commercial as the site of Great Wall at Badaling which is inflated by little shops .,July,2016,July,2016,Rodica Z,Romania,Europe,male,1,1,female,8
385869232_3,GreatWall_POS_6723_3,There are a few refreshment stands and loos at points around the wall and there are many more at the bottom in Mutianyu .,May,2016,June,2016,JamboSouthYorkshire,United Kingdom,Europe,male,1,1,male,67
383420068_5,GreatWall_POS_6795_5,Certainly an experience of a place I have heard about in awe from childhood .,May,2016,June,2016,russell55530,United Kingdom,Europe,male,3,1,male,67
376912000_2,GreatWall_POS_6974_2,"there is a good cafe just down on the main road near the carpark , which has free wifi too .",October,2015,May,2016,BigMal2,Australia,Oceania,female,1,1,male,96
373535902_5,GreatWall_POS_7090_5,We then drove to the Great Wall where we stopped and had lunch at a restaurant at the vehicle parking area .,May,2016,May,2016,663Brian48,New Zealand,Oceania,male,1,1,male,9
373535902_6,GreatWall_POS_7090_6,The meal was generous with six different hot plates of food plus a large bowl of rice and tea .,May,2016,May,2016,663Brian48,New Zealand,Oceania,male,1,1,male,9
373535902_9,GreatWall_POS_7090_9,"There were surprisingly very few people on the wallOn the way back to Beijing we stopped at a tea tasting place where we were hosted by a pleasant woman who explained the finer points of drinking tea , tasting about 5-6 different teas .",May,2016,May,2016,663Brian48,New Zealand,Oceania,male,1,1,male,9
372321751_8,GreatWall_POS_7126_8,There is even a Burger King at the base camp for Mutianyu .,May,2016,May,2016,Jenny H,Sweden,Europe,male,3,1,female,8
368062660_3,GreatWall_POS_7265_3,"Near the parking lot there is a small museum / exhibition , western and chinese restaurants and souvenir shops .",April,2016,April,2016,jimena S,Mexico,North America,male,1,1,female,7
367246860_2,GreatWall_POS_7287_2,truly a wonder of the world how the great wall was built .,April,2016,April,2016,JoeCool88,Malaysia,Asia,male,3,1,male,85
363953866_5,GreatWall_POS_7419_5,The sheer scale of this ancient building project will certainly have you feeling overwhelmed .,March,2016,April,2016,Russell H,Georgia,Asia,female,3,1,male,68
363953866_6,GreatWall_POS_7419_6,Trying to wrap your mind around the incredible force of man power it took to create such a colossal engineering feat will leave you scratching your head .,March,2016,April,2016,Russell H,Georgia,Asia,female,3,1,male,68
363824703_1,GreatWall_POS_7421_1,This price of history with its beautiful views and landscape is well worth the visit .,April,2016,April,2016,Eloise J,Australia,Oceania,male,4,2,female,71
347082138_7,GreatWall_POS_7847_7,There are lots of shops and restaurants ( including Burger King ) at the ticket office / car park so plenty of places to buy food and drink .,February,2016,February,2016,LondonE3Traveller,United Kingdom,Europe,male,3,1,male,89
338384604_3,GreatWall_POS_8020_3,Experiencing The Wall and its surroundings in such an atmosphere of calm and quiet is something I will always remember .,October,2015,January,2016,Geoff T,United Kingdom,Europe,female,3,1,male,77
323085194_3,GreatWall_POS_8509_3,"Plus , the area seemed much more greener from trees in addition to being clearer & no smog .",October,2015,October,2015,TonyD008,Japan,Asia,male,1,1,male,66
322146560_2,GreatWall_POS_8541_2,Imagining the hand labour that went into building this World Heritage Site was mind boggling .,October,2015,October,2015,Joan B,Canada,North America,male,1,1,female,8
321359971_5,GreatWall_POS_8577_5,But still thus us an engineering marvel one can only struggle to fully comprehend .,October,2015,October,2015,KarlBahrain,United Arab Emirates,Asia,female,3,1,male,87
321128468_2,GreatWall_POS_8587_2,"Once up then you realise what an astounding feat of human endeavour this is , perched as it is along the ridge .",October,2015,October,2015,IanMinshall,United Kingdom,Europe,male,3,1,male,74
321128468_3,GreatWall_POS_8587_3,"Lots of people selling stuff , walk away and price plummets .",October,2015,October,2015,IanMinshall,United Kingdom,Europe,male,1,1,male,74
318502909_3,GreatWall_POS_8661_3,"It amazes you the greatness of the architecture and how grand the empire was , The scenery is indescribable and you will always feel this chill when you think about it !",November,2014,October,2015,Mimo2405,Switzerland,Europe,male,4,2,male,75
318083533_4,GreatWall_POS_8675_4,"This was a full day , make sure you take plenty of water and snacks , though there are places at the wall where you can buy refreshments .",September,2015,October,2015,Mandinka_11,United Kingdom,Europe,male,3,1,female,66
305566134_1,GreatWall_POS_8973_1,Wonderful to visit with some awesome views of this segment of the wall and surrounding countryside .,August,2015,September,2015,Stephen H,Australia,Oceania,female,1,1,male,9
305149164_7,GreatWall_POS_8981_7,It is easy to do with a couple of short stops for a rest and a drink of water .,March,2015,August,2015,Susan B,Canada,North America,female,3,1,female,7
305149164_8,GreatWall_POS_8981_8,"The Wall in this area has had some restoration , but we were unable to tell the original from the restored construction .",March,2015,August,2015,Susan B,Canada,North America,female,1,1,female,7
303356926_2,GreatWall_POS_9012_2,The new visitor centre is well organised with many shops and restaurants .,August,2015,August,2015,Fred D,Saudi Arabia,Asia,male,3,1,male,86
299137899_4,GreatWall_POS_9097_4,Back down by cable car and a welcome drink and bite to eat at one of the many snack bars .,July,2015,August,2015,davidP3350TQ,United Kingdom,Europe,male,1,1,male,72
285441994_1,GreatWall_POS_9400_1,"Incredible-Amazing-Breathtaking and Mind blowing site to visit a MUST , Incredible structure for its time .",June,2015,July,2015,MargieV611,Australia,Oceania,female,1,1,female,68
284931947_1,GreatWall_POS_9416_1,What can one say about this giant of ancient mankind's structural engineering prowess ?,August,2014,July,2015,JohnHouston54,United Kingdom,Europe,male,2,0,male,71
284253241_6,GreatWall_POS_9437_6,"Although some distance from Beijing , I was able to visit this part of the wall , Tienanmen Square and the Forbidden city in one day as well as have lunch at a local restaurant .",September,2014,June,2015,SuellenT942,Australia,Oceania,male,1,1,female,78
284089330_1,GreatWall_POS_9449_1,It is a good experience to visit the China Great Wall .,December,2014,June,2015,Riahif,Canada,North America,male,4,2,male,9
282824307_1,GreatWall_POS_9483_1,"Awesome views , Not too busyFood and drinks are reallly expensive on the wall , I would not advise buying anything there , take your own water .",June,2015,June,2015,riaan_dewitt,South Africa,Africa,male,0,2,male,8
278902129_1,GreatWall_POS_9593_1,"To me , the Great Wall is the most impressive man made construction I have ever seen .",July,2014,June,2015,Fabian P,Belgium,Europe,male,3,1,male,79
273398015_12,GreatWall_POS_9745_12,"There is a small shopping street after you buy the tickets , so you can find drinks , snacks , souvenirs and even Burger King etc .",May,2015,May,2015,Sointu L,Finland,Europe,male,1,1,female,7
273112513_1,GreatWall_POS_9755_1,"An amazing feat of engineering , hard to believe it was built thousands of years ago .",April,2015,May,2015,Sue19402014,United Kingdom,Europe,male,3,1,female,77
273112513_2,GreatWall_POS_9755_2,"The whole area was unspoilt and very clean , impressively so with so many visitors .",April,2015,May,2015,Sue19402014,United Kingdom,Europe,male,3,1,female,77
271867146_6,GreatWall_POS_9798_6,There are two restaurants one local and good food and the other a Subway .,May,2015,May,2015,Clive G,Australia,Oceania,male,3,1,male,65
268792537_2,GreatWall_POS_9920_2,The steps are very uneven too and on a windy day thought I would lose my balance coming out of some of the towers !,April,2015,April,2015,ClaireDut,United Kingdom,Europe,female,1,1,female,82
268326985_2,GreatWall_POS_9937_2,It was built in the 6th century and is very well preserved .,March,2015,April,2015,Rob G,South Africa,Africa,female,3,1,male,97
267928885_2,GreatWall_POS_9956_2,"Great weather , great company and amazing views , despite the poor air quality .",,,April,2015,Elaine G,United Kingdom,Europe,male,3,1,female,7
263512664_2,GreatWall_POS_10110_2,Tour guide Cynthia was super on the knowledge of all the tourist spots .,March,2015,April,2015,AloSingapore,Singapore,Asia,female,1,1,male,68
261586016_3,GreatWall_POS_10179_3,"Beware of the many little store shops up to the wall , very insistent but do not buy .",March,2015,March,2015,DavePease,United Kingdom,Europe,male,1,1,male,71
253819215_4,GreatWall_POS_10338_4,"If you get inside watchtowers for some shade watch out for these very strange enormous beetle-like flying things , they are a bit disgusting .",September,2014,February,2015,Justina211,United Kingdom,Europe,female,1,1,female,90
250417891_1,GreatWall_POS_10394_1,"An amazing place , just to be where history was created .",November,2014,January,2015,LindaW7595IZ,New Zealand,Oceania,female,3,1,female,9
250417891_2,GreatWall_POS_10394_2,Enjoyed a good meal at the restaurant there with some nice people .,November,2014,January,2015,LindaW7595IZ,New Zealand,Oceania,female,3,1,female,9
242710813_4,GreatWall_POS_10623_4,"We were able to see the wonder of the wall - it was majestic , steep , ancient , royal , and mysterious .",January,2014,December,2014,Krubee,Singapore,Asia,male,3,1,female,74
242115384_2,GreatWall_POS_10645_2,"My god it is awesome , the sheer size , the effort that must have gone into the construction is unbelievable .",December,2013,November,2014,Paul E,France,Europe,male,1,1,male,98
242115384_5,GreatWall_POS_10645_5,"There are a number of gift shops at the main entrance which sell various goods , most of good quality .",December,2013,November,2014,Paul E,France,Europe,male,3,1,male,98
237181718_1,GreatWall_POS_10899_1,"All the toilet facilities are new and plenty of sitters , rather than squatters !",October,2014,October,2014,Chris C,Australia,Oceania,male,3,1,male,9
236732627_1,GreatWall_POS_10918_1,"This particular bit of it was quite impressive , thanks in part to the Autumn colors gracing its landscape .",October,2014,October,2014,JackM291,Spain,Europe,female,3,1,male,74
236732627_6,GreatWall_POS_10918_6,"With such a magnificent edifice and landscape , good photos come easy .",October,2014,October,2014,JackM291,Spain,Europe,female,4,2,male,74
236324821_1,GreatWall_POS_10938_1,We were there on a weekday where there were no crowds .,October,2014,October,2014,Just_my_views,Malaysia,Asia,female,1,1,male,87
233942309_4,GreatWall_POS_11029_4,There was a lot of walking but not as tedious as Badaling .,September,2014,October,2014,Ling_Sg,Singapore,Asia,female,1,1,female,93
232675232_2,GreatWall_POS_11090_2,The scale of the historic sites in Beijing is amazing as is the culture and history of the various dynasty's .,,,October,2014,neil_heaton,United Kingdom,Europe,female,4,2,male,7
231813892_2,GreatWall_POS_11114_2,"The newly built entrance leading to the wall was inviting , clean and full of interesting shops .",August,2014,September,2014,JessicaA_13,Philippines,Asia,female,3,1,female,65
227877920_1,GreatWall_POS_11258_1,"A little way out of Beijing , a stop at the Summer Palace - very impressive huge grounds and beautiful lake and views .",August,2014,September,2014,RICHARD L,United Kingdom,Europe,male,3,1,male,72
227877920_4,GreatWall_POS_11258_4,"When you get to the Wall , you realise what an amazing feat of civil engineering it is .",August,2014,September,2014,RICHARD L,United Kingdom,Europe,male,3,1,male,72
226899204_1,GreatWall_POS_11286_1,"One of the greatest experience of my life , I just want to add few details from my experience .",August,2014,September,2014,Nicephore75,Italy,Europe,female,3,1,male,66
224798979_2,GreatWall_POS_11340_2,"Hiking boots are not needed , but comfortable shoes that you can climb steep , uneven stairs are a necessity .",July,2014,August,2014,anya_at_large,Canada,North America,male,1,1,female,67
224798979_4,GreatWall_POS_11340_4,But it is interesting to see nature taking over the man-made structure .,July,2014,August,2014,anya_at_large,Canada,North America,male,3,1,female,67
220162753_1,GreatWall_POS_11441_1,"This is my third trip to the wall and this as not overly crowded much like the other tourist spots , but still had amenities such as shops , restaurants , a ski lift , a subway ( the sandwiche shop ) and yes , a toboggan .",August,2014,August,2014,Henry C,United Kingdom,Europe,male,0,2,male,7
219601824_4,GreatWall_POS_11458_4,He explained a lot about the history of the Wall and Bejing to us also .,September,2013,August,2014,Patsy1962,Australia,Oceania,male,3,1,female,91
219590789_2,GreatWall_POS_11460_2,"It was completley and utterly worthwhile , with stunning views and a lot of adventures along the way .",July,2014,August,2014,ReuvenLerner,Israel,Asia,male,4,2,male,76
219377061_2,GreatWall_POS_11467_2,"its majestic size , its historical values , the great pictures we ttook , we also enjoyed riding the cable cars .",July,2014,August,2014,alfred_ambroos,Netherlands,Europe,female,4,2,male,77
217755491_1,GreatWall_POS_11511_1,A visit to this internationally renowned wonder of the world will amaze any traveler at the scale and size of its construction .,May,2014,July,2014,BharatGala,India,Asia,male,3,1,male,9
214156842_4,GreatWall_POS_11623_4,The views are great and the wall is in good condition for the most part .,June,2014,July,2014,AlanMorris,Spain,Europe,female,3,1,male,76
214156842_5,GreatWall_POS_11623_5,I was with a couple of people on top of the wall & toasted the fact that I had managed to walk it by buying a beer from a local selling beer on top of the wall .,June,2014,July,2014,AlanMorris,Spain,Europe,female,1,1,male,76
206961235_4,GreatWall_POS_11878_4,"They also have Western style toilets for women , but do not forget your tissues .",May,2014,May,2014,SarahCahill,United Kingdom,Europe,female,1,1,female,81
206005765_3,GreatWall_POS_11911_3,The wall is an good condition and is not too steep at this location .,May,2014,May,2014,Bruce M,Australia,Oceania,male,3,1,male,87
205325754_3,GreatWall_POS_11940_3,"The view is fantastic with some high and small steps , there is a fun way to descend with a toboggan .",April,2014,May,2014,Miranda R,Mexico,North America,male,4,2,female,7
203654926_9,GreatWall_POS_12013_9,"it is a social enterprise , targeted at offering the local people ( or villagers ) employment .",November,2013,May,2014,Anna O,Singapore,Asia,male,3,1,female,8
202678250_1,GreatWall_POS_12054_1,"Brilliant place - cable car up , not overly busy with tourists , toboggan down and reasonable restaurant at the bottom .",April,2014,April,2014,VandaR48,United Kingdom,Europe,male,1,1,female,7
201866570_7,GreatWall_POS_12085_7,There are people on the wall that sell snacks and drinks .,April,2014,April,2014,Shiv G,Canada,North America,male,2,0,male,66
201866570_10,GreatWall_POS_12085_10,"Once at the bottom , there are plenty of stalls to buy small items ( note - everything is overpriced ) and snacks .",April,2014,April,2014,Shiv G,Canada,North America,male,1,1,male,66
201866570_11,GreatWall_POS_12085_11,"There are restrooms - but bring your own toilet paper , just in case .",April,2014,April,2014,Shiv G,Canada,North America,male,1,1,male,66
200159004_3,GreatWall_POS_12147_3,I was guided by Joey ( named after his alter ago from FRIENDS ) and his English and general knowledge were excellent .,April,2014,April,2014,Chris W,Australia,Oceania,male,3,1,male,8
200159004_7,GreatWall_POS_12147_7,"Walking the Wall is the experience of a lifetime , and having a knowledgeable guide I found the experience even more rewarding .",April,2014,April,2014,Chris W,Australia,Oceania,male,3,1,male,8
200159004_9,GreatWall_POS_12147_9,A welcome cold beer here and then onwards down the many ( 1000's ) of stairs towards Mutianyu .,April,2014,April,2014,Chris W,Australia,Oceania,male,1,1,male,8
199931752_3,GreatWall_POS_12158_3,Wind makes you feel it is colder than what it is .,February,2014,April,2014,AhmadA389,Saudi Arabia,Asia,female,3,1,male,76
192962124_2,GreatWall_POS_12320_2,"The wall itself was amazing , great views and got some fantastic photos .",January,2014,February,2014,wee_emy,United Kingdom,Europe,female,4,2,male,8
192726064_1,GreatWall_POS_12331_1,Very enjoyable day with Carla explaining all details on the wall history .,January,2014,February,2014,Arthur D,Australia,Oceania,male,3,1,male,7
192262045_2,GreatWall_POS_12338_2,"However , please be with a local guide , as there are a lot of vendors around .",March,2013,January,2014,Gordana_i_Zoran,Botswana,Africa,male,2,0,female,9
189811080_1,GreatWall_POS_12395_1,"After hearing so much about The Great Wall and it is history , we finally made it here .",December,2013,January,2014,Bony L,Australia,Oceania,male,3,1,male,9
189811080_4,GreatWall_POS_12395_4,There are maybe 5-6 other groups of tourist that we can see .,December,2013,January,2014,Bony L,Australia,Oceania,male,1,1,male,9
189211488_3,GreatWall_POS_12411_3,"Make sure to research some history of the Great Wall , will make it a better experience .",December,2013,January,2014,Josh007,South Africa,Africa,male,1,1,male,72
186201886_1,GreatWall_POS_12512_1,All my life I have wanted to visit this World Wonder .,June,2013,November,2013,WilliamL812,Canada,North America,female,3,1,male,99
185466045_1,GreatWall_POS_12546_1,Spectacular view of the walls - if there were no pollution .,October,2013,November,2013,Kazz K,Japan,Asia,male,3,1,male,71
179701033_1,GreatWall_POS_12818_1,Seeing the Great Wall in person was a wonderful and moving experience .,,,October,2013,Samantha M,Australia,Oceania,female,4,2,female,7
179701033_2,GreatWall_POS_12818_2,it is hard to fathom how much history there is surrounding this architectural masterpiece .,,,October,2013,Samantha M,Australia,Oceania,female,3,1,female,7
178590378_1,GreatWall_POS_12879_1,Had lunch at Mr Yang at the foot of this section of the wall - fantastic meal with amazing service !,September,2013,September,2013,PattiSouthAfrica,South Africa,Africa,female,3,1,female,8
178590378_2,GreatWall_POS_12879_2,"Not many tourists at the wall , which was great - opportunity to take photos with no people !",September,2013,September,2013,PattiSouthAfrica,South Africa,Africa,female,1,1,female,8
178219924_3,GreatWall_POS_12893_3,There are steps of various heights and the pavement is uneven at times .,September,2013,September,2013,Sarah L,United Kingdom,Europe,male,1,1,female,91
178219924_7,GreatWall_POS_12893_7,"There are plenty of sellers along the wall offering cold drinks , ice creams and beer .",September,2013,September,2013,Sarah L,United Kingdom,Europe,male,1,1,female,91
177840043_1,GreatWall_POS_12915_1,"Now I understand why the Great Wall is one of the wonders of the world , It is impressive , They built it according to the shape of the mountain .",September,2013,September,2013,AnnaM222,Guatemala,North America,male,3,1,female,71
175406420_1,GreatWall_POS_13022_1,If you are in Beijing you must see this amazing piece of history !,August,2013,September,2013,Jeffrey F,Australia,Oceania,female,4,2,male,63
174838654_1,GreatWall_POS_13035_1,"Seeing it in the flesh , so to speak , gives a whole new understanding of what the Great Wall is all about .",July,2013,August,2013,John M S,United Kingdom,Europe,male,3,1,male,78
174101168_7,GreatWall_POS_13056_7,"he hike was not easy at all there were at times big , tall hurdle like walls , at times tiny little steps with space for half of my feet and other times long , long stretches of stairs up the watch towers .",September,2012,August,2013,StephSeow,Singapore,Asia,male,1,1,male,67
172468673_1,GreatWall_POS_13089_1,"Bring water if in summer time , it was very hot and some parts quite steep .",July,2013,August,2013,Lena R,Sweden,Europe,male,1,1,female,9
166726679_4,GreatWall_POS_13276_4,Wear some comfortable walking shoes and bring some water which you can also purchase there since there are a few stands selling drinks .,September,2012,July,2013,Megi68,Canada,North America,female,3,1,female,90
165141852_1,GreatWall_POS_13347_1,"a real wonder of the world - an amazing construction built in phases by various Chinese emperors over ancient times and cutting across much of the country , what a feat !",June,2013,June,2013,ketaki b,Qatar,Asia,male,3,1,female,7
164653973_9,GreatWall_POS_13373_9,We also bought some bananas from one of the several vendors .,June,2013,June,2013,dianna_1970,Japan,Asia,male,1,1,female,98
164604721_5,GreatWall_POS_13375_5,We picnic-ed at a location where the wall seemed to stop - in fact it was not restored at that location - and we trailed trough wild vegetation to get there and the view was fantastic .,June,2013,June,2013,Diana C,Canada,North America,female,1,1,female,9
162031749_2,GreatWall_POS_13488_2,It is approached by a cablecar and has bee very well restored and developed .,May,2013,May,2013,JohnB2151,United Kingdom,Europe,male,3,1,male,95
160240830_3,GreatWall_POS_13568_3,"It can be very steep , the steps are uneven and slippery and there are no quick exits or safety rails !",March,2013,May,2013,AndLP,United Kingdom,Europe,male,1,1,male,8
160240830_6,GreatWall_POS_13568_6,Take a picnic and a drink and walk to one of the untouched parts of the wall that has not been rebuilt and sit and enjoy .,March,2013,May,2013,AndLP,United Kingdom,Europe,male,2,0,male,8
160240830_9,GreatWall_POS_13568_9,Nice little market at the base offering the usual tack and trinkets with some food stalls and a cafe / shop but be wary of the toilet facilities .,March,2013,May,2013,AndLP,United Kingdom,Europe,male,1,1,male,8
159335031_1,GreatWall_POS_13611_1,The side trips of many guided tours to Jade and Tea Markets are not at all amazing .,April,2013,May,2013,KatieS367,United States,North America,male,1,1,female,9
158774045_1,GreatWall_POS_13634_1,The lack of tourists and quality of the wall is not to be missed .,April,2013,April,2013,edward v,American Samoa,Oceania,male,1,1,male,78
156401328_2,GreatWall_POS_13756_2,It was a thrill to walk along the old stone structure and imagine the history .,March,2013,April,2013,Joanna M,Germany,Europe,male,3,1,female,7
151014927_1,GreatWall_POS_13892_1,"Yes , it should be called The Great , Great , Great wall , because it is an amazing place .",November,2012,January,2013,George S,South Africa,Africa,female,3,1,male,7
150567705_12,GreatWall_POS_13904_12,At 10.00 this morning there were no queues and just a handful of other tourists .,January,2013,January,2013,RichardM166,United Kingdom,Europe,male,1,1,male,80
150567705_15,GreatWall_POS_13904_15,"Some of the steeper slopes , where there is still ice and snow , can be quite slippery .",January,2013,January,2013,RichardM166,United Kingdom,Europe,male,1,1,male,80
150567705_19,GreatWall_POS_13904_19,So I advise that you take a good-size lightweight bag such as a rucksack to carry spare clothes 7 ) Some of the soft drinks being sold by vendors along the route are out-of-date ( my cola was 5 months past its use-by date and tasted nasty ) so take your own drinks if possible .,January,2013,January,2013,RichardM166,United Kingdom,Europe,male,1,1,male,80
150567705_29,GreatWall_POS_13904_29,"I did not see places to eat or buy snacks near the entrance , although there are many many places as you descend back into the village below .",January,2013,January,2013,RichardM166,United Kingdom,Europe,male,1,1,male,80
149108074_3,GreatWall_POS_13968_3,"Important to take sufficient water with you , though there are plenty of vendors around .",October,2012,January,2013,HarmSittard,Netherlands,Europe,male,3,1,male,8
146667581_3,GreatWall_POS_14055_3,The toilets at the top were closed as the sign said the heater was not working so I suppose that means the cistern water froze .,November,2012,December,2012,JayDeeBee1950,Australia,Oceania,male,1,1,male,64
146667581_5,GreatWall_POS_14055_5,It is a most remarkable feat of engineering to think that this is over 7000 km long .,November,2012,December,2012,JayDeeBee1950,Australia,Oceania,male,4,2,male,64
146667581_8,GreatWall_POS_14055_8,There are the usual souvenir sellers all along the paths but they do not pester too much .,November,2012,December,2012,JayDeeBee1950,Australia,Oceania,male,1,1,male,64
141458399_2,GreatWall_POS_14376_2,"They had cold drinks at the odd spot along the wall , as it was warm and that was great .",September,2012,September,2012,Sheila W,Canada,North America,female,1,1,female,7
137312419_10,GreatWall_POS_14535_10,Overall this was an amazing experience and something definitely worth doing and a must see when you visit China .,June,2012,August,2012,Steve W,New Zealand,Oceania,male,4,2,male,9
136698401_3,GreatWall_POS_14557_3,There were other people there but it was not too crowded ( there are people everywhere in China ) .,July,2012,August,2012,MacBerg,Canada,North America,male,1,1,male,69
134705513_4,GreatWall_POS_14643_4,Looked at the markets at the bottom with the millions of other people .,July,2012,July,2012,LouC570,New Zealand,Oceania,male,3,1,male,91
131407606_6,GreatWall_POS_14827_6,"Another tip - there are quite a few Chinese with stalls selling all sorts of items ( hats , tablecloths , jewellery bags , etc ) .",May,2012,June,2012,Sue2000000,United Kingdom,Europe,male,1,1,female,75
131407606_8,GreatWall_POS_14827_8,There are a few vendors along the top of the wall selling cold water too .,May,2012,June,2012,Sue2000000,United Kingdom,Europe,male,1,1,female,75
130386832_12,GreatWall_POS_14890_12,The station does display the destinations of the buses and the 867 is located at the back of the carpark .,May,2012,May,2012,KevKate111,United Kingdom,Europe,male,1,1,male,68
130386832_27,GreatWall_POS_14890_27,There are also some lovely sections of snaking wall and there is a great mountainous backdrop .,May,2012,May,2012,KevKate111,United Kingdom,Europe,male,3,1,male,68
127954332_1,GreatWall_POS_15049_1,The great wall is truly one of those cliches we all hear about that really overwhelms and exceeds everything you have been told and expected .,November,2011,April,2012,Christopher M,France,Europe,female,3,1,male,8
126966811_2,GreatWall_POS_15117_2,One is very secluded and quiet and the other has a large market and cafe at it .,May,2011,March,2012,Charison,Jersey,Europe,female,3,1,male,71
126966811_7,GreatWall_POS_15117_7,The market is fairly noisy and sells everything from Tshirts to food and everyone is haggling over the price !,May,2011,March,2012,Charison,Jersey,Europe,female,1,1,male,71
125721546_4,GreatWall_POS_15186_4,Be sure to bring water and a snack so that you are not held to ransom by the hawkers .,April,2011,March,2012,Brendan D,Ireland,Europe,male,1,1,male,8
125609211_6,GreatWall_POS_15193_6,"He had a brand new and safe car , very clean .",February,2012,March,2012,5700Voss,Norway,Europe,male,3,1,male,9
125609211_7,GreatWall_POS_15193_7,"He spoke well english , and his knowledge was very useful to us .",February,2012,March,2012,5700Voss,Norway,Europe,male,3,1,male,9
125609211_11,GreatWall_POS_15193_11,"All in all perfect , but avoid the restaurants in the area , overprised and poor quality .",February,2012,March,2012,5700Voss,Norway,Europe,male,1,1,male,9
121793257_4,GreatWall_POS_15339_4,"To really appreciate the majestic and historical nature of the Great Wall , just stand there in quiet solitude and bring yourself back in history .",December,2011,December,2011,JoleneZ,Malaysia,Asia,female,3,1,female,63
121793257_7,GreatWall_POS_15339_7,"At the foot of the cable-car station , there were stalls selling the usual t-shirts and souvenir items , but none at the Great Wall itself .",December,2011,December,2011,JoleneZ,Malaysia,Asia,female,1,1,female,63
121793257_11,GreatWall_POS_15339_11,"The rice meals are piping hot , though can be a bit oily , as is commonly the case for food in Beijing .",December,2011,December,2011,JoleneZ,Malaysia,Asia,female,1,1,female,63
117007240_11,GreatWall_POS_15515_11,The village is a gorgeous little mountain town and has the usual ratrun through the maze of street merchants to sell you the mandatory TShirts etc .,July,2011,August,2011,Wayne W,Australia,Oceania,male,3,1,male,81
115114520_9,GreatWall_POS_15543_9,"There are some steep parts , and the temperature and humidity can be high .",July,2011,July,2011,frankie_travel,Netherlands,Europe,male,1,1,male,7
108327628_9,GreatWall_POS_15559_9,However there are many stops on route and the bus was extremely packed a times .,May,2011,May,2011,Camada,Canada,North America,male,2,0,female,8
89235891_6,GreatWall_POS_15580_6,Emmy is well informed about all of these places and provided a lot of historic detail .,,,December,2010,Tessa801,Australia,Oceania,female,3,1,female,9
