616994084_6,Taj_NEG_20_6,"Inspite of dropping at parking lot , these Govt electric cars drop customers at BAR & restaurant for their incentive-share from hotel owner .",September,2018,September,2018,DrJigneshOrtho,India,Asia,female,1,1,male,9
237354874_6,Taj_NEG_177_6,The security is tight there but very little thought is given to tourist management .,October,2014,November,2014,Mahendra K,India,Asia,male,2,0,male,9
237354874_7,Taj_NEG_177_7,"For example , no thought is given to put some drinking water booths in the big ground which in front of Taj Mahal .",October,2014,November,2014,Mahendra K,India,Asia,male,1,1,male,9
170806508_1,Taj_NEG_204_1,Too many beggars and hucksters and people preying on tourists with inflated prices .,July,2013,August,2013,John T,India,Asia,female,1,1,male,91
675162305_1,Taj_NEU_3_1,This iconic monument is an inspiration to all with the incredible attention to detail in the exquisite carving & inscriptions throughout the building .,May,2019,May,2019,Wendy w,New Zealand,Oceania,female,4,2,female,96
675162305_5,Taj_NEU_3_5,The garden surrounding the Taj is beautiful in its own right .,May,2019,May,2019,Wendy w,New Zealand,Oceania,female,3,1,female,96
632487473_1,Taj_NEU_31_1,It is truly amazing and you understand why it is one of the wonders of the world .,November,2018,November,2018,Vikki A,United Arab Emirates,Asia,male,4,2,female,92
574734350_1,Taj_NEU_71_1,The smell of pollution in the river is a sad paradox to the beautiful Taj Mahal and surrounding Agra .,April,2018,April,2018,Teresa K,Canada,North America,female,1,1,female,95
275066760_1,Taj_NEU_436_1,"Great architectural building , but to my taste it is quite overrated .",June,2014,May,2015,Vik L,Mauritius,Africa,male,2,0,male,9
275066760_3,Taj_NEU_436_3,It is a monument like any other and credit goes to the builders and architects who have made a perfect marble structure which is so durable .,June,2014,May,2015,Vik L,Mauritius,Africa,male,1,1,male,9
232587977_1,Taj_NEU_504_1,"This is of course very beautiful place , beautiful white stone , very symmetrical , huge , but a little bit , boring , there is no soul in these stones , no history , it is cold and meaningless , it is just , a nice tomb , a nice piece of architecture , with too many tourists !",February,2014,October,2014,Julia L,France,Europe,male,2,0,female,8
150350831_1,Taj_NEU_585_1,"Taj Mahal is considered one of the 7 wonders in the world , but It is one of the most badly managed place , a lot of touts ( guides ) are there to fleece the travelers , they have setup everywhere , start from ticketing to eateries , shopping to photography .",August,2012,January,2013,RajeshRana09,India,Asia,female,1,1,male,80
695198408_1,Taj_POS_95_1,Visiting the Taj Mahal is an incredible experience and is rightly on many peoples bucket list .,August,2019,August,2019,380DavidS380,Australia,Oceania,male,3,1,male,8
695198408_5,Taj_POS_95_5,Watch out for the surrounding areas which are very dirty and also for groups of street traders who can surround and harass people .,August,2019,August,2019,380DavidS380,Australia,Oceania,male,1,1,male,8
695198408_8,Taj_POS_95_8,They put on the hard sell but the products they are selling are amazing and I enjoyed seeing all the local goods .,August,2019,August,2019,380DavidS380,Australia,Oceania,male,3,1,male,8
661716576_1,Taj_POS_628_1,"One of our favourites on our bucket list , and so stunning beyond words , awe inspiring and empowering .",March,2019,March,2019,Andrew M,United Kingdom,Europe,male,4,2,male,9
655726182_8,Taj_POS_828_8,"So the shoe covers are really handy , and you keep the marble floors clean .",March,2019,March,2019,Jason B,Australia,Oceania,male,3,1,male,8
655726182_10,Taj_POS_828_10,Absolutely one of the most beautiful man made things i have ever witnessed .,March,2019,March,2019,Jason B,Australia,Oceania,male,3,1,male,8
647568967_2,Taj_POS_1153_2,Sad that it was robbed of its original jewels by the British !,January,2019,January,2019,Fergal1,United Kingdom,Europe,male,1,1,male,99
637982203_7,Taj_POS_1525_7,"We had a tour guide , which we appreciated as he not only told us the history from the perspective of a passionate Agra citizen , but also answered all of our questions on a range of topics , from culture to food , religion to modern life .",December,2018,December,2018,DebT39,Australia,Oceania,male,3,1,female,87
637982203_8,Taj_POS_1525_8,Its not hard to understand why the Taj Mahal is known the world over .,December,2018,December,2018,DebT39,Australia,Oceania,male,2,0,female,87
637331202_1,Taj_POS_1550_1,The Taj Mahal is a world wonder and a world marvel and I doubt if anything as beautiful as this monument will ever be built again in the modern era .,December,2018,December,2018,ZaraIam,Australia,Oceania,male,3,1,female,78
637029994_3,Taj_POS_1557_3,The buildings and gardens are nicely maintained and hopefully efforts to preserve it are successful .,November,2018,December,2018,Tara S,United Kingdom,Europe,male,3,1,female,88
636234066_2,Taj_POS_1599_2,Ok we were unlucky with the weather but this is a spectacular building steeped in history .,November,2018,November,2018,Richard C,United Kingdom,Europe,male,1,1,male,79
635994357_1,Taj_POS_1606_1,It is truly one of the wonders of the modern world .,September,2018,November,2018,Ajay_K_Y_21,India,Asia,male,3,1,male,9
634754692_1,Taj_POS_1651_1,Sadly the whole area around the Taj Mahal and evening the gardens within are full of litter .,November,2018,November,2018,ronilk,Australia,Oceania,male,1,1,male,9
622153976_1,Taj_POS_2048_1,"Taj Mahal , built by the mughal emperor Shahajahan in the memory of his wife Mumtaj mahal is a marvelous piece of architecture .",April,2018,October,2018,askhan_2015,India,Asia,male,3,1,male,8
622153976_2,Taj_POS_2048_2,"Taj mahal built in marble has withstood natural calamities like earthquake , flood for hundreds of years and even now looks fresh .",April,2018,October,2018,askhan_2015,India,Asia,male,1,1,male,8
613835399_1,Taj_POS_2246_1,The picture was great but being there was not as good Long line ups and your rushed in and out The grounds are not kept up very well and a lot of the water says were empty .,October,2017,September,2018,DougF192,Canada,North America,male,1,1,male,8
610624942_1,Taj_POS_2321_1,"Had a devil of a job getting here and transportation here is poor , but the building and complex are fantastic .",August,2018,August,2018,chris w,Australia,Oceania,male,3,1,male,87
610624942_6,Taj_POS_2321_6,The area is very secure and has lots of security to stop attacks .,August,2018,August,2018,chris w,Australia,Oceania,male,1,1,male,87
609437962_1,Taj_POS_2347_1,its watching a dream of everybody in the world but its true with India dream tours pvt .,August,2018,August,2018,india_dream_tours,India,Asia,male,3,1,female,8
609090660_1,Taj_POS_2355_1,Stunning Tajmahal is one of the seven wonders of the world and its great to see it after reading about it for years .,August,2018,August,2018,siva200,India,Asia,male,4,2,male,8
608047496_2,Taj_POS_2369_2,But the Agra city as a whole is very dirty and filthy .,August,2018,August,2018,amitkumar_bec,India,Asia,male,1,1,male,83
608047496_3,Taj_POS_2369_3,"Everywhere there is dump on the roads , even those roads which leads to fort and Taj .",August,2018,August,2018,amitkumar_bec,India,Asia,male,1,1,male,83
584415240_1,Taj_POS_2786_1,we visited theTaj Mahal this year and it the best place i have ever been to truly fabulous magnificent a most for all who love culture and architecture .,March,2018,June,2018,lesley53,United Kingdom,Europe,male,3,1,female,87
583744204_2,Taj_POS_2805_2,As you walk in your breath is taken away it truly is amazing a complete work of art .,April,2018,May,2018,Alison B,United Kingdom,Europe,female,3,1,female,86
581152004_1,Taj_POS_2867_1,"This gorgeous white marble mausoleum was built as a testament of his love for his wife , worth dying for !",May,2018,May,2018,Margaret W,Australia,Oceania,male,3,1,female,93
570916693_5,Taj_POS_3216_5,"Very disappointed inside the tomb , as we were advised that photos were not allowed , but all the locals were taking photos , and the staff were not stopping them .",March,2018,April,2018,Pam S,Australia,Oceania,male,1,1,female,89
570916693_6,Taj_POS_3216_6,Can certainly see why it took 22 years to build this magnificent monument .,March,2018,April,2018,Pam S,Australia,Oceania,male,3,1,female,89
570477389_2,Taj_POS_3234_2,"So surprised to see when we arrived near the Taj , mid-afternoon , buses now park in a very not well maintained busy coach park .",March,2018,April,2018,Ivor S,United Kingdom,Europe,female,1,1,male,80
570477389_6,Taj_POS_3234_6,"No large bags , flammables , cigarettes , lighters or food allowed .",March,2018,April,2018,Ivor S,United Kingdom,Europe,female,1,1,male,80
570477389_13,Taj_POS_3234_13,Why anyone would want to ruin such beautiful view of the Taj and a good picture goodness knows .,March,2018,April,2018,Ivor S,United Kingdom,Europe,female,1,1,male,80
570477389_14,Taj_POS_3234_14,Note there are also some annoying professional photographers in this area taking pictures for cash .,March,2018,April,2018,Ivor S,United Kingdom,Europe,female,1,1,male,80
570477389_20,Taj_POS_3234_20,Well yes it is and they have done a remarkable job restoring the Taj to its former glory .,March,2018,April,2018,Ivor S,United Kingdom,Europe,female,3,1,male,80
565052531_2,Taj_POS_3512_2,Absorb where you are and understand the history as it makes it so much more enjoyable .,February,2018,March,2018,LoveToTravel6467,Switzerland,Europe,female,3,1,female,94
564784945_3,Taj_POS_3530_3,it is hard to say anything new about the world's most beautiful building .,March,2018,March,2018,AlastairD296,Australia,Oceania,female,1,1,male,84
561798782_1,Taj_POS_3721_1,It looks so much bigger up close and it s truly an amazing & humbling experience to be in its presence .,February,2018,February,2018,Mirella B,Australia,Oceania,female,4,2,female,9
561798782_2,Taj_POS_3721_2,The design is brilliant and one is in awe of it is beauty .,February,2018,February,2018,Mirella B,Australia,Oceania,female,4,2,female,9
561089635_2,Taj_POS_3762_2,Amazing place which is well worth a tour guide to tell the romantic history .,February,2018,February,2018,MargBlue,United Kingdom,Europe,male,4,2,female,9
561089635_5,Taj_POS_3762_5,Give yourself plenty of time as it is worth just sitting and reflecting on the beauty of an amazing wonder of the world .,February,2018,February,2018,MargBlue,United Kingdom,Europe,male,3,1,female,9
559436788_1,Taj_POS_3860_1,"There are separate security queues for men , women & local men & local women .",December,2017,February,2018,Robert_B_London61,United Kingdom,Europe,male,1,1,male,87
557369565_1,Taj_POS_3983_1,This was the third time I visited the Taj Mahal in 17 years and once again its beauty struck me .,January,2018,January,2018,Sebastian0860,France,Europe,male,1,1,male,8
557369565_2,Taj_POS_3983_2,Words can not really describe the elegance and beauty of the work done to build it .,January,2018,January,2018,Sebastian0860,France,Europe,male,3,1,male,8
557369565_3,Taj_POS_3983_3,"Perfect symmetry , so many beautiful details , it is a master work and may favorite of the 7 new miracles of the world .",January,2018,January,2018,Sebastian0860,France,Europe,male,4,2,male,8
556929943_9,Taj_POS_4007_9,His knowledge is as he revealed encyclopaedic as he guided us around the site .,January,2018,January,2018,Robert S,United Kingdom,Europe,male,2,0,male,8
555713494_1,Taj_POS_4066_1,Until you see it up close you do not realise how amazing this building actually is .,January,2018,January,2018,JadeCoral91,United Kingdom,Europe,male,2,0,female,8
554716474_11,Taj_POS_4119_11,"We decided to go out of the south gate as some cafe places on TA were in that area and it was back to the nice chaos you expect tuk tuk , street vendors etc .",January,2018,January,2018,simon b,United Kingdom,Europe,male,1,1,male,80
553924588_3,Taj_POS_4156_3,"This huge , pristine , white , delicate but massive monument is incredible !",January,2018,January,2018,Laurence_Brussels,Canada,North America,male,4,2,male,91
553084059_1,Taj_POS_4197_1,"No matter how many photographs you have seen of it , the Taj will still amaze you with its beauty .",January,2018,January,2018,Anjali R,Australia,Oceania,male,3,1,female,8
548545795_1,Taj_POS_4423_1,"What can I say , I waited for years to see it and it left me speechless in its beauty and majesty .",October,2017,December,2017,JoHutchings,United Kingdom,Europe,male,3,1,female,98
548258967_1,Taj_POS_4438_1,"This is a review not based on Archaeology , History etc .",December,2017,December,2017,Amit_archaeo,India,Asia,male,2,0,male,9
543029304_3,Taj_POS_4666_3,The ivory-white marble has so much detail that makes you fall in love with .,February,2017,November,2017,LoveIStanbul365,Switzerland,Europe,male,3,1,female,94
542409535_4,Taj_POS_4695_4,"Then there is bag checking , the checkers are surly and unhelpful and very slow .",October,2017,November,2017,Sotongirl49,United Kingdom,Europe,male,1,1,female,84
542409535_7,Taj_POS_4695_7,Bins are provided but not used by 90 % of the Visitors .,October,2017,November,2017,Sotongirl49,United Kingdom,Europe,male,2,0,female,84
542409535_8,Taj_POS_4695_8,They are so strict about enforcing the wearing of these covers but yet they allow the place to be littered by them .,October,2017,November,2017,Sotongirl49,United Kingdom,Europe,male,2,0,female,84
540845384_1,Taj_POS_4769_1,What can one say at the beauty of this magnificent building .,October,2017,November,2017,Maggie O,Australia,Oceania,male,3,1,female,96
540845384_2,Taj_POS_4769_2,Lots of people there and you will be mesmerised at the brightness of the white .,October,2017,November,2017,Maggie O,Australia,Oceania,male,3,1,female,96
534279420_2,Taj_POS_5057_2,"Listen to some relaxing music , read about its history on a bench and enjoy the moment , you will not regret it .",October,2017,October,2017,Mary_Basset,Singapore,Asia,female,1,1,female,9
529765496_1,Taj_POS_5206_1,"The Taj was built by Shah Jahan as a memorial for his third wife , Mumtaz Mahal , who died giving birth to their 14th child in 1631 .",October,2017,October,2017,Sudhi589,India,Asia,female,1,1,male,9
529765496_3,Taj_POS_5206_3,"Construction of the Taj began the following year , although the main building is thought to have been built in eight years , the whole complex was not completed until 1653 .",October,2017,October,2017,Sudhi589,India,Asia,female,1,1,male,9
529765496_5,Taj_POS_5206_5,"Following his death in 1666 , Shah Jahan was buried here alongside his beloved Mumtaz .",October,2017,October,2017,Sudhi589,India,Asia,female,1,1,male,9
529765496_11,Taj_POS_5206_11,"The Taj Mahal itself stands on a raised marble platform at the northern end of the ornamental gardens , with its back to the Yamuna River .",October,2017,October,2017,Sudhi589,India,Asia,female,1,1,male,9
529765496_12,Taj_POS_5206_12,Its raised position means that the backdrop is only sky a masterstroke of design .,October,2017,October,2017,Sudhi589,India,Asia,female,2,0,male,9
514290517_2,Taj_POS_5538_2,Best admired from a distance for its perspective and the beautiful mysterious romance of it all .,February,2017,August,2017,EmEfGee,Ireland,Europe,male,3,1,female,8
514290517_4,Taj_POS_5538_4,Ours was informative and helpful and full of interesting snippets of lore and history .,February,2017,August,2017,EmEfGee,Ireland,Europe,male,4,2,female,8
505377023_1,Taj_POS_5691_1,They are in the middle of a 2 1 / 2 year cleaning project which means that currently one of towers and part of the front is covered by scaffolding .,July,2017,July,2017,AnnaD66,United Kingdom,Europe,male,2,0,female,80
499092432_5,Taj_POS_5820_5,"And also that beyond conquests , battles , and artistic expressions , love plays an important part in a country's history .",June,2017,July,2017,Angel_Monroy,United Arab Emirates,Asia,female,3,1,male,8
499067577_1,Taj_POS_5822_1,"A lot of People , of course , and very hot .",August,2016,July,2017,Gunhild S,Norway,Europe,female,3,1,female,8
499067577_2,Taj_POS_5822_2,Big and nice building The narrow street outside the area is also worth to see .,August,2016,July,2017,Gunhild S,Norway,Europe,female,3,1,female,8
492880844_1,Taj_POS_5967_1,"For me , the most mind-blowing part is that nothing I saw of the artwork and design was painted - everything was stone inlay in the white marble .",June,2017,June,2017,andrew12341,Australia,Oceania,female,1,1,male,9
491146655_1,Taj_POS_6011_1,"Located on the banks of the river Yamuna , this pure white marble mausoleum is perfectly symmetrical and was completed in mid 17 century as a tribute to Begum Mumtaz Mahal , by her husband .",June,2017,June,2017,Narendra B,India,Asia,male,3,1,male,85
487902976_1,Taj_POS_6108_1,The Taj Mahal has got to be the most impressive building I have seen in my life .,May,2017,May,2017,benjamin9244,Singapore,Asia,female,3,1,male,8
485675335_3,Taj_POS_6165_3,The history and beauty of the Taj speaks for itself a must see at least once .,November,2016,May,2017,RogerRFC,United Kingdom,Europe,male,3,1,male,95
482707059_2,Taj_POS_6266_2,The back story is emotional and the detail in this building is remarkable .,May,2017,May,2017,Gwendolina10,United Kingdom,Europe,female,4,2,female,83
477454966_1,Taj_POS_6454_1,"The views from outside are nice , the gardens well taken care of .",April,2017,April,2017,Miguel Z,Spain,Europe,male,3,1,male,9
477454966_3,Taj_POS_6454_3,"The tourists do not care where they are , all the time speaking loudly .",April,2017,April,2017,Miguel Z,Spain,Europe,male,1,1,male,9
477454966_5,Taj_POS_6454_5,"Could stay in the gardens , but there are too many tourist .",April,2017,April,2017,Miguel Z,Spain,Europe,male,1,1,male,9
476906244_1,Taj_POS_6483_1,This monument of love is a breathtaking beauty but few know that it is an architectural wonder and made with mathematical calculations The white marble structure has coloured stone inlays and beautiful calligraphy it is a must place to see if any one is visiting North India .,December,2016,April,2017,Rajiv0413,India,Asia,male,3,1,male,8
475226875_1,Taj_POS_6553_1,"We came to the city of Agra and it was so dirty full of people , and even had difficulties to stay the night over .",May,2016,April,2017,Aida_Matuleviciute,Lithuania,Europe,male,1,1,female,8
474896501_2,Taj_POS_6572_2,"It is such a beautiful building , so perfect and symmetrical from every angle .",March,2017,April,2017,hobart_10,Australia,Oceania,male,4,2,male,88
474896501_4,Taj_POS_6572_4,The story behind the building of the Taj is very touching and it is well worth doing some reading about the Mughals and the history behind the building to fully appreciate it .,March,2017,April,2017,hobart_10,Australia,Oceania,male,4,2,male,88
474896501_5,Taj_POS_6572_5,"Along with that history goes Agra Fort , an incredible and huge complex with so many elements to it and we would suggest maybe seeing that before viewing the Taj Mahal as their stories are interconnected .",March,2017,April,2017,hobart_10,Australia,Oceania,male,3,1,male,88
473147178_2,Taj_POS_6647_2,"Amazing architecture and gardens , just can not believe our own eyes !",April,2017,April,2017,GeethaS172,India,Asia,male,3,1,female,8
472804297_1,Taj_POS_6676_1,"Marvelous design , incomparable architecture and the vastness will blow your mind .",April,2017,April,2017,Ann S,Malaysia,Asia,male,1,1,female,94
472804297_2,Taj_POS_6676_2,Detail of everything pattern and perfection of carving without modern machines is beyond imagination .,April,2017,April,2017,Ann S,Malaysia,Asia,male,3,1,female,94
472804297_11,Taj_POS_6676_11,it is pretty sad how time and increasing pollution has affected the structure .,April,2017,April,2017,Ann S,Malaysia,Asia,male,1,1,female,94
468276464_4,Taj_POS_6945_4,"No food or videocameras are allowed , no backpacks , not Even small .",March,2017,March,2017,EvaJ390,Norway,Europe,male,1,1,female,93
468276464_8,Taj_POS_6945_8,"The whole area is beautiful and interesting , garden is lovely .",March,2017,March,2017,EvaJ390,Norway,Europe,male,4,2,female,93
468276464_9,Taj_POS_6945_9,"There is a museum , but IT does not open before 9am .",March,2017,March,2017,EvaJ390,Norway,Europe,male,1,1,female,93
465709533_1,Taj_POS_7087_1,it is crazy to think that this magnificient building is a mausoleum .,March,2017,March,2017,SarahSwing,Cabo Verde,Africa,male,2,0,female,8
463641501_2,Taj_POS_7209_2,A lot of myths about the world wonder but be it a tomb or an old hindu temple destroyed by the mughals The Taj is truly magnificent and spellbinding !,February,2017,March,2017,Anusha_YK,Singapore,Asia,male,3,1,female,9
463641501_3,Taj_POS_7209_3,it is poorly maintained and the authorities are scrambling now to do their bit and not sure if its too late now .,February,2017,March,2017,Anusha_YK,Singapore,Asia,male,1,1,female,9
463032415_1,Taj_POS_7240_1,This is an amazing 3D work of art - a tribute to the dedication and skill of the craftsmen of the time and the love of the King for his late wife - totally unmissable .,January,2017,February,2017,642Lorraine74,United Kingdom,Europe,male,4,2,female,9
458414535_1,Taj_POS_7484_1,The architecture is amazing and to imagine people had such advanced visions and ideas to construct such a magnificent work of art .,January,2017,February,2017,Manhattan69,Malaysia,Asia,female,3,1,female,8
457483132_9,Taj_POS_7542_9,Great experience and the most beautiful man made place on earth !,February,2017,February,2017,CharlotteKirsch,United Kingdom,Europe,male,4,2,female,87
456994256_2,Taj_POS_7579_2,The history is fascinating and a private tour guide is recommended .,February,2017,February,2017,victor_m_8,Australia,Oceania,male,4,2,male,8
456950236_6,Taj_POS_7580_6,We stayed in Radisson Blu - Agra Hotel and it is perfect .,December,2016,February,2017,Pavan25,Georgia,Asia,female,3,1,male,8
452615669_2,Taj_POS_7795_2,From the history and romance to the intricate inlays and Indian white marble that repels so much of the wretched pollution in the atmosphere over this area - it is a wonderful experience .,November,2016,January,2017,TomPHV,United Kingdom,Europe,female,3,1,male,94
451652870_1,Taj_POS_7850_1,The Taj Mahal has to be seen to realise how stunning it truly is .,December,2016,January,2017,DanCarmody,United Kingdom,Europe,female,3,1,male,81
451652870_2,Taj_POS_7850_2,"Its also worth taking a guided tour to the monumental landmark , as the structures intriguing back story is one of compelling drama , undying love , and bitter irony .",December,2016,January,2017,DanCarmody,United Kingdom,Europe,female,3,1,male,81
451652870_3,Taj_POS_7850_3,"Things to be aware of - 1 / Getting into the grounds is like airport security on steroids , no food , cigarettes , laptops , etc .",December,2016,January,2017,DanCarmody,United Kingdom,Europe,female,1,1,male,81
451652870_7,Taj_POS_7850_7,3 / The grounds are not ridiculously busy ( unless you want to sit on the famous Princess Diana bench ) but we were warned that several pick pockets operate in the area due to its constant stream of people .,December,2016,January,2017,DanCarmody,United Kingdom,Europe,female,1,1,male,81
451652870_8,Taj_POS_7850_8,"4 / Be aware that the structure is currently undergoing maintenance work in the form of cleaning , subsequently one of the towers is currently covered in scaffold and the face of the building is due to undergo the same treatment later in 2017 .",December,2016,January,2017,DanCarmody,United Kingdom,Europe,female,1,1,male,81
451246782_4,Taj_POS_7872_4,But outside there are plenty of photo opportunities and it really is a beautiful monument .,January,2017,January,2017,Elaine R,United Kingdom,Europe,male,3,1,female,8
449774959_2,Taj_POS_7946_2,"The place is so beautiful , it is really a masterpiece .",January,2017,January,2017,Chun Yin L,Singapore,Asia,female,4,2,female,91
449774959_4,Taj_POS_7946_4,"There is no painting done on the walls and all the colours you see is actually made of different stones , placed into white marble .",January,2017,January,2017,Chun Yin L,Singapore,Asia,female,1,1,female,91
449774959_8,Taj_POS_7946_8,"According to our guide , there is plans to clean the main dome next .",January,2017,January,2017,Chun Yin L,Singapore,Asia,female,1,1,female,91
449752224_2,Taj_POS_7950_2,Wow what a beautiful monument that was commissioned by the Mughal Emperor for his favourite wife Mumtaz Mahal .,December,2016,January,2017,RosemarieG917,Australia,Oceania,male,3,1,female,98
449612881_2,Taj_POS_7954_2,It is quite amazing to see the facility and view the magnificent work that has gone into its construction and the beautiful surrounding gardens .,January,2017,January,2017,23PeterJ,Australia,Oceania,male,4,2,male,94
447334304_1,Taj_POS_8082_1,An architecture full with love story You will wonder how the people build this building .,December,2016,December,2016,LynnLim511,Malaysia,Asia,male,3,1,female,8
446573938_1,Taj_POS_8120_1,"No words to describe this structure , I feel description will not do justice to such a monument .",December,2016,December,2016,Rohan K,India,Asia,female,1,1,male,8
444564084_1,Taj_POS_8244_1,"We took a walk from our Hostel down the street to the Taj Mahal , there are little shops and restaurants lining the street .",December,2016,December,2016,Jules6525,United Kingdom,Europe,female,1,1,male,80
441849824_1,Taj_POS_8367_1,"The air is foul , the streets and countryside awash with commercial and domestic rubbish ( which is often occupied by pigs and cows fossicking for food the traffic is abominable , the constant blaring of horns irritating and travel painfully slow .",November,2016,December,2016,John P,Australia,Oceania,male,0,2,male,9
441849824_2,Taj_POS_8367_2,"The state of roads and footpaths is beyond belief and the harassment by street vendors is relentless , Then you get to the Taj Mahal and all is forgiven .",November,2016,December,2016,John P,Australia,Oceania,male,1,1,male,9
438625036_1,Taj_POS_8532_1,"Its hard to find words to explain how beautiful this building is , Have always wanted to see it , and now I have .",November,2016,November,2016,RuthS529,Australia,Oceania,male,3,1,female,84
437960097_2,Taj_POS_8566_2,"Beautiful , stunning & nothing can beat the beauty of Taj .",July,2016,November,2016,priyanka p,Saudi Arabia,Asia,male,3,1,female,9
436490005_1,Taj_POS_8627_1,Snow white marble masterpiece work displays nothing but a legacy of India .,January,2016,November,2016,LorraineOrcino,Spain,Europe,male,1,1,female,9
436490005_2,Taj_POS_8627_2,This is constructed in the memory of princess and this is a must visit place at Agra .,January,2016,November,2016,LorraineOrcino,Spain,Europe,male,1,1,female,9
436297536_5,Taj_POS_8632_5,The story of the building is very romantic and sad but it is a wonderfully photogenic building and is constructed wonderfully well using fine quality materials .,November,2016,November,2016,MichaelW734,United Kingdom,Europe,male,4,2,male,79
436297536_6,Taj_POS_8632_6,The inlay is stunning and the details are are just so clever and thought Taj is however beginning to suffer from the rampant pollution of the city and you will be lucky to avoid seeing scaffolding enveloping the building somewhere .,November,2016,November,2016,MichaelW734,United Kingdom,Europe,male,3,1,male,79
434465367_1,Taj_POS_8716_1,"The Taj Mahal definitely lives up to expectations of grandeur , class and awe .",October,2016,November,2016,Grant D,Thailand,Asia,male,3,1,male,9
429537204_1,Taj_POS_8909_1,"Masterpiece of simetric architecture sided with beautiful patterns covering all the magestic buildings , the Taj is whithout a doubt the most romantic and honorable memoire one could ever receive .",October,2016,October,2016,PedroT425,Spain,Europe,female,3,1,male,9
428493034_1,Taj_POS_8945_1,"There is nothing extra you can say about taj mahal , everyonr already kniws about its beauty , witnessing the beauty of taj mahal live is a lifetime experience , .",October,2016,October,2016,pompom896,United Kingdom,Europe,male,3,1,male,9
427828929_2,Taj_POS_8975_2,A private guide gives you so much information and brings the history of the area to life .,October,2016,October,2016,Robyn A,Qatar,Asia,male,3,1,female,9
424635657_1,Taj_POS_9099_1,The Taj is so beautiful and the atmosphere just adds to its beauty .,September,2016,October,2016,Stephanie L,United Kingdom,Europe,male,4,2,female,9
423536486_3,Taj_POS_9128_3,"I much better appreciated this site after knowing the details of the construction , the history , the imprisonment of the Emperor of his son , etc .",September,2016,September,2016,vic10101,Philippines,Asia,male,1,1,male,83
423536486_4,Taj_POS_9128_4,It is worth seeing it and it is amazing that anyone would build such a stupendous mausoleum for his wife .,September,2016,September,2016,vic10101,Philippines,Asia,male,3,1,male,83
423536486_8,Taj_POS_9128_8,"The train , Gatiman , was comfortable , Aircon , with food , and leaves exactly on time .",September,2016,September,2016,vic10101,Philippines,Asia,male,1,1,male,83
423501869_2,Taj_POS_9129_2,Emperor Jahangir ( Shah Jahan ) built this beautiful structure in memory of his beloved wife Mumtaz Mahal since it was her last wish that he built the most perfect monument to immortalize their love .,September,2016,September,2016,AnannyaDatta,India,Asia,male,3,1,female,79
423501869_6,Taj_POS_9129_6,"Everything about the Taj is wonderful , rich history , lovely architecture , amazing workmanship , perfect setting and awesome love story .",September,2016,September,2016,AnannyaDatta,India,Asia,male,4,2,female,79
423276400_1,Taj_POS_9139_1,The road leading up to the taj is now clean and tidy .,September,2016,September,2016,Judith Y,United Kingdom,Europe,female,1,1,female,8
412336709_1,Taj_POS_9426_1,"Every time you visit , you are overwhelmed by this beautiful imposing structure .",August,2016,August,2016,sourav g,India,Asia,male,3,1,male,88
412336709_2,Taj_POS_9426_2,Scaffolding on the minarets for cleaning and maintenance mar the beautiful view .,August,2016,August,2016,sourav g,India,Asia,male,1,1,male,88
399135310_5,Taj_POS_9713_5,There is no dress code and it is closed on Fridays .,July,2016,July,2016,TeneSaarva,United Arab Emirates,Asia,male,1,1,female,82
399130791_2,Taj_POS_9714_2,He gave us a lot of information and history which I appreciated .,July,2016,July,2016,MarvBlonde,South Africa,Africa,male,1,1,male,98
395818050_1,Taj_POS_9781_1,This monument in white marble is a testimony to the artistic skills of ancient India .,January,2016,July,2016,Rajesh k,India,Asia,male,3,1,male,90
385719190_1,Taj_POS_10007_1,"Simply Majestic Word can not define the monument of love , I feel privileged to been there , undoubtedly must visit place in lifetime .",June,2016,June,2016,AshishSharmaUK,India,Asia,male,1,1,male,9
385719190_2,Taj_POS_10007_2,I believe that The Taj Mahal better to explore with audio guide to feel connected with true love of Mughal emperor Shah Jahan .,June,2016,June,2016,AshishSharmaUK,India,Asia,male,1,1,male,9
383404182_1,Taj_POS_10063_1,"I have been here many times , its a great experience always .",June,2016,June,2016,singh_30in,India,Asia,male,3,1,male,9
382991340_1,Taj_POS_10075_1,Inspite the architecture is a beauty every time you see it .,June,2016,June,2016,Vinay D,India,Asia,male,3,1,male,8
378168159_13,Taj_POS_10186_13,"But anyways , the marble carvings inside the monument are very beautiful but its not like that those are very unique .",May,2016,May,2016,India_Expl0rer,India,Asia,male,3,1,female,99
378168159_16,Taj_POS_10186_16,"But seeing its importance in World's context , the Taj is not clean .",May,2016,May,2016,India_Expl0rer,India,Asia,male,1,1,female,99
378168159_17,Taj_POS_10186_17,"People have spitted on walls inside Taj , have thrown water bottles in the premises and ponds in front , dustbins were full from last day so shoe covers were flowing here and there in the whole compound .",May,2016,May,2016,India_Expl0rer,India,Asia,male,1,1,female,99
378168159_18,Taj_POS_10186_18,People from the whole world come here and the authorities and the tourists visiting the monument can not keep it clean .,May,2016,May,2016,India_Expl0rer,India,Asia,male,1,1,female,99
378168159_29,Taj_POS_10186_29,There is a lone water cooler which may run empty at times .,May,2016,May,2016,India_Expl0rer,India,Asia,male,1,1,female,99
375854262_3,Taj_POS_10261_3,The wonderful inlaid semi precious stones in the marble was something we had not expected .,May,2016,May,2016,ioan_wilson,United Kingdom,Europe,male,3,1,male,84
374685928_3,Taj_POS_10304_3,"Photos can not be taken inside the actual Taj , there are signs inside to remind you .",April,2016,May,2016,Alastair M,New Zealand,Oceania,male,1,1,male,9
373940981_2,Taj_POS_10322_2,A love story that brings a tear to my eye and a sadness in my heart .,March,2016,May,2016,Vicki S,Australia,Oceania,female,3,1,female,87
373940981_8,Taj_POS_10322_8,We were there early in the morning but there are plenty of trees to provide shade on the grounds but it was quite hot in the sun .,March,2016,May,2016,Vicki S,Australia,Oceania,female,1,1,female,87
368332817_1,Taj_POS_10448_1,"it is hard to believe how beautiful and peaceful this extraordinary monument is , it was the last place we visited in a month of incredible India , this surpassed my high expectations .",April,2016,April,2016,NigelBacon,Australia,Oceania,male,3,1,male,78
367356687_3,Taj_POS_10473_3,"We were there at dawn , watching the lambent light strengthen so the colours of the marble and pietra dura become more intense .",April,2016,April,2016,Muriel M,Canada,North America,female,1,1,female,80
367356687_4,Taj_POS_10473_4,"The proportions , the prayer around the main door , the balance of the minarets , the detail of the sculptured marble flowers or the marble screens , carved from a single piece of stone , I am babbling , but that is what this site reduces me to .",April,2016,April,2016,Muriel M,Canada,North America,female,1,1,female,80
366856862_2,Taj_POS_10493_2,"A wonderful building , in beautiful gardens , with plenty to see .",April,2016,April,2016,Richard W,United Kingdom,Europe,male,4,2,male,82
366856862_3,Taj_POS_10493_3,"Visiting inside the tomb was rather like being in a market place , with jostling crowds , noise and guards .",April,2016,April,2016,Richard W,United Kingdom,Europe,male,1,1,male,82
366856862_4,Taj_POS_10493_4,"do not miss the Mosque to the side of the Taj itself , and there is a small museum .",April,2016,April,2016,Richard W,United Kingdom,Europe,male,1,1,male,82
362995783_1,Taj_POS_10652_1,"It was clean and well maintained , which was a welcome change from the streets of Agra .",April,2016,April,2016,Kristen M,United Arab Emirates,Asia,female,3,1,female,8
362995783_2,Taj_POS_10652_2,This was a striking monument from a husband to his wife .,April,2016,April,2016,Kristen M,United Arab Emirates,Asia,female,3,1,female,8
362995783_3,Taj_POS_10652_3,"Though they were cleaning 3 out of the 4 pillars , it was still lovely to see .",April,2016,April,2016,Kristen M,United Arab Emirates,Asia,female,3,1,female,8
362686971_5,Taj_POS_10663_5,"It is very clean over there , you just can not believe it is in India !",January,2016,April,2016,Kristina_Bohmer,Slovakia,Europe,male,3,1,female,9
361207746_1,Taj_POS_10742_1,"If there is one thing worth seeing in life , then this is it , all built for the love of his wife .",March,2016,April,2016,Chandresh P,United Kingdom,Europe,male,3,1,male,8
356925304_1,Taj_POS_10970_1,it is really a living palace from a real love story .,March,2016,March,2016,west_dragon,China,Asia,female,3,1,male,8
356541757_2,Taj_POS_10993_2,"it was hot and there were lots of people in the queue , and once inside , all sorts of smell , but overall , the view was amazing .",June,2015,March,2016,WanderYam,United Arab Emirates,Asia,female,1,1,male,8
353767043_2,Taj_POS_11143_2,"It really is an amazing work of art , though a little smaller then i had expexted .",March,2016,March,2016,Severine B,Belgium,Europe,male,4,2,female,96
352047282_2,Taj_POS_11232_2,I know the story behind Taj and its one side beautiful and other side cruel !,April,2015,March,2016,AlionaIsebia,Georgia,Asia,female,3,1,female,8
352047282_4,Taj_POS_11232_4,"On other side he built it to make people see in centuries how big his love was and how he was seeing his wife , there is a legend that he wanted to build silver bridge over Yamuna river and on other side build small black stoned tomb for himself , cz that is how he was feeling himself infront of hia wife .",April,2015,March,2016,AlionaIsebia,Georgia,Asia,female,1,1,female,8
352047282_5,Taj_POS_11232_5,But he was arrested by his son cz he was spending lot of gold and precision stones to build taj and people were suffering cz of that .,April,2015,March,2016,AlionaIsebia,Georgia,Asia,female,1,1,female,8
352047282_9,Taj_POS_11232_9,Its incredible how beautiful build it is nothing much and nothing less its feels its been built on other planet and put it in once on earth .,April,2015,March,2016,AlionaIsebia,Georgia,Asia,female,1,1,female,8
350790817_1,Taj_POS_11308_1,"This monument built for the love of a woman as to be seen , One can only stand a stare the first time you see it , The workmanship that went into this building is unbelievable .",February,2016,February,2016,Neil S,United Kingdom,Europe,male,0,2,male,80
346157399_4,Taj_POS_11570_4,"It does not look anything like the photos you see of it and its position on the river gives it a whole new appeal , as do the stories of its history .",October,2015,February,2016,FairAir,Switzerland,Europe,male,1,1,male,9
343076962_1,Taj_POS_11729_1,The splendour of this majestic mausoleum built in the Mughal style architecture at the northern end of extensive walled gardens was designed in the style of Charbagh with an Islamic theme of Paradise We had been hoping to visit at sun set but our guide had other ideas !,December,2015,January,2016,terence s,United Kingdom,Europe,male,1,1,male,9
341332264_1,Taj_POS_11827_1,"feel proud of architects , engineers & masons of that bygone era !",January,2016,January,2016,neelu2015,India,Asia,male,3,1,female,9
341332264_2,Taj_POS_11827_2,"Such a magnificent structure , holding high after hundreds of years !",January,2016,January,2016,neelu2015,India,Asia,male,4,2,female,9
339854529_4,Taj_POS_11914_4,"The joy of viewing such great wonder of the world was only taken away by the constant pestering of the guides , photographers and other vendors .",January,2016,January,2016,Vivek G,India,Asia,female,2,0,male,94
339854529_16,Taj_POS_11914_16,The water in the pool is greenish and needs to be cleaned regularly .,January,2016,January,2016,Vivek G,India,Asia,female,1,1,male,94
339553104_1,Taj_POS_11937_1,"but I want to say about difficulties to enjoy the beauty , specially the silence it demands to comprehend the magnificent architecture .",July,2015,January,2016,KaziTithi,Bangladesh,Asia,male,3,1,male,93
339553104_4,Taj_POS_11937_4,"There are some other graves inside except that of Mumtaz Mohal and Shahjahan , but there is no description or identities .",July,2015,January,2016,KaziTithi,Bangladesh,Asia,male,1,1,male,93
337822947_1,Taj_POS_12069_1,"The Taj Mahal is a pure reflaction of the love of shajahaan for mumtaz , One can only imagine mumtaz's beauty by having glimpses at this wonderful TAJ MAHAL , The architecture is so precise , every corner and every stone so well planned and designed by the KING for his beloved .",January,2016,January,2016,Mohammed N,India,Asia,male,4,2,male,9
337822947_2,Taj_POS_12069_2,If you are in love or you believe in love this one place you must must must visit once in your life .,January,2016,January,2016,Mohammed N,India,Asia,male,3,1,male,9
336876736_1,Taj_POS_12123_1,"Amazingly Stunning , Perfect Symmetrical & Beautiful White Marble Architecture , which can take your whole day to understand and grasp the majestic and Grandeur of the Structure .",December,2015,January,2016,Saurabh M,United Arab Emirates,Asia,female,3,1,male,94
336876736_2,Taj_POS_12123_2,"However as prevailing in all Indian attractions , Till Entrance , the Tajmahal is flooded with photographers , Sellers , Carts and lot more which is sometime too annoying .",December,2015,January,2016,Saurabh M,United Arab Emirates,Asia,female,1,1,male,94
335556673_1,Taj_POS_12229_1,Totally blown away by the detailing and the love story behind it .,December,2015,December,2015,Philip_See,Malaysia,Asia,male,3,1,male,9
335248777_2,Taj_POS_12248_2,"It is a truly amazing place , a wonder of the world .",August,2015,December,2015,Isa_monzaItaly,Italy,Europe,male,4,2,female,87
333083279_1,Taj_POS_12392_1,Its just a place that every single person has to see in his life .,February,2015,December,2015,Chris_Globe_Trottel,Switzerland,Europe,male,3,1,male,95
329973509_2,Taj_POS_12586_2,It is a pleasure to be there to see and absorb how such a monument was built so many hundreds of years ago without any modern construction techniques .,March,2015,November,2015,GauravChand,India,Asia,male,3,1,male,79
329879966_3,Taj_POS_12596_3,Inside is disappointing ( like so many other fabulous buildings around the world Close up the excellence of the craftsmen is evident and the intricate designs in and on the marble are exquisite .,November,2015,November,2015,Francesca P,Australia,Oceania,female,1,1,female,80
329879966_5,Taj_POS_12596_5,You would think that the local council would clean it up and that the locals would have some pride in their buildings .,November,2015,November,2015,Francesca P,Australia,Oceania,female,1,1,female,80
327956224_1,Taj_POS_12704_1,It is the Jewel of Muslim art in india and best example of Mughal architecture .,March,2015,November,2015,BhaskarDwivedi,India,Asia,male,3,1,male,9
326249191_1,Taj_POS_12817_1,"History apart , its structure , its adorable beauties is so rich one can feel the royalty live till the date .",November,2015,November,2015,happy707,India,Asia,male,3,1,female,9
326229097_2,Taj_POS_12821_2,"The level of detail in the stone carving and inlaying is unbelievable and for photographers its a gift , you could take a thousand pictures and they would all be great .",October,2015,November,2015,MartinR208,United Kingdom,Europe,male,3,1,male,78
324733003_1,Taj_POS_12915_1,such a romantic place love it each and every time i visit here .,July,2015,November,2015,Kunal S,India,Asia,male,3,1,male,8
323646818_1,Taj_POS_12977_1,"Must be the most beautiful building in the world , everyone should see iit at least once in their lifetime .",October,2015,November,2015,Clive59,United Kingdom,Europe,female,3,1,male,88
322142493_2,Taj_POS_13064_2,"Taj Mahal - symbol of Love , Beautiful architecture & too attractive .",May,2015,October,2015,Sunita_Sinha1985,India,Asia,male,3,1,female,9
322142493_4,Taj_POS_13064_4,"Its mind boggling , breathtaking & a place I will always cherish the time spent .",May,2015,October,2015,Sunita_Sinha1985,India,Asia,male,3,1,female,9
321301999_1,Taj_POS_13109_1,The rich Mughal dynasty had pleasure to make the monuments of love & faith during their reign in India .,November,2014,October,2015,Merve Baris C,Turkey,Asia,female,3,1,female,8
321301999_2,Taj_POS_13109_2,The architectural style is a blend of Hindu and Muslim and it is not known who the architect was / is .,November,2014,October,2015,Merve Baris C,Turkey,Asia,female,1,1,female,8
319260037_3,Taj_POS_13209_3,"The more explanations and details I learned about this building , the more fascinated and impressed I became .",September,2015,October,2015,WouterVG7,Belgium,Europe,female,3,1,male,91
303118073_2,Taj_POS_13793_2,the area where he was inprisoined by his son in agra fort gave clear view of taj mahal .,April,2015,August,2015,shailesh j,India,Asia,male,1,1,male,9
302817500_1,Taj_POS_13806_1,"Gar firdaus bar-rue zamin ast , hami asto , hamin asto , hamin ast .",September,2014,August,2015,Rahul_Kayal,India,Asia,female,1,1,male,87
294212949_2,Taj_POS_14033_2,We had a tour guide who brought us all around the complex and explained the history behind the Taj .,August,2014,July,2015,Jeff905,Canada,North America,female,3,1,male,9
292551517_2,Taj_POS_14076_2,To tip would be arrive early in the morning to avoid the over crowding we spend three hours walking around the grounds they shops in the area are very overpriced we stopped on the way back to Agra and bough souvenirs from the small village type shops .,March,2015,July,2015,Caroline G,United Kingdom,Europe,male,1,1,female,81
292250809_1,Taj_POS_14086_1,Absolutely amazing white marble Mausoleum with beautiful inlaid precious stone decorations .,March,2015,July,2015,Terry C,Australia,Oceania,female,3,1,male,8
289692813_3,Taj_POS_14159_3,The design and work of craftsmanship done in the buildings were just amazing .,May,2015,July,2015,LinoVy,Saudi Arabia,Asia,male,1,1,male,8
287042930_1,Taj_POS_14252_1,This huge and incredibile monument of love and symbol of India did not disappoint me at all - stunning mausoleum in white marble in Indo-arabic style .,July,2015,July,2015,Bernardo B,Italy,Europe,female,3,1,male,9
283763108_2,Taj_POS_14427_2,I strongly believe this the best of 7 Wonders in the World .,June,2015,June,2015,Varun0123,India,Asia,female,3,1,male,8
279614209_2,Taj_POS_14575_2,Beautiful architecture but you realize that the authorities really do not give a damn about the place .,June,2015,June,2015,Tushar M,India,Asia,male,1,1,male,97
278565926_2,Taj_POS_14615_2,"it is pointless telling you about the beauty and majesty of this monument , so I thought I would share some of our positive and negative experiences relating to the visit .",June,2015,June,2015,Steph G,Australia,Oceania,male,1,1,male,82
277446630_1,Taj_POS_14662_1,If you ever wondered how far someones architectural imagination can stretch I strongly advice to see Taj Mahal !,December,2014,June,2015,Julia A,Canada,North America,male,2,0,female,8
267260009_1,Taj_POS_15020_1,The size and scale of the Taj is simply breath taking .,April,2015,April,2015,Phil J,Australia,Oceania,male,3,1,male,8
267260009_2,Taj_POS_15020_2,I think our modern day politicians could learn something about vision from these rulers of the past .,April,2015,April,2015,Phil J,Australia,Oceania,male,2,0,male,8
264626614_1,Taj_POS_15141_1,Always wanted to visit the Taj Mahal and this was a dream come true .,April,2015,April,2015,PaulSamuel,India,Asia,male,3,1,male,8
263885494_1,Taj_POS_15179_1,awesome experience what a view great it remembers me the time mughals .,February,2015,April,2015,ojas575,India,Asia,female,3,1,male,9
261420964_2,Taj_POS_15311_2,It is absolutely beautiful and learning about the story behind it makes the experience so much more special .,March,2015,March,2015,Torie113,United Kingdom,Europe,male,4,2,female,95
258897364_2,Taj_POS_15475_2,The beauty of the place is truly marvelous and the various folklores associated make it even more intriguing and worthy visit .,February,2015,March,2015,Summer F,Canada,North America,male,4,2,female,8
258497663_2,Taj_POS_15503_2,"The intricate artwork , the inlaid stones and the grand marble structure against a blue sky .",March,2015,March,2015,Anuj2010,India,Asia,male,3,1,male,9
256495033_1,Taj_POS_15625_1,The Taj Mahal is everything it is cracked up to be and a marvellous example of the skills of builders and architects from centuries ago .,February,2015,February,2015,timothyP,Afghanistan,Asia,male,1,1,male,99
256495033_2,Taj_POS_15625_2,"However , it is crowded and there are touts on the approach roads and inside there are photographers conning you into 's pecial photos Needless to say we fell for it ( and actually quite liked them ) .",February,2015,February,2015,timothyP,Afghanistan,Asia,male,2,0,male,99
255356389_4,Taj_POS_15698_4,But beware of the shopping area outside the monument which are looting the tourists .,January,2015,February,2015,reena56,India,Asia,male,1,1,female,86
254061589_3,Taj_POS_15777_3,You would be chased by lots of photographers and guides inside .,February,2015,February,2015,99Bhupendra,India,Asia,male,1,1,male,90
253833685_1,Taj_POS_15798_1,"The beauty and atmosphere of this place is overwhelming , you can see in every detail of the place the reason why this is considered one of the modern world wonders .",June,2014,February,2015,AngelicaDelHierro,Mexico,North America,female,3,1,female,8
253158783_4,Taj_POS_15832_4,We had plenty of time to view the building and enjoy the atmosphere of the history of the building .,February,2015,February,2015,RogerRFC,United Kingdom,Europe,male,2,0,male,95
247938404_1,Taj_POS_16121_1,The ASI and CISF do a relatively good job of regulating visitors .,January,2015,January,2015,sanjay_ska,India,Asia,male,3,1,male,90
247938404_2,Taj_POS_16121_2,"However , signages at key points in the area would help the visitors who do not want to avail the services of any of the cluster of guides who descend upon any visitor .",January,2015,January,2015,sanjay_ska,India,Asia,male,2,0,male,90
247530555_1,Taj_POS_16145_1,One of the wonders of the modern world is truly a wonder .,January,2015,January,2015,VikramVishwanath,India,Asia,male,3,1,male,8
247530555_2,Taj_POS_16145_2,It is certainly one of the best built by the mughals .,January,2015,January,2015,VikramVishwanath,India,Asia,male,4,2,male,8
243900110_1,Taj_POS_16359_1,"Raj was a fabulous guide and provided us with a historical and humanistic overview of Agra , the Agra Fort , the Taj Mahal and the wonderful arts and crafts of the Agra area .",November,2014,December,2014,Judy M,Canada,North America,female,3,1,female,8
243865009_1,Taj_POS_16361_1,There are many reasons why the Taj is generally thought to be the epitome of extraordinary architecture and the acme of one of the world's most famous love stories .,December,2014,December,2014,Joel_Andrews28,United States,North America,female,3,1,male,8
243865009_2,Taj_POS_16361_2,"Although I visited the Taj over 40 years ago ( in 1970 ) I can still visualize its perfect symmetry , its white dome against the blue sky , closeups of colorful gems set in white stone , its reflecting pool , its inside shaded coolness vs .",December,2014,December,2014,Joel_Andrews28,United States,North America,female,3,1,male,8
243106627_1,Taj_POS_16416_1,It great to see the mix of people and the calm inside from the craziness of the streets .,March,2014,December,2014,Nicholas_Booth_1981,France,Europe,female,3,1,male,9
241506330_2,Taj_POS_16514_2,the construction which took place ages ago still appears to be constructed recently .,November,2014,November,2014,Prasun_Patel,India,Asia,male,2,0,male,92
240512725_1,Taj_POS_16578_1,"This awesome and majestical celebration of love is truly amazing , but more so when seen through the anguished eyes of its creator - the truest of lovers .",September,2014,November,2014,Philip B,Australia,Oceania,male,3,1,male,9
240512725_2,Taj_POS_16578_2,"One must therefore visit the lofty galleries of Agra's Fort and stand where Shah Jahan spent his last years in captivity , gazing across a separating bend of the Yamuna River , ever beholding perhaps the greatest tribute to devoted love the world has ever seen .",September,2014,November,2014,Philip B,Australia,Oceania,male,3,1,male,9
240512725_3,Taj_POS_16578_3,Sleep now in peace Shah Jahan with your much loved Mumtaz .,September,2014,November,2014,Philip B,Australia,Oceania,male,3,1,male,9
240174772_6,Taj_POS_16608_6,All this to avoid pollutants contaminating this monument of love and beauty .,October,2014,November,2014,Dr Neerja L B,India,Asia,male,2,0,female,84
240174772_8,Taj_POS_16608_8,"The rates keep changing , but are all listed , and its manned by authentic persons and not touts .",October,2014,November,2014,Dr Neerja L B,India,Asia,male,1,1,female,84
240174772_9,Taj_POS_16608_9,"The view is breathtaking , we avoided guides since we were all history buffs anyway and knew the story well .",October,2014,November,2014,Dr Neerja L B,India,Asia,male,4,2,female,84
240121838_1,Taj_POS_16612_1,You have to see it up close to realise just what a magnificent structure this is .,November,2014,November,2014,Raj P,United Kingdom,Europe,female,3,1,male,8
239662717_1,Taj_POS_16633_1,Feeling proud to have such a wonderful wonder in my country .,October,2014,November,2014,Ruby S,India,Asia,male,3,1,female,94
239216860_1,Taj_POS_16656_1,"Liked the architecture , the work in stones , the discipline among the guards and the fact told to us by the guides .",November,2014,November,2014,Priyanka D,India,Asia,female,3,1,female,9
238085217_3,Taj_POS_16723_3,"A guided tour is a must , to understand the history behind the structure .",October,2014,November,2014,Vishal750,India,Asia,male,3,1,male,93
235705811_4,Taj_POS_16840_4,things that were taken off people ( not me ) food and a karma sutra book !,October,2014,October,2014,Louise e,United Kingdom,Europe,male,2,0,female,86
235705811_9,Taj_POS_16840_9,its so peaceful and gives you an opportunity to admire its beauty in pace and awe !,October,2014,October,2014,Louise e,United Kingdom,Europe,male,4,2,female,86
234813169_22,Taj_POS_16873_22,"There are unruly groups , esp ones that stay at the Oberoi who believe they are entitled .",October,2014,October,2014,kelvi,American Samoa,Oceania,female,3,1,female,99
234813169_23,Taj_POS_16873_23,This alone is a dog eat dog world after the sun sets .,October,2014,October,2014,kelvi,American Samoa,Oceania,female,1,1,female,99
233711146_2,Taj_POS_16916_2,"Amazing history and amazing monument , That said , there are a lot of Indians around .",September,2014,October,2014,John19091975,Denmark,Europe,male,3,1,male,86
231009286_1,Taj_POS_17022_1,"unbelievable , washed in white aura of purity , a great example of Love , it is an all encompassing site any time of day or night .",September,2014,September,2014,Natasha G,India,Asia,male,1,1,female,8
227331139_1,Taj_POS_17159_1,and food was so good the waiters were very helpfull clean n such good restraunt what more you want eating curry on the terrace mark oldham .,August,2014,September,2014,mark b,United Kingdom,Europe,female,3,1,male,9
226310098_1,Taj_POS_17196_1,A great monument to visit and see the magnificent structure so beautifully built in those days as a memory for his wife by the emperor .,August,2014,September,2014,Ravi U,Canada,North America,male,4,2,male,8
222803954_5,Taj_POS_17302_5,The history behind it makes it more attractive and worth seeing .,August,2014,August,2014,243Jenny_D_12243,United Arab Emirates,Asia,male,4,2,female,8
217601544_1,Taj_POS_17420_1,Breathtaking when you consider the scale and beauty of when this monument was constructed .,July,2014,July,2014,RegCalabria,Australia,Oceania,male,2,0,male,90
217601544_2,Taj_POS_17420_2,Pity the colonial Brits stripped away all of the decorative gemstones but still magnificent .,July,2014,July,2014,RegCalabria,Australia,Oceania,male,1,1,male,90
217601544_3,Taj_POS_17420_3,Agra the town is a real hole that many Indians shake their heads over .,July,2014,July,2014,RegCalabria,Australia,Oceania,male,1,1,male,90
215720729_2,Taj_POS_17455_2,"Apart from the beauty of such a place , once you are inside and away from the hordes of touts and sellers outside it gives that serene tranquillity that is not easily found in India .",September,2013,July,2014,John S,United Kingdom,Europe,male,1,1,male,95
210749280_1,Taj_POS_17612_1,It is an extremely impressive structure that words can not describe .,June,2014,June,2014,Susie_3333,Australia,Oceania,male,4,2,female,85
203340178_1,Taj_POS_17840_1,"Yes it is the Taj and yes it is stunning - the ultimate expression of love lost ( although read some history , it is builder was not the perfect widower ) !",April,2014,April,2014,slhguys,United Kingdom,Europe,female,3,1,male,96
203340178_2,Taj_POS_17840_2,Of course you should go and admire the work and the majesty and the sheer splendor of one of the finest buildings on earth .,April,2014,April,2014,slhguys,United Kingdom,Europe,female,4,2,male,96
202381021_2,Taj_POS_17882_2,It displays the love of a man has for his wife .,April,2014,April,2014,HedyTan,Singapore,Asia,male,3,1,female,82
202381021_3,Taj_POS_17882_3,This is a proud display of the craftsmanship of yonder years which we are told still preserved till this day .,April,2014,April,2014,HedyTan,Singapore,Asia,male,3,1,female,82
202381021_4,Taj_POS_17882_4,It stands majestically in the midst of the well manicured gardens .,April,2014,April,2014,HedyTan,Singapore,Asia,male,3,1,female,82
197938963_2,Taj_POS_18083_2,The grounds and setting at the rear overlooking the River Yamuna are stunning .,March,2014,March,2014,Brian P,United Kingdom,Europe,male,3,1,male,81
196415686_1,Taj_POS_18155_1,"This is a muThe best must visit Monument , The best living example of Love .",October,2013,March,2014,Peter_kbk,United Kingdom,Europe,male,3,1,male,9
196015283_2,Taj_POS_18172_2,Such a huge and marvellous creation which is unbeatable even in this Machine era .,February,2014,March,2014,Ashish S,India,Asia,female,3,1,male,79
194507381_5,Taj_POS_18266_5,"With each step , the Taj distanced away with a feel that you are not complete to ensemble the celestial love engraved in simple coffins at the belly of this Makrana marble architecture , .",February,2014,February,2014,Rajeev26,India,Asia,male,1,1,male,8
193737340_2,Taj_POS_18309_2,"Built with a precision and symmetry and quality that would be the envy of any building , it really is a marvel .",January,2014,February,2014,Felix L,New Zealand,Oceania,male,3,1,male,89
191929509_2,Taj_POS_18422_2,"This is the splendor of history , architecture and the feel of just witnessing this magnificent site does not allow you to judge about merits and demerits .",May,2013,January,2014,AbhishekT923,India,Asia,male,1,1,male,8
190591575_1,Taj_POS_18513_1,It is so fascinating to hear the story why its called symbol of love and its beauty is just mesmerizing .,December,2013,January,2014,Rahul Y,India,Asia,female,4,2,male,9
187162296_1,Taj_POS_18743_1,"A Monument of True Love , An Epitome of beauty , one of the 7 wonders of the world .",December,2013,December,2013,ManishaParag,India,Asia,female,3,1,female,80
186492113_2,Taj_POS_18779_2,"Its color , ambience , beauty , sculpture , architecture were all perfect at its place .",January,2013,December,2013,Aniket06,India,Asia,male,1,1,male,8
186492113_3,Taj_POS_18779_3,Its completely a master piece and the carvings and efforts taken are appreciable .,January,2013,December,2013,Aniket06,India,Asia,male,3,1,male,8
184227662_1,Taj_POS_18880_1,"Came India only to see The Taj , after reaching we were just amazed by the Beauty of the Place , lovely architecture and ambiance , you can feel the love in the Air at this place , just speechless to see the beauty and admire it for hours and hours !",November,2013,November,2013,Ash J,United Arab Emirates,Asia,male,3,1,male,9
182713027_2,Taj_POS_18932_2,Carved from marble and inlaid with semi precious stones it truly is a work of art .,October,2013,October,2013,578SusanJ,United Kingdom,Europe,male,3,1,female,82
181639874_2,Taj_POS_18990_2,"When one visits with a good guide , one can appreciate the precision with which Taj Mahal has been built , the extensive labour of love and skill that has gone into it .",October,2013,October,2013,gururaj_bn,India,Asia,male,3,1,male,83
181071844_1,Taj_POS_19013_1,The symbol of love Taj Mahal if a wonder in itself .,October,2013,October,2013,kareem21,United Arab Emirates,Asia,female,3,1,male,96
180015026_2,Taj_POS_19077_2,A few practical notes that may be useful the Taj is not particularly wheel-chair friendly .,September,2013,October,2013,LiaRuby88,Australia,Oceania,female,1,1,female,8
180015026_8,Taj_POS_19077_8,Many are government trained and are able to give you a much richer picture of the fascinating history surrounding the monument .,September,2013,October,2013,LiaRuby88,Australia,Oceania,female,3,1,female,8
175101104_2,Taj_POS_19247_2,"A magnificent masterpiece monument with a love story on its back , gorgeous gardens , a cloud of white marble with precious stones , THE India must-see site , amazing symmetry , wondrous tombs and beautiful array of coloured tiles , intricate carved designs and inlay , a feast for the human's eyes .",January,2013,September,2013,Betty P,Argentina,South America,female,4,2,female,854
175101104_5,Taj_POS_19247_5,A lunch box is not a bad idea since there are no shops inside the Taj Mahal .,January,2013,September,2013,Betty P,Argentina,South America,female,1,1,female,854
175101104_8,Taj_POS_19247_8,"Like the whole of India , the overall experience is one of extremes .",January,2013,September,2013,Betty P,Argentina,South America,female,3,1,female,854
175101104_9,Taj_POS_19247_9,"Challenging the passing of Time , the elegant Taj stands majestically hoping to carry on inspiring generations to come with its sheer architectural genius and its indescribable beauty .",January,2013,September,2013,Betty P,Argentina,South America,female,3,1,female,854
171836141_1,Taj_POS_19343_1,should use some of the modern protective coatings to protect this fabulous monument .,August,2013,August,2013,Kunal B,India,Asia,female,3,1,male,99
164672806_1,Taj_POS_19516_1,"More than the marble and the majesty of the structure , the Taj Mahal is still suffused with energy from the love that Emperor Shahjehan for his statuesque and - in those days - modern wife Mumtaz Mahal .",January,2013,June,2013,madhav n,India,Asia,male,3,1,male,80
164672806_4,Taj_POS_19516_4,"But forget Aurangzeb and his fanaticism and focus on Shahjehan and Mumtaz as they sat together , played together , made love together .",January,2013,June,2013,madhav n,India,Asia,male,3,1,male,80
164672806_7,Taj_POS_19516_7,Watching the monument as it changes colour with the rising or setting son makes the experience even more life-changing .,January,2013,June,2013,madhav n,India,Asia,male,3,1,male,80
160857966_2,Taj_POS_19614_2,"The gardens , the fountain and security are very good around the building .",February,2013,May,2013,Prakash J,South Africa,Africa,male,3,1,male,8
160857966_4,Taj_POS_19614_4,The driver was good and the roads were in good condition .,February,2013,May,2013,Prakash J,South Africa,Africa,male,1,1,male,8
160461163_3,Taj_POS_19625_3,"Completed in 1653 , the Tj Mahal was built by the Mughal emperor Shah Jahan as the final resting place for his beloved wife , Mumtz Mahal .",April,2013,May,2013,AbuSayeed,India,Asia,male,1,1,male,8
160461163_4,Taj_POS_19625_4,"Built in marble stone , it is the India's most fascinating and beautiful monument .",April,2013,May,2013,AbuSayeed,India,Asia,male,3,1,male,8
160461163_5,Taj_POS_19625_5,"This perfectly symmetrical monument took 22 years and 20,000 workers , masons and jewellers to complete it .",April,2013,May,2013,AbuSayeed,India,Asia,male,3,1,male,8
160461163_9,Taj_POS_19625_9,"do not carry foods , chocolates , tobacco products as these are not allowed inside the Taj .",April,2013,May,2013,AbuSayeed,India,Asia,male,1,1,male,8
160461163_10,Taj_POS_19625_10,"Visit the Taj Mahal with blissful pride and fall in love , every time you visit it !",April,2013,May,2013,AbuSayeed,India,Asia,male,1,1,male,8
157060223_2,Taj_POS_19797_2,What surprised me however was the absolute level of awe and sheer excitement I felt in first catching a glimpse of this fabulous place .,April,2013,April,2013,AmandaC007,United Kingdom,Europe,male,3,1,female,85
157060223_5,Taj_POS_19797_5,"I was completely blown away by the scale , majesty and sheer beauty of the Taj .",April,2013,April,2013,AmandaC007,United Kingdom,Europe,male,4,2,female,85
156265000_1,Taj_POS_19838_1,"Beautiful , timeless piece of architecture , an ode to love .",March,2013,April,2013,Katy D,France,Europe,male,3,1,female,8
156265000_2,Taj_POS_19838_2,Its incredible really that such a beautiful structure could have been constructed so long ago way before any of the modern technological advances .,March,2013,April,2013,Katy D,France,Europe,male,3,1,female,8
155717370_2,Taj_POS_19868_2,My only dislike was the rubbish and people just threw away the special shoe covers on the ground despite bins being there .,March,2013,March,2013,Janis O,United Kingdom,Europe,male,1,1,female,82
154816483_4,Taj_POS_19926_4,Without a guide you will probably miss a lot of what makes this place so fascinating .,March,2013,March,2013,Philip P,United Kingdom,Europe,female,3,1,male,96
154816483_5,Taj_POS_19926_5,Not just the awe inspiring architecture but the history and facts behind it .,March,2013,March,2013,Philip P,United Kingdom,Europe,female,2,0,male,96
154816483_10,Taj_POS_19926_10,Afterwards once leaving a couple of our group wanted to get some souvenirs from the shops outside but we were warned off these and steered towards some more expensive craft shops and cottage type industries further away .,March,2013,March,2013,Philip P,United Kingdom,Europe,female,1,1,male,96
151364005_2,Taj_POS_20166_2,"As a landmark , wonder or testament of love I think everyone should visit it in their lifetime .",,,February,2013,DarrenL22,United Kingdom,Europe,male,3,1,male,97
150513825_1,Taj_POS_20232_1,"After seeing pictures of this monument for my whole life , I was still unprepared to experience it is beauty first-hand .",February,2012,January,2013,jayPod,Canada,North America,female,3,1,male,90
150513825_2,Taj_POS_20232_2,"Yes , there were a lot of people there , but the building and outbuildings are stunning .",February,2012,January,2013,jayPod,Canada,North America,female,3,1,male,90
149955459_2,Taj_POS_20288_2,"I had left India for more than 12 yrs and expected that with the economic boom , the living conditions , roads , railways etc are clean .",December,2012,January,2013,Prashanth P,Oman,Asia,male,1,1,male,79
149955459_3,Taj_POS_20288_3,"Roads very unclean , dirty with plastic cover thrown all over the pavements .",December,2012,January,2013,Prashanth P,Oman,Asia,male,1,1,male,79
149955459_4,Taj_POS_20288_4,"Just few distance from Taj , the roads and side walks are very dirty .",December,2012,January,2013,Prashanth P,Oman,Asia,male,1,1,male,79
149800930_1,Taj_POS_20297_1,"It lived up to its hype , it is a beautiful and mesmerising architecture and survived so many years .",January,2013,January,2013,Shushila B,Australia,Oceania,male,4,2,female,8
149800930_4,Taj_POS_20297_4,"Dislikes - if you are really serious about photography not being allowed inside the mausoleum , there needs to be a stricter control as people were still using their cameras , mobile phone cameras , etc .",January,2013,January,2013,Shushila B,Australia,Oceania,male,1,1,female,8
148941177_7,Taj_POS_20350_7,"With tons of sewage water that the river is flooded with and the polluted air being caused by the surrounding industries , I reckon Taj will not survive much longer .",December,2012,January,2013,Jay B,New Zealand,Oceania,female,1,1,male,81
147750155_2,Taj_POS_20446_2,I think it is one of the most beautiful man made structures ever built .,December,2012,December,2012,BartMBart,Canada,North America,male,4,2,male,98
147750155_6,Taj_POS_20446_6,"Also , there is no photography allowed inside the main room of the building .",December,2012,December,2012,BartMBart,Canada,North America,male,1,1,male,98
146744607_1,Taj_POS_20522_1,Maybe the most famous love monument in all around the world .,November,2012,December,2012,zettaGreece,Greece,Europe,female,3,1,female,83
144906451_1,Taj_POS_20636_1,"Every thing about it is awesome , the size , design , architecture , inlays , gardens around it , river behind it , Just too magnificent .",October,2012,November,2012,PrithviHaldea,India,Asia,male,1,1,male,83
144821892_1,Taj_POS_20640_1,"There is an incredible mix of old and new , clean and filthy , people who are hospitable and those out for a buck .",October,2012,November,2012,Diane M,United States,North America,male,3,1,female,9
144821892_2,Taj_POS_20640_2,The food generally is made from scratch and in my opinion very tasty .,October,2012,November,2012,Diane M,United States,North America,male,3,1,female,9
143110425_4,Taj_POS_20732_4,The love story behind the erection of the Taj Mahal is reflected in the beauty of its architecture .,September,2012,October,2012,CliveT64,United Kingdom,Europe,male,3,1,male,797
142270129_1,Taj_POS_20780_1,The dream of a life time came true and it was beyond expectations .,September,2012,October,2012,David S,United Kingdom,Europe,male,3,1,male,79
139961064_2,Taj_POS_20855_2,I just sit silence inside the Taj Mahal and felt such a amazing vibration of love in this place .,December,2011,September,2012,AshrafMystic,India,Asia,male,4,2,male,98
133514904_4,Taj_POS_21053_4,There is less street sellers at this time also so it takes away the hassle of a tourist area .,June,2012,July,2012,Gemma P,Qatar,Asia,male,1,1,female,9
131469734_3,Taj_POS_21133_3,4 ) Stay away from touts who try to sale Petha's / Marble goods .,June,2012,June,2012,nadeemg,India,Asia,male,2,0,male,83
125386924_2,Taj_POS_21480_2,This is what I call as falling in love at first sight .,April,2011,February,2012,Seena_Joy,Netherlands,Europe,male,1,1,female,92
125386924_3,Taj_POS_21480_3,"You will literally never take your eyes away from the architectural , massive beauty because of its majesty and grandeur .",April,2011,February,2012,Seena_Joy,Netherlands,Europe,male,3,1,female,92
124565662_1,Taj_POS_21526_1,Loved it all - the most beautiful building in the world .,January,2012,February,2012,Jacqui B,United Kingdom,Europe,male,3,1,female,8
123153412_1,Taj_POS_21606_1,"A beautiful site and architecture , and a clever - and straightforward !",December,2011,January,2012,Maitreyi,India,Asia,male,4,2,female,89
121423570_1,Taj_POS_21738_1,Been to Agra for the great attraction The TAJ MAHAL Watching this beauty transcends you to a different era alltogether .,February,2011,December,2011,Sunny04_11,India,Asia,male,3,1,male,85
121423570_2,Taj_POS_21738_2,"It is so beautiful , that one can feel the immense love of the king ShahJahan for his wife Mumtaj Mahal .",February,2011,December,2011,Sunny04_11,India,Asia,male,4,2,male,85
32003834_3,Taj_POS_22092_3,There is a saying that Shah Jehan who built it has made a fun of all of us who loved and still love as we can not build a shrine like it .,,,June,2009,Bhola,United States,North America,male,3,1,male,9
