616994084_2,Taj_NEG_20_2,If you want to explore on your own like self wondering this city private transport is not cooperative .,September,2018,September,2018,DrJigneshOrtho,India,Asia,female,1,1,male,9
616994084_4,Taj_NEG_20_4,After bargain Rickshawala never take you to desired gate of TAJ from where senior citizen has to walk minimun .,September,2018,September,2018,DrJigneshOrtho,India,Asia,female,1,1,male,9
237354874_8,Taj_NEG_177_8,No effort is made to shield the tourists from scortching sun .,October,2014,November,2014,Mahendra K,India,Asia,male,1,1,male,9
675162305_4,Taj_NEU_3_4,The four facades of the tomb are flanked by arches followed by smaller arches .,May,2019,May,2019,Wendy w,New Zealand,Oceania,female,1,1,female,96
632487473_2,Taj_NEU_31_2,The queues to get in are very long with lots of pushing and shoving .,November,2018,November,2018,Vikki A,United Arab Emirates,Asia,male,1,1,female,92
500664189_4,Taj_NEU_157_4,The complex was not too busy at this time which is a positive .,June,2017,July,2017,Steve U,India,Asia,male,1,1,male,9
425014135_1,Taj_NEU_255_1,Obviously somewhere that you will want to visit if you are traveling in India .,April,2016,October,2016,Tina L,United Kingdom,Europe,male,2,0,female,86
295897830_1,Taj_NEU_411_1,it was my 4th visit to agra with different sets of friends and every time i go their are new barricades for not entering visitors .,August,2015,August,2015,anubhuti s,India,Asia,male,1,1,female,8
232587977_2,Taj_NEU_504_2,There are always trying to take advantage of the thousand of tourists coming every day .,February,2014,October,2014,Julia L,France,Europe,male,1,1,female,8
232587977_3,Taj_NEU_504_3,"Just go to Agra , see this thing , take the photo and go away !",February,2014,October,2014,Julia L,France,Europe,male,3,1,female,8
699606308_1,Taj_POS_56_1,"Avoid going in the middle of the day , as the line up to pay is long , there are many people inside so pictures get ruined and its hot !",July,2019,August,2019,Preet R,Canada,North America,female,1,1,female,9
695198408_7,Taj_POS_95_7,The tours will drop you off at a local marble factory .,August,2019,August,2019,380DavidS380,Australia,Oceania,male,3,1,male,8
682684160_10,Taj_POS_229_10,"Returning to view the Taj from the other side of the river , the backside , is another experience worth doing .",June,2019,June,2019,Geoff W,United Kingdom,Europe,male,3,1,male,82
678057621_3,Taj_POS_314_3,Go at sun rise for the best and least crowded time .,May,2019,June,2019,Christine A,United Kingdom,Europe,female,2,0,female,97
678057621_4,Taj_POS_314_4,"And do see the other side of the Taj , its lovely but you never get to see it or the river behind .",May,2019,June,2019,Christine A,United Kingdom,Europe,female,3,1,female,97
671956140_1,Taj_POS_399_1,Very nice to see ( although the fountains were empty unfortunately definitely worth it .,April,2019,May,2019,WimJAR,Netherlands,Europe,male,3,1,male,8
671956140_2,Taj_POS_399_2,"Beware of monkeys at the entrance , they sometimes pick small objects from open bags at the bag control !",April,2019,May,2019,WimJAR,Netherlands,Europe,male,1,1,male,8
667888380_1,Taj_POS_469_1,Best to get there as early as possible to avoid crowds .,April,2019,April,2019,Jane H,United Kingdom,Europe,male,2,0,female,8
659916700_1,Taj_POS_680_1,Symmetry to the highest degree with the exception of the Mughal himself !,February,2019,March,2019,Mandi1955,Canada,North America,female,3,1,female,9
655726182_1,Taj_POS_828_1,"We arrived pre dawn and made our way through the various points purchasing tickets , shoe covers .",March,2019,March,2019,Jason B,Australia,Oceania,male,1,1,male,8
655726182_2,Taj_POS_828_2,"There are now multiple tickets , one ticket gets you into the garden where the long straight pond is and you can look at the mausolium from there .",March,2019,March,2019,Jason B,Australia,Oceania,male,1,1,male,8
655726182_3,Taj_POS_828_3,Pay more and your ticket gives you access to go up and inside .,March,2019,March,2019,Jason B,Australia,Oceania,male,3,1,male,8
655726182_6,Taj_POS_828_6,"it is this upper area you need the shoe covers for , or go bare foot .",March,2019,March,2019,Jason B,Australia,Oceania,male,1,1,male,8
655726182_7,Taj_POS_828_7,"Going bare foot is ok , but you do not exit from the same point you entered .",March,2019,March,2019,Jason B,Australia,Oceania,male,1,1,male,8
653848123_7,Taj_POS_901_7,"It rises to the left of the structure as you look at it , but the air quality puts some heavy filters on the sun , reducing or eliminating much magic pink or orange .",February,2019,February,2019,Paul J,Thailand,Asia,male,1,1,male,96
653848123_9,Taj_POS_901_9,That depends on the air the folks down on the river the morning we were there were seeing pretty much nothing through the dense fog / smog .,February,2019,February,2019,Paul J,Thailand,Asia,male,1,1,male,96
653848123_10,Taj_POS_901_10,"Perhaps later in the day would be better , but remember that there is no access to the Taj from the river ( that stopped many many years ago ) .",February,2019,February,2019,Paul J,Thailand,Asia,male,1,1,male,96
652484830_1,Taj_POS_956_1,"Photos are not the best , but we can not control the weather .",January,2019,February,2019,Carol K,Australia,Oceania,female,1,1,female,9
644937596_1,Taj_POS_1260_1,"I have been to Taj Mahal twice and I must admit , the moment I entered the main premise , I got captivated by the fascinating , shimmery view of Taj Mahal .",December,2018,January,2019,Tarique S,India,Asia,male,3,1,male,870
644937596_8,Taj_POS_1260_8,"There are two gates to enter , East and West Gate .",December,2018,January,2019,Tarique S,India,Asia,male,3,1,male,870
637982203_2,Taj_POS_1525_2,"It was so different from the usual pictures you see of a clear blue sky and dazzling white marble , which made our visit even more special .",December,2018,December,2018,DebT39,Australia,Oceania,male,4,2,female,87
637982203_3,Taj_POS_1525_3,We arrived to find the Taj Mahal covered in early morning fog .,December,2018,December,2018,DebT39,Australia,Oceania,male,1,1,female,87
637982203_4,Taj_POS_1525_4,"The fog started to lift , but moved up and down a few times giving us so many different views of this iconic building .",December,2018,December,2018,DebT39,Australia,Oceania,male,3,1,female,87
637982203_5,Taj_POS_1525_5,"At one stage , the Taj Mahal appeared to be floating on a bed of clouds !",December,2018,December,2018,DebT39,Australia,Oceania,male,1,1,female,87
637969748_3,Taj_POS_1526_3,We were badgered a bit by the usual hawkers prior to going in through the gates and also by photographers wanting to takes photos of us once inside .,December,2018,December,2018,malcolm1299,United Kingdom,Europe,male,1,1,male,8
637969748_5,Taj_POS_1526_5,Managed to get some photos of our own that were as good .,December,2018,December,2018,malcolm1299,United Kingdom,Europe,male,2,0,male,8
637630005_1,Taj_POS_1538_1,"We went in during the day time , there was nobody at the ticket counter but many people inside .",December,2018,December,2018,SandySydneyAus,Australia,Oceania,female,1,1,male,85
637630005_3,Taj_POS_1538_3,Foreigner ticket includes free water bottle and shoe covers which are required to walk close to and inside the Taj Mahal .,December,2018,December,2018,SandySydneyAus,Australia,Oceania,female,1,1,male,85
637458810_3,Taj_POS_1544_3,Luckily there were few tourists as we were there before the busiest part of the tourist season gets underway .,October,2018,December,2018,Carol K,Canada,North America,male,1,1,female,96
637331202_7,Taj_POS_1550_7,We enter the Taj via the west gate and decided to walk down the main entrance ( 500mt most people took the electric vehicles and paid for it .,December,2018,December,2018,ZaraIam,Australia,Oceania,male,1,1,female,78
637331202_9,Taj_POS_1550_9,"As everything is symmertrical on the premises , We walked around and I received the history ( so in-depth and long ) .",December,2018,December,2018,ZaraIam,Australia,Oceania,male,1,1,female,78
637331202_12,Taj_POS_1550_12,Note you are not allowed to take any food into the building .,December,2018,December,2018,ZaraIam,Australia,Oceania,male,1,1,female,78
634180790_1,Taj_POS_1671_1,On arrival at the East Gate for sunrise we missed the ticket office so had to go back round .,November,2018,November,2018,EllenVG94,United Kingdom,Europe,female,1,1,female,8
634180790_3,Taj_POS_1671_3,The female entrance queue was long but pretty fast moving so we were inside within 30 mins .,November,2018,November,2018,EllenVG94,United Kingdom,Europe,female,3,1,female,8
632628213_5,Taj_POS_1733_5,If you are going to Agra this is a must visit .,November,2018,November,2018,718alexa,United Kingdom,Europe,male,1,1,female,8
632523107_5,Taj_POS_1737_5,We ventured through the gardens and straight up to the top of the palace where the two tombs are set .,November,2018,November,2018,mimo247,United Kingdom,Europe,male,1,1,male,9
632523107_7,Taj_POS_1737_7,"The fact that a mosque was built on the left hand side of the palace for the workers who were building this wonder of the world , and as it was then non-symmetrical they added the guest house Which then balanced the palace once more .",November,2018,November,2018,mimo247,United Kingdom,Europe,male,1,1,male,9
622153976_3,Taj_POS_2048_3,Once you go there you get mesmerized by the beauty of this place .,April,2018,October,2018,askhan_2015,India,Asia,male,3,1,male,8
622153976_5,Taj_POS_2048_5,On the backside you can see yamuna river flowing adding to the beauty of Taj .,April,2018,October,2018,askhan_2015,India,Asia,male,3,1,male,8
610624942_10,Taj_POS_2321_10,Transport by car is very long and only for the strong .,August,2018,August,2018,chris w,Australia,Oceania,male,1,1,male,87
610624942_11,Taj_POS_2321_11,Its a very scary ride in the Indian traffic ( once off the freeways ) .,August,2018,August,2018,chris w,Australia,Oceania,male,3,1,male,87
609090660_3,Taj_POS_2355_3,"Since its crowded , and Tajmahal looks the same on all sides , Taking pictures from the Mehtab bagh is recommended .",August,2018,August,2018,siva200,India,Asia,male,2,0,male,8
609090660_4,Taj_POS_2355_4,"Shoe Covers can be wore only while visiting the tomb inside , and we can roam without it near diana bench and other bench where we can take photos wearning shoes and slippers .",August,2018,August,2018,siva200,India,Asia,male,1,1,male,8
594101861_1,Taj_POS_2605_1,"We first visited this site on an evening viewing , with a full moon .",March,2018,July,2018,John E,United Kingdom,Europe,male,1,1,male,81
594101861_2,Taj_POS_2605_2,"A total waste of time , after going through many security check points we were ushered to the one and only gate .",March,2018,July,2018,John E,United Kingdom,Europe,male,0,2,male,81
594101861_3,Taj_POS_2605_3,"When we reached the entrance there was only one spot light which only just lit up the pathway , then up a small wooden ramp to the main and only entrance , ( one guy in our group actually approached the ramp from the side and fell over where we had to wait until security opened the large door / gate and allowed us in .",March,2018,July,2018,John E,United Kingdom,Europe,male,1,1,male,81
583744204_1,Taj_POS_2805_1,Visited here early in the morning to try and avoid the crowds .,April,2018,May,2018,Alison B,United Kingdom,Europe,female,1,1,female,86
581152004_2,Taj_POS_2867_2,Go early to watch the sunrise and avoid the heat and crowds .,May,2018,May,2018,Margaret W,Australia,Oceania,male,2,0,female,93
574289396_1,Taj_POS_3070_1,It opens at 6am and it is well worth getting up early to avoid the crowds and go midweek if you can .,April,2018,April,2018,Martin W,United Kingdom,Europe,male,1,1,male,79
571811749_1,Taj_POS_3169_1,You can park your car at the tourist area and catch a little cart thing which takes you to the Taj .,April,2018,April,2018,Amit_S_H2014,United Kingdom,Europe,female,1,1,male,8
570916693_2,Taj_POS_3216_2,"Parked in the car park then caught an electric car to the Taj Mahal , as they are trying to protect the building .",March,2018,April,2018,Pam S,Australia,Oceania,male,1,1,female,89
570916693_3,Taj_POS_3216_3,"It is surrounded by beautiful gardens that are very well kept , huge dahlias in bloom , a flower you do not see often .",March,2018,April,2018,Pam S,Australia,Oceania,male,4,2,female,89
570477389_1,Taj_POS_3234_1,The last time I visited the Taj was back in 1986 .,March,2018,April,2018,Ivor S,United Kingdom,Europe,female,1,1,male,80
570477389_3,Taj_POS_3234_3,"From there you walk through a purpose built shopping and hawker area , to a another place to board a grotty electric powered bus which has seen its best days .",March,2018,April,2018,Ivor S,United Kingdom,Europe,female,3,1,male,80
570477389_5,Taj_POS_3234_5,With the ticket you are given a bottle of water and some overshoes .,March,2018,April,2018,Ivor S,United Kingdom,Europe,female,2,0,male,80
570477389_9,Taj_POS_3234_9,Very nice gentleman runs this and gives you the key to the locker .,March,2018,April,2018,Ivor S,United Kingdom,Europe,female,3,1,male,80
570477389_12,Taj_POS_3234_12,Once through the main archway it is packed with everyone doing those pointless things like posing .,March,2018,April,2018,Ivor S,United Kingdom,Europe,female,1,1,male,80
570477389_16,Taj_POS_3234_16,That is until you get the middle platform then it is crowded again with posers .,March,2018,April,2018,Ivor S,United Kingdom,Europe,female,1,1,male,80
570477389_18,Taj_POS_3234_18,"When you reach the main platform on which the Taj and adjacent Mosques stand , a notice informs you that you must don your overshoes .",March,2018,April,2018,Ivor S,United Kingdom,Europe,female,1,1,male,80
570477389_19,Taj_POS_3234_19,"Why you do this here goodness knows as by the time you have walked around the building and mosques and you then ascend the steps to enter the actual marble memorial , the overshoes are in tatters .",March,2018,April,2018,Ivor S,United Kingdom,Europe,female,1,1,male,80
570477389_21,Taj_POS_3234_21,Before you leave do just sit in the garden for a moment and look at this remarkable building from a distance .,March,2018,April,2018,Ivor S,United Kingdom,Europe,female,3,1,male,80
570301301_1,Taj_POS_3245_1,Taj Mahal is really beautiful site but number of visors are overwhelming and hence you spend lot of time in the queue to reach the inner most part of Taj .,March,2018,April,2018,RahulKubadia,India,Asia,male,1,1,male,9
565052531_1,Taj_POS_3512_1,"Take the time to enjoy all areas including the main gate , mosque and garden area .",February,2018,March,2018,LoveToTravel6467,Switzerland,Europe,female,2,0,female,94
564784945_2,Taj_POS_3530_2,"To the Indian Government's credit , the Taj itself and the gardens around it have had a major cleanup in the last four decades .",March,2018,March,2018,AlastairD296,Australia,Oceania,female,1,1,male,84
563138434_1,Taj_POS_3637_1,"Go see it and you may understand why it was described as , a teardrop om the cheek of time , When you go take somebody along that understand love as well as you do .",February,2018,February,2018,Frans v,Zambia,Africa,male,3,1,male,80
561089635_4,Taj_POS_3762_4,Shoes need to be taken off inside the Taj Mahal and sunglasses required on a sunny day due to the glare from the marble .,February,2018,February,2018,MargBlue,United Kingdom,Europe,male,1,1,female,9
559436788_3,Taj_POS_3860_3,Arriving early means its not so crowded and hot & the dawns light as the mist is burned off is magical .,December,2017,February,2018,Robert_B_London61,United Kingdom,Europe,male,1,1,male,87
559436788_4,Taj_POS_3860_4,"Another good way to see it at sunset from across the Yamuna River to the Moonlight Garden , or Mahtab Bagh , for a different point of view .",December,2017,February,2018,Robert_B_London61,United Kingdom,Europe,male,3,1,male,87
556929943_1,Taj_POS_4007_1,The best way to get to Agra from Delhi is on the Gatimaan Express .,January,2018,January,2018,Robert S,United Kingdom,Europe,male,3,1,male,8
556430323_2,Taj_POS_4030_2,"There are always long queues , I recommend getting the ticket online and access from the east entrance .",January,2018,January,2018,Angelita B,Italy,Europe,male,1,1,female,79
556042462_3,Taj_POS_4047_3,Spend as much time here as possible and take the opportunity to gaze at this stunning building .,January,2018,January,2018,Virginia J,Australia,Oceania,male,3,1,female,82
555713494_2,Taj_POS_4066_2,Can not take photos inside and have to wear shoe covers .,January,2018,January,2018,JadeCoral91,United Kingdom,Europe,male,1,1,female,8
555713494_4,Taj_POS_4066_4,There is also a separate entrance to the Taj Mahal once inside to avoid the busy crowds .,January,2018,January,2018,JadeCoral91,United Kingdom,Europe,male,1,1,female,8
555613441_1,Taj_POS_4071_1,"To visit the Taj Mahal is an experience like none other , you must take the time to stand and take in the full beauty and magnificence of this place .",November,2017,January,2018,Leon L,Trinidad and Tobago,North America,male,2,0,male,9
555613441_2,Taj_POS_4071_2,"Get a good tour , soak it in , sit at various points and if possible , visit at different times .",November,2017,January,2018,Leon L,Trinidad and Tobago,North America,male,3,1,male,9
554986451_2,Taj_POS_4104_2,"Throughout the day , there will be thousands of visitors , so it gets crowded to get a perfect picture .",August,2017,January,2018,Daniel T,India,Asia,male,3,1,male,82
554986451_3,Taj_POS_4104_3,Summers are very difficult months to visit - as the marble is hot as an oven .,August,2017,January,2018,Daniel T,India,Asia,male,1,1,male,82
554986451_4,Taj_POS_4104_4,Come during winters to enjoy a pleasant walk around the gardens .,August,2017,January,2018,Daniel T,India,Asia,male,3,1,male,82
554908287_1,Taj_POS_4111_1,"We visited the Taj twice this time , without doubt the best time to go is at dawn .",January,2018,January,2018,NigelBacon,Australia,Oceania,female,3,1,male,78
554716474_3,Taj_POS_4119_3,On arrival evening time we decided to go and look for the ticket office and gates etc as our accommodation advised us of a vip visit the following day .,January,2018,January,2018,simon b,United Kingdom,Europe,male,2,0,male,80
554716474_4,Taj_POS_4119_4,"Arriving at the ticket counter 620am there was around fifteen people who where in front of us the window opened on time at 6.45 , some of those in front local guys were buying large volumes in tickets which OK the local community rely on the taj for income the same as anywhere else in the world with large tourist attractions we understand and accept this .",January,2018,January,2018,simon b,United Kingdom,Europe,male,1,1,male,80
554716474_6,Taj_POS_4119_6,All became clear when people started being passed tickets over the barrier meaning most in front had not yet got tickets .,January,2018,January,2018,simon b,United Kingdom,Europe,male,2,0,male,80
554716474_17,Taj_POS_4119_17,We arrived at the fort around 11 / 12 and there were no queues but obviously days vary .,January,2018,January,2018,simon b,United Kingdom,Europe,male,1,1,male,80
554102179_2,Taj_POS_4149_2,Our advice is a ) book through a guide and b ) arrive early in the morning ( not necessarily super early ) .,January,2018,January,2018,Lou H,United Kingdom,Europe,female,1,1,male,93
554102179_3,Taj_POS_4149_3,"We arrived at 9:30 , having already visited the wonderful Baby Taj and it was easy to get in .",January,2018,January,2018,Lou H,United Kingdom,Europe,female,3,1,male,93
553924588_2,Taj_POS_4156_2,"But the minute you are in and you see the Taj in the distance , you forget everything .",January,2018,January,2018,Laurence_Brussels,Canada,North America,male,1,1,male,91
553816364_2,Taj_POS_4163_2,It is in Agra which is around 5 hours drive from New Delhi .,January,2018,January,2018,Siana89,Greece,Europe,female,1,1,female,89
553774113_1,Taj_POS_4166_1,East and West Gate will make you walk around 900m to reach the ticket counter .,December,2017,January,2018,PaulPatronus,India,Asia,female,1,1,male,9
553774113_2,Taj_POS_4166_2,"do not take the e-rickshaws ( or Mayuri , as they are called ) if you can walk it .",December,2017,January,2018,PaulPatronus,India,Asia,female,1,1,male,9
553774113_3,Taj_POS_4166_3,Best time to visit is early morning at sunrise and you will spare yourself of the crowd .,December,2017,January,2018,PaulPatronus,India,Asia,female,3,1,male,9
553774113_4,Taj_POS_4166_4,Rest any time of the day you will find a mad rush and monstorous que to enter the monument which is closed on Fridays .,December,2017,January,2018,PaulPatronus,India,Asia,female,1,1,male,9
553774113_5,Taj_POS_4166_5,East gate has a good parking and is right on The Oberoi Amarvilas which is majestic .,December,2017,January,2018,PaulPatronus,India,Asia,female,3,1,male,9
553084059_4,Taj_POS_4197_4,We spent virtually no time in queues and had a reasonably calm visit before the mad rush of the tour buses .,January,2018,January,2018,Anjali R,Australia,Oceania,male,1,1,female,8
552932736_2,Taj_POS_4211_2,Skip the close up walk around the tomb itself and just take it all in from every angle of the grounds .,November,2017,January,2018,BradleyWiggins,United Kingdom,Europe,male,1,1,male,95
552932736_3,Taj_POS_4211_3,"Note there are male and female lines , the female line moves a lot slower due to bag searches .",November,2017,January,2018,BradleyWiggins,United Kingdom,Europe,male,3,1,male,95
548545795_2,Taj_POS_4423_2,"I have seen so many pictures but to walk up the steps and enter its beautiful walls , see inside and walk around looking at the amazing architecture and how it was built is something else .",October,2017,December,2017,JoHutchings,United Kingdom,Europe,male,1,1,female,98
548258967_6,Taj_POS_4438_6,Inspite of crowd you can enjoy there if you follow the instructions .,December,2017,December,2017,Amit_archaeo,India,Asia,male,3,1,male,9
548258967_7,Taj_POS_4438_7,"Take photos at Front entry , then at right or left side of the main entrance .",December,2017,December,2017,Amit_archaeo,India,Asia,male,2,0,male,9
548258967_8,Taj_POS_4438_8,Then reach to the center of chaar baag garden and high platform do not forget to take photos .,December,2017,December,2017,Amit_archaeo,India,Asia,male,2,0,male,9
548258967_9,Taj_POS_4438_9,Further you can take photo with Taj image in water in nahar near platform .,December,2017,December,2017,Amit_archaeo,India,Asia,male,1,1,male,9
542409535_1,Taj_POS_4695_1,Sunrise at 6.27 and Taj opens at 6.30 so you see the Sunrise stuck in a queue under an awning !,October,2017,November,2017,Sotongirl49,United Kingdom,Europe,male,1,1,female,84
542409535_2,Taj_POS_4695_2,"Once in , you find 2 queues file into one for Security purposes , causing chaos .",October,2017,November,2017,Sotongirl49,United Kingdom,Europe,male,1,1,female,84
542409535_5,Taj_POS_4695_5,One big disappointment with visiting is the state of the surrounding area of the actual Mausoleum .,October,2017,November,2017,Sotongirl49,United Kingdom,Europe,male,0,2,female,84
542409535_6,Taj_POS_4695_6,"You need to wear shoe covers to go onto the Taj , supplied as part of entry fee , but they are discarded all over the place .",October,2017,November,2017,Sotongirl49,United Kingdom,Europe,male,1,1,female,84
542280036_1,Taj_POS_4701_1,As you make your way from the car park and walk past all the stalls and hawkers you reach the iconic gateway then bang there it is stunning beautiful building as you walk past the fountains and gardens you can feel the calmness and serenity .,November,2017,November,2017,Derek S,United Kingdom,Europe,female,2,0,male,85
541772984_2,Taj_POS_4722_2,Buy the high value ticket to fast track past the crowds .,November,2017,November,2017,Glyn F,United Kingdom,Europe,male,2,0,female,99
541772984_3,Taj_POS_4722_3,Go with a guide - they know the procedure to get in quickly and can explain the history and the tragedy behind the beauty .,November,2017,November,2017,Glyn F,United Kingdom,Europe,male,1,1,female,99
541772984_5,Taj_POS_4722_5,"If you forget , there is a place to get them just before you ascend the marble terrace .",November,2017,November,2017,Glyn F,United Kingdom,Europe,male,1,1,female,99
541772984_6,Taj_POS_4722_6,"Beware of pickpockets in the jostling crowded areas , especially outside the ticket offices .",November,2017,November,2017,Glyn F,United Kingdom,Europe,male,1,1,female,99
539864077_5,Taj_POS_4819_5,If you want guide please choose registered one only ( many are thug .,June,2017,November,2017,Mayank1512,India,Asia,female,1,1,male,8
539864077_8,Taj_POS_4819_8,basically its because dirt on your shoes can snatch the shine of TAJ MAHAL FLOOR .,June,2017,November,2017,Mayank1512,India,Asia,female,2,0,male,8
539864077_10,Taj_POS_4819_10,once you done here you can get some petha from original punchi petha shop .,June,2017,November,2017,Mayank1512,India,Asia,female,1,1,male,8
534279420_1,Taj_POS_5057_1,"The Taj Mahal is amazing , I recommend to go early morning to avoid the tourists and have time to enjoy the view and take it in .",October,2017,October,2017,Mary_Basset,Singapore,Asia,female,3,1,female,9
531735902_1,Taj_POS_5137_1,"No matter how many times you see Taj Mahal in photos or screens , when you first enter through the arch , and have the first glimpse of this magnificent architectural wonder , you are caught forever .",February,2017,October,2017,RamTham,India,Asia,female,3,1,male,9
529765496_6,Taj_POS_5206_6,The Taj is closed every Friday to anyone not attending prayers at the mosque .,October,2017,October,2017,Sudhi589,India,Asia,female,1,1,male,9
529765496_7,Taj_POS_5206_7,"The Taj can be accessed through thewest , southand east gates .",October,2017,October,2017,Sudhi589,India,Asia,female,1,1,male,9
529765496_8,Taj_POS_5206_8,Tour groups tend to enter through the east and west gates .,October,2017,October,2017,Sudhi589,India,Asia,female,2,0,male,9
529765496_9,Taj_POS_5206_9,There are separate queues for men and women at all three gates .,October,2017,October,2017,Sudhi589,India,Asia,female,1,1,male,9
529765496_10,Taj_POS_5206_10,Entry is free for children below the age of 15 years .,October,2017,October,2017,Sudhi589,India,Asia,female,2,0,male,9
529765496_13,Taj_POS_5206_13,The real tombs of Mumtaz Mahal and Shah Jahan are in a locked basement room below the main chamber and can not be viewed .,October,2017,October,2017,Sudhi589,India,Asia,female,1,1,male,9
529765496_14,Taj_POS_5206_14,I would personally suggest to reach there early in the morning if you are planning to visit as it will be comfortable .,October,2017,October,2017,Sudhi589,India,Asia,female,1,1,male,9
520565330_5,Taj_POS_5432_5,You will get the opportunity take those iconic pictures without too much hassle .,August,2017,September,2017,Cameron Y,New Zealand,Oceania,female,1,1,male,78
520565330_8,Taj_POS_5432_8,You will be provided with shoe covers to wear when you go inside .,August,2017,September,2017,Cameron Y,New Zealand,Oceania,female,1,1,male,78
505377023_2,Taj_POS_5691_2,When this is finished the domes are next to be cleaned .,July,2017,July,2017,AnnaD66,United Kingdom,Europe,male,2,0,female,80
487902976_2,Taj_POS_6108_2,"it is simply breathtaking , regardless of which angle you look at it from .",May,2017,May,2017,benjamin9244,Singapore,Asia,female,4,2,male,8
485790725_1,Taj_POS_6163_1,"Morning ticket office opening at 5:15 , west gate opening at 5:30am .",May,2017,May,2017,TimO811,Australia,Oceania,male,1,1,male,9
485790725_2,Taj_POS_6163_2,( As of May 18th ) Front right minaret covered in scaffold as well as one side of Taj itself .,May,2017,May,2017,TimO811,Australia,Oceania,male,1,1,male,9
485675335_2,Taj_POS_6165_2,A guide is not necessary but does help to get you through the formalities of the visit .,November,2016,May,2017,RogerRFC,United Kingdom,Europe,male,1,1,male,95
485675335_4,Taj_POS_6165_4,You are not allowed to carry lots of accessories into the Taj so bear this in mind .,November,2016,May,2017,RogerRFC,United Kingdom,Europe,male,1,1,male,95
477454966_2,Taj_POS_6454_2,"But the interior , it is simple , nothing to see !",April,2017,April,2017,Miguel Z,Spain,Europe,male,1,1,male,9
474896501_3,Taj_POS_6572_3,Try to see it in the early morning or at sunset because the marble looks translucent and takes on a beautiful glow .,March,2017,April,2017,hobart_10,Australia,Oceania,male,3,1,male,88
472804297_6,Taj_POS_6676_6,"Try to get in through Eastern Gate , which is least crowded .",April,2017,April,2017,Ann S,Malaysia,Asia,male,1,1,female,94
472804297_8,Taj_POS_6676_8,You can book online tickets to most monuments in Agra from official website .,April,2017,April,2017,Ann S,Malaysia,Asia,male,1,1,female,94
469911840_1,Taj_POS_6833_1,Here is some tips to enjoy the place better and avoid huge crowd - 1 .,March,2017,March,2017,korneev_sergey,Ukraine,Europe,male,2,0,male,8
469911840_3,Taj_POS_6833_3,"If you can afford , take a private guide , it really saves time to get through the huge entrance queue .",March,2017,March,2017,korneev_sergey,Ukraine,Europe,male,1,1,male,8
468276464_2,Taj_POS_6945_2,"That is if you come early in the morning , around 6.30 .",March,2017,March,2017,EvaJ390,Norway,Europe,male,2,0,female,93
468276464_6,Taj_POS_6945_6,"At the the entrance from where you can see TM , you must leave your videocamera and pay 25 rupies .",March,2017,March,2017,EvaJ390,Norway,Europe,male,1,1,female,93
466416118_1,Taj_POS_7050_1,"So I went twice at night and day , Was mesmerized both the time , And there are so many people that come to visit and surprisingly I found it all ran so smoothly and in order , Would recommend to try be the first person to reach .",March,2017,March,2017,siddhi261,India,Asia,male,3,1,female,87
463352684_1,Taj_POS_7227_1,"If you visit Delhi , or any other part of India within travelling distance of the Taj , make the effort to visit .",February,2017,February,2017,DavidBrittain,New Zealand,Oceania,male,1,1,male,92
463352684_2,Taj_POS_7227_2,"The experience will only be spoiled by the ongoing repair work , the hassle of guides trying guide you , the pushy crowds and the polluted river .",February,2017,February,2017,DavidBrittain,New Zealand,Oceania,male,1,1,male,92
460382660_3,Taj_POS_7377_3,"It is huge , resplendent and has an energy which lifts the mood of all who see it .",February,2017,February,2017,Eben,United Kingdom,Europe,male,3,1,male,81
459640000_2,Taj_POS_7421_2,"As you come through the red sandstone gate it floats like a mirage in front of you , surely the most beautiful building in the world .",February,2017,February,2017,Etta007,United Kingdom,Europe,male,3,1,female,84
457483132_2,Taj_POS_7542_2,"The tourist facility at the East Gate provides foreign nationals with a free bottle of water and shoe cover on their purchase of the ticket , so make sure you collect .",February,2017,February,2017,CharlotteKirsch,United Kingdom,Europe,male,1,1,female,87
457483132_3,Taj_POS_7542_3,The shuttle bus takes you to and from the Taj Mahal from the ticket desk .,February,2017,February,2017,CharlotteKirsch,United Kingdom,Europe,male,1,1,female,87
457483132_4,Taj_POS_7542_4,Avoid overpriced guides at the tourist ticket facility - you will get a much better deal if you wait until the very bottom and entrance to the Taj Mahal itself .,February,2017,February,2017,CharlotteKirsch,United Kingdom,Europe,male,1,1,female,87
457483132_8,Taj_POS_7542_8,they will also help get you through all of the queues to prevent waiting around .,February,2017,February,2017,CharlotteKirsch,United Kingdom,Europe,male,2,0,female,87
456994256_4,Taj_POS_7579_4,We visited early in the morning to reduce the crowd of tourists .,February,2017,February,2017,victor_m_8,Australia,Oceania,male,1,1,male,8
456994256_6,Taj_POS_7579_6,You can not take photos in the Taj building itself but make sure your guide tips the security men in the Taj building to shine a torch on the marble coloured etchings .,February,2017,February,2017,victor_m_8,Australia,Oceania,male,1,1,male,8
456994256_7,Taj_POS_7579_7,You can sit and walk around the beautiful gardens for as long as you desire .,February,2017,February,2017,victor_m_8,Australia,Oceania,male,1,1,male,8
456950236_1,Taj_POS_7580_1,It opens at 8:00 AM Check Hotel reception as some time they open early as well ) .,December,2016,February,2017,Pavan25,Georgia,Asia,female,1,1,male,8
456950236_3,Taj_POS_7580_3,Very important to note that try to visit during Monday to Thursday .,December,2016,February,2017,Pavan25,Georgia,Asia,female,3,1,male,8
452615669_3,Taj_POS_7795_3,"Go early ( still busy ) but the 6:30 start is worthwhile - and of course , get a personal guide in advance .",November,2016,January,2017,TomPHV,United Kingdom,Europe,female,3,1,male,94
451945060_4,Taj_POS_7834_4,"Once you reach the railing to the monument ( that is as far as you can get to at night they switch off all the lights and you get to appreciate the solitude , the lone beauty of the resting place of the Erstwhile Grand Emperor and Empress of our nation .",December,2016,January,2017,sars_87,United Arab Emirates,Asia,male,3,1,male,8
451945060_5,Taj_POS_7834_5,The only other light that will be around is from the lantern directly above Mumtaz Mahal's tomb .,December,2016,January,2017,sars_87,United Arab Emirates,Asia,male,1,1,male,8
451652870_4,Taj_POS_7850_4,"you are best off turning up with just the essentials if possible , these being your camera and your passport ( needed to gain entry into the grounds ) .",December,2016,January,2017,DanCarmody,United Kingdom,Europe,female,3,1,male,81
451652870_9,Taj_POS_7850_9,"Other than that , take in the flawless surroundings and enjoy yourselves !",December,2016,January,2017,DanCarmody,United Kingdom,Europe,female,4,2,male,81
451246782_3,Taj_POS_7872_3,it is also very crowded & actually going inside the tomb was not so good - we got pushed through the door and it was jammed full of people .,January,2017,January,2017,Elaine R,United Kingdom,Europe,male,1,1,female,8
451246782_5,Taj_POS_7872_5,I would also recommend visiting the gardens of Mehtab Bagh - across the river which is quieter and you can get amazing pictures from the other side .,January,2017,January,2017,Elaine R,United Kingdom,Europe,male,4,2,female,8
450624749_2,Taj_POS_7903_2,"When we went in early Jan , they were cleaning the front right pylon of the Taj mahal , with scaffold surrounding the entire pylon .",January,2017,January,2017,quint_10,Japan,Asia,male,1,1,male,8
450356019_2,Taj_POS_7921_2,There are big crowds and the queue for the locals into the actual building was huge .,December,2016,January,2017,PhilT113,Australia,Oceania,male,1,1,male,84
449774959_7,Taj_POS_7946_7,"If you wished to visit Taj Mahal , do visit soon .",January,2017,January,2017,Chun Yin L,Singapore,Asia,female,1,1,female,91
449774959_9,Taj_POS_7946_9,"Hence , scaffolding might be up soon , blocking the beautiful view of the building .",January,2017,January,2017,Chun Yin L,Singapore,Asia,female,3,1,female,91
449612881_3,Taj_POS_7954_3,It gets very busy and crowded and you should allow at least a few hours to be able to take in the ambience of the place .,January,2017,January,2017,23PeterJ,Australia,Oceania,male,1,1,male,94
448910959_1,Taj_POS_7997_1,"Hire a guide and you can skip the big lineups , they get you shoe covers , explain all the history and architecture , show you the best places to take photos and what poses etc .",January,2017,January,2017,globalfoodiegirl,Canada,North America,male,1,1,female,83
448910959_2,Taj_POS_7997_2,We went in the late afternoon and watched the sun start to set .,January,2017,January,2017,globalfoodiegirl,Canada,North America,male,1,1,female,83
448910959_3,Taj_POS_7997_3,there is a lot of people there and a good possibility that you might get your toes stepped on .,January,2017,January,2017,globalfoodiegirl,Canada,North America,male,3,1,female,83
448256403_2,Taj_POS_8038_2,"It was a foggy day for us so the views are non existent , however you can still get lovely photos close up and the fog generally lifts by 12pm .",December,2016,January,2017,HeatherA730,United Kingdom,Europe,female,3,1,female,85
448256403_3,Taj_POS_8038_3,"Keep hold of your children when you go inside to view the tombs , everyone pushes you !",December,2016,January,2017,HeatherA730,United Kingdom,Europe,female,3,1,female,85
447820489_2,Taj_POS_8060_2,"I arrived at dusk to find about 100 other eager tourists in the queue already , luckily it moved quickly .",January,2016,December,2016,Christiaan_Slabbert,South Africa,Africa,female,1,1,male,80
447820489_3,Taj_POS_8060_3,"After passing through security , I rounded a corner to find the Taj in all its majesty .",January,2016,December,2016,Christiaan_Slabbert,South Africa,Africa,female,1,1,male,80
446573938_2,Taj_POS_8120_2,A tip - Go and visit the Taj Mahal from Mehtab Bagh side and that one view site that you would love in the morning .,December,2016,December,2016,Rohan K,India,Asia,female,1,1,male,8
443397834_1,Taj_POS_8291_1,The only downfalls are the length of time it took to get through security and the amount of other visitors there .,November,2016,December,2016,Peter S,Australia,Oceania,female,1,1,male,79
442356151_1,Taj_POS_8330_1,"Stop , take your time , Taj Mahal is not only the marble incrusted marvel , it is also the Red Fort that serves as its entrance , it is also the signature of the workers on the stones , it is the beauty of its carvings .",January,2016,December,2016,JeanBaptisteGuy,Germany,Europe,male,3,1,male,9
442356151_2,Taj_POS_8330_2,It is a legend that is about to be closed to the public because it is sinking in the river bed .,January,2016,December,2016,JeanBaptisteGuy,Germany,Europe,male,3,1,male,9
442196766_1,Taj_POS_8341_1,Our guide advised us to visit mid morning to get the best view without any fog .,November,2016,December,2016,Carol P,United Kingdom,Europe,male,1,1,female,8
442196766_2,Taj_POS_8341_2,So impressed how considerate the crowds were allowing everyone to get THAT picture in turn .,November,2016,December,2016,Carol P,United Kingdom,Europe,male,1,1,female,8
442196766_3,Taj_POS_8341_3,"We drove to the site in the official electric cars , but had to walk back as there were too many VVIPs ahead of us that day .",November,2016,December,2016,Carol P,United Kingdom,Europe,male,1,1,female,8
441854493_3,Taj_POS_8366_3,"You can walk the long road to the entrance , but spend some dollars and use a local rickshaw .",February,2016,December,2016,Orod P,Cyprus,Asia,female,1,1,male,8
441849824_4,Taj_POS_8367_4,If possible use a local guide to explain the many facets of the site as it will definitely enhance your visit .,November,2016,December,2016,John P,Australia,Oceania,male,2,0,male,9
437960097_4,Taj_POS_8566_4,The best part if you are going in winter you can have the chance to see the Garden .,July,2016,November,2016,priyanka p,Saudi Arabia,Asia,male,3,1,female,9
436297536_3,Taj_POS_8632_3,This is a surprisingly good time to visit the building as the crowds do not really arrive until around 11.00 when it is very hot .,November,2016,November,2016,MichaelW734,United Kingdom,Europe,male,3,1,male,79
436297536_4,Taj_POS_8632_4,Also the heat tends to build up the haze and pollution here meaning that your pix will not be so sharp .,November,2016,November,2016,MichaelW734,United Kingdom,Europe,male,1,1,male,79
434465367_2,Taj_POS_8716_2,"Its more tha the Taj Mahal itself that is so impressive , it is also the amazing entrance which in itself is worth a visit .",October,2016,November,2016,Grant D,Thailand,Asia,male,4,2,male,9
434465367_3,Taj_POS_8716_3,"Suggestions would be to arrive early , 6.00 ish and enjoy your experience before the human traffic is too intense and the heat becomes stifling .",October,2016,November,2016,Grant D,Thailand,Asia,male,1,1,male,9
431745781_2,Taj_POS_8819_2,"I would suggest doing it at sunrise , where there is less crowds and there may also be monkeys roaming around , particularly around the right hand side .",August,2016,October,2016,Rebecca V,United Kingdom,Europe,male,1,1,female,9
431745781_3,Taj_POS_8819_3,"there is also a spot where you can view the Taj Mahal for free from the back behind the river , if you do not wish to pay to get into the park , Mehtab Bagh .",August,2016,October,2016,Rebecca V,United Kingdom,Europe,male,1,1,female,9
431745781_4,Taj_POS_8819_4,"there is also a spot if you walk for free to watch the Taj Mahal at sunset by the river , if you walk down Taj East Gate Road and turn right so that the Taj Mahal is on your left .",August,2016,October,2016,Rebecca V,United Kingdom,Europe,male,1,1,female,9
430554221_1,Taj_POS_8858_1,You will get some great photo opportunities before it gets too crowded and it is much more comfortable temperature wise .,October,2016,October,2016,AvidDiner473,United Kingdom,Europe,male,3,1,male,92
429537204_2,Taj_POS_8909_2,The orange light and the arriving shade on the building brings the nostalgy of passage of life to a unique frame .,October,2016,October,2016,PedroT425,Spain,Europe,female,3,1,male,9
428149465_1,Taj_POS_8962_1,You may also hire people to push / pull wheel chair .,October,2016,October,2016,dipak k,India,Asia,male,1,1,male,9
428149465_2,Taj_POS_8962_2,I had gone in the Sunday evening and there were very few people at the ticket counter .,October,2016,October,2016,dipak k,India,Asia,male,2,0,male,9
423536486_5,Taj_POS_9128_5,We took the fast train from New Delhi direct to Agra .,September,2016,September,2016,vic10101,Philippines,Asia,male,1,1,male,83
423501869_4,Taj_POS_9129_4,All four sides look alike thus creating a mirrored image on either side .,September,2016,September,2016,AnannyaDatta,India,Asia,male,2,0,female,79
410931994_1,Taj_POS_9458_1,Heritage Scientific reasearch was going on the time we visited thus many changes were done for entry and exit gate .,August,2016,August,2016,MeenakshiYadav,India,Asia,male,1,1,female,8
410931994_2,Taj_POS_9458_2,I would suggest to use East Gate as entry gate for getting less queues and rush otherwise on a weekend you will end up standing in queues from West gate .,August,2016,August,2016,MeenakshiYadav,India,Asia,male,1,1,female,8
410931994_3,Taj_POS_9458_3,East Gate is prefered as it is a little far from city center and VIP and foreigners used to go from there .,August,2016,August,2016,MeenakshiYadav,India,Asia,male,1,1,female,8
399135310_1,Taj_POS_9713_1,So at the entry and on exit take care of your belongings .,July,2016,July,2016,TeneSaarva,United Arab Emirates,Asia,male,1,1,female,82
395818050_2,Taj_POS_9781_2,I was amazed to see the huge crowd in early hours of the day .,January,2016,July,2016,Rajesh k,India,Asia,male,3,1,male,90
395818050_3,Taj_POS_9781_3,"But if you cover your shoes with a shoe cover , you do not have to remove them to enter the complex .",January,2016,July,2016,Rajesh k,India,Asia,male,2,0,male,90
383445276_4,Taj_POS_10060_4,Fortunately the Taj is closed off from this and walking the grounds is very relaxing .,June,2016,June,2016,Chris S,Canada,North America,male,2,0,male,87
383445276_6,Taj_POS_10060_6,The entrance to the Taj is in fact nowhere near the Taj itself .,June,2016,June,2016,Chris S,Canada,North America,male,1,1,male,87
383445276_7,Taj_POS_10060_7,"it is several blocks away , and requires you take a bus or golf cart to get to it .",June,2016,June,2016,Chris S,Canada,North America,male,1,1,male,87
383445276_8,Taj_POS_10060_8,This means that between the entrance building and the Taj there are many people ready to sell you things ( from trinkets to tours and you will have to endure some of the Indian sun .,June,2016,June,2016,Chris S,Canada,North America,male,1,1,male,87
383404182_3,Taj_POS_10063_3,Small plastic pouches of shoe cover were flying around the Taj .,June,2016,June,2016,singh_30in,India,Asia,male,1,1,male,9
378168159_2,Taj_POS_10186_2,We reached the Taj at 6 am and smoothly went through the security check .,May,2016,May,2016,India_Expl0rer,India,Asia,male,1,1,female,99
378168159_14,Taj_POS_10186_14,"We can find them in some Jain temples , Gaitore ki chatriyan in Jaipur and Gurudwaras across the country .",May,2016,May,2016,India_Expl0rer,India,Asia,male,1,1,female,99
378168159_22,Taj_POS_10186_22,"Moreover , if you enter from eastern gate , the tickets are available around 750 m from the actual TAJ gate .",May,2016,May,2016,India_Expl0rer,India,Asia,male,1,1,female,99
378168159_23,Taj_POS_10186_23,So if you have an online ticket then you can go to the nearest possible place on the rickshaw / auto directly .,May,2016,May,2016,India_Expl0rer,India,Asia,male,1,1,female,99
378168159_25,Taj_POS_10186_25,Visit early in the morning as there is very less rush or not at all at the security check .,May,2016,May,2016,India_Expl0rer,India,Asia,male,1,1,female,99
378168159_27,Taj_POS_10186_27,Try going in monsoons or winters when the weather is pleasant .,May,2016,May,2016,India_Expl0rer,India,Asia,male,3,1,female,99
378168159_28,Taj_POS_10186_28,Take plenty of water as you will not get water there .,May,2016,May,2016,India_Expl0rer,India,Asia,male,1,1,female,99
378168159_31,Taj_POS_10186_31,Normal Indians have to remove shoes at the designated places and go barefoot while the foreigners get the shoe covers with the ticket .,May,2016,May,2016,India_Expl0rer,India,Asia,male,1,1,female,99
378168159_33,Taj_POS_10186_33,Buy those and enter from the side from where rest of the Indians are entering .,May,2016,May,2016,India_Expl0rer,India,Asia,male,2,0,female,99
378168159_35,Taj_POS_10186_35,Get a guide if you are visiting for the first time .,May,2016,May,2016,India_Expl0rer,India,Asia,male,1,1,female,99
377247989_1,Taj_POS_10216_1,"Beautiful to see , and we were lucky to visit on w day that was free entry , and included entry to the real tombs which was rare .",May,2016,May,2016,camilla_chellew,United Kingdom,Europe,female,3,1,female,84
375854262_1,Taj_POS_10261_1,We visited the site late afternoon but still the light on the Taj was not quite right to get an excellent picture .,May,2016,May,2016,ioan_wilson,United Kingdom,Europe,male,1,1,male,84
367356687_2,Taj_POS_10473_2,"Even if you have read about it , walking through the East Gate and seeing the Taj gleaming in the garden takes your breath away .",April,2016,April,2016,Muriel M,Canada,North America,female,2,0,female,80
367356687_5,Taj_POS_10473_5,"One practical piece of advice - if you go at dawn , take mosquito repellant .",April,2016,April,2016,Muriel M,Canada,North America,female,3,1,female,80
361207746_2,Taj_POS_10742_2,"The Taj is surprising at the size of it , amazing and breath taking at the same time .",March,2016,April,2016,Chandresh P,United Kingdom,Europe,male,4,2,male,8
357598396_2,Taj_POS_10936_2,"It is nice just to sit on one of the many seat and gaze at this fantastic structure , there are lots of Indian visitors and that adds the the fantastic visit .",December,2015,March,2016,Ross W,United Kingdom,Europe,male,4,2,male,81
356613152_1,Taj_POS_10985_1,We went in the afternoon in the sunset and the next day in the sunrise .,March,2016,March,2016,bettina p,Uruguay,South America,male,1,1,female,9
356549217_6,Taj_POS_10992_6,We reached the entrance by 6.45 am and boy not so many people were there .,March,2016,March,2016,PavanDhiman,India,Asia,male,1,1,male,9
353767043_3,Taj_POS_11143_3,"Keep the ticket when you are also going to see other momuments in agra ( fort , baby taj ) .",March,2016,March,2016,Severine B,Belgium,Europe,male,1,1,female,96
353767043_4,Taj_POS_11143_4,Fyi - At this moment three of tho 4 towers are under construction .,March,2016,March,2016,Severine B,Belgium,Europe,male,2,0,female,96
349464661_2,Taj_POS_11387_2,Go there early in the morning so it is less crowded .,February,2016,February,2016,Jannes N,Netherlands,Europe,female,2,0,male,9
346157399_2,Taj_POS_11570_2,The road to it and its surroundings are less than attractive .,October,2015,February,2016,FairAir,Switzerland,Europe,male,1,1,male,9
344750597_2,Taj_POS_11635_2,"White marble brought from over 350 kms by road , 70 % of the population of Agra , directly of indirectly gives employment .",February,2016,February,2016,sanjay744,India,Asia,male,1,1,male,90
341380632_1,Taj_POS_11818_1,The crowds are smaller and you can see the light change on the Taj as the sun rises .,December,2015,January,2016,VanCan2012,Canada,North America,male,1,1,male,86
341380632_2,Taj_POS_11818_2,You get dropped off at a certain point and have to take short 5 minute bus ride from the parking lot to the entrance .,December,2015,January,2016,VanCan2012,Canada,North America,male,1,1,male,86
341380632_5,Taj_POS_11818_5,"You only need to take off your shoes when you enter the actual Taj structure , otherwise you can leave them on .",December,2015,January,2016,VanCan2012,Canada,North America,male,1,1,male,86
341380632_6,Taj_POS_11818_6,If you get shoe covers then you can leave your shoes on when you enter .,December,2015,January,2016,VanCan2012,Canada,North America,male,1,1,male,86
341332264_3,Taj_POS_11827_3,"Best time to visit is at dawn , with less crowds & ample opportunity to savour beauty .",January,2016,January,2016,neelu2015,India,Asia,male,3,1,female,9
339854529_3,Taj_POS_11914_3,"If you do not know yet , Taj is closed on all Friday's throughout the year .",January,2016,January,2016,Vivek G,India,Asia,female,1,1,male,94
339854529_12,Taj_POS_11914_12,Make sure you take a water bottle with you because they are not available inside the main property .,January,2016,January,2016,Vivek G,India,Asia,female,2,0,male,94
339854529_13,Taj_POS_11914_13,"The entire attraction must be managed better and preferably , not by the government .",January,2016,January,2016,Vivek G,India,Asia,female,1,1,male,94
339854529_14,Taj_POS_11914_14,There are no proper lines to get into and out of the main minar .,January,2016,January,2016,Vivek G,India,Asia,female,1,1,male,94
339854529_15,Taj_POS_11914_15,The police / security guards just push people through the door and it was chaotic .,January,2016,January,2016,Vivek G,India,Asia,female,1,1,male,94
339553104_2,Taj_POS_11937_2,There are quit tiring long que to enter and all the way long to go around .,July,2015,January,2016,KaziTithi,Bangladesh,Asia,male,1,1,male,93
339553104_3,Taj_POS_11937_3,You have to walk a long way to reach the main tomb following instruction and either without shoes or with shoe covers .,July,2015,January,2016,KaziTithi,Bangladesh,Asia,male,1,1,male,93
335556673_2,Taj_POS_12229_2,Would definitely go there again but get a tour before you visit .,December,2015,December,2015,Philip_See,Malaysia,Asia,male,2,0,male,9
333083279_2,Taj_POS_12392_2,"a lot of people , go early stay till dawn , ENJOY .",February,2015,December,2015,Chris_Globe_Trottel,Switzerland,Europe,male,3,1,male,95
331182719_1,Taj_POS_12505_1,"Beautiful view , amazing , every one should go to see taj mahal , Next time will go in full moon , it turn in blue , .",December,2015,December,2015,Anuj2083,India,Asia,female,2,0,male,8
330617860_2,Taj_POS_12544_2,"You do not have any words to explain the feeling , you should visit it in person to feel the aura .",March,2015,December,2015,VikramKrishan,India,Asia,male,1,1,male,84
329879966_1,Taj_POS_12596_1,"Set at the end of the formal gardens , it takes your breath away .",November,2015,November,2015,Francesca P,Australia,Oceania,female,1,1,female,80
329879966_2,Taj_POS_12596_2,It is worth taking a photo so you get a reflection of the Taj in the water as well .,November,2015,November,2015,Francesca P,Australia,Oceania,female,4,2,female,80
329034871_5,Taj_POS_12645_5,"If you get a chance , just go and see it .",October,2015,November,2015,Darron1970,United Kingdom,Europe,male,3,1,male,94
327792677_1,Taj_POS_12718_1,There are photographers around who will literally accost you and start taking pictures .,September,2015,November,2015,kabeers,United Kingdom,Europe,male,3,1,male,87
327579010_2,Taj_POS_12731_2,Recommended time of visit is the sunrise time when the crowd is relatively less and the temperature is just right .,October,2015,November,2015,Abbey2909,India,Asia,male,1,1,female,94
326229097_1,Taj_POS_12821_1,Once through the busy queues and some hassle from people outside you approach the Taj through a gateway that gradually reveals the beauty of the building and gardens .,October,2015,November,2015,MartinR208,United Kingdom,Europe,male,3,1,male,78
326185003_4,Taj_POS_12823_4,It was a very wiser decision to visit in the evening .,May,2015,November,2015,Naresh K,India,Asia,male,2,0,male,9
325567651_3,Taj_POS_12860_3,"if you go to agra , visit also the red fort , that is very close by car .",October,2015,November,2015,Agustina565,Argentina,South America,male,1,1,female,8
324836696_1,Taj_POS_12908_1,The larger than life image of Taj Mahal catches you dumbstruck the moment you step into the entrance leading upto it .,January,2015,November,2015,AartiPanikkar,India,Asia,male,2,0,female,9
324836696_3,Taj_POS_12908_3,"That said , I should also warn that the area surrounding the Taj and Agra in general is extremely unclean and might be a turn off for tourists coming from the 1st world countries .",January,2015,November,2015,AartiPanikkar,India,Asia,male,1,1,female,9
321624632_2,Taj_POS_13092_2,"It was / is beautiful , despite the crowds ( not as bad at dawn , apparently ) and the guides , which you do find at most attractions .",October,2015,October,2015,Bob C,United Kingdom,Europe,male,3,1,male,8
321301999_3,Taj_POS_13109_3,"Agra is 204 km away from the capital of India , Delhi .",November,2014,October,2015,Merve Baris C,Turkey,Asia,female,1,1,female,8
320712635_2,Taj_POS_13136_2,It is very crowded but everyone is good natured and all required photos can be taken .,October,2015,October,2015,Jayne F,United Kingdom,Europe,female,3,1,female,81
320603346_1,Taj_POS_13141_1,"What I liked - it is magnificent , pretty well preserved , very popular , and on many people's bucket list for good reasonWhat I did not like - it is really commercial , really hot in June , there are touts as soon as you get out of your car , the parking is quite a long way from the entrance , the queues are quite long , there is a 2 - tier entry price , foreigners pay lots more to enter , and get the jump the queues , and the guides drag you into the handicraft store after you leave , BUT , everyone should visit the Taj Mahal if they ever have the good fortune to .",June,2015,October,2015,Brett S,Australia,Oceania,female,4,2,male,90
320603346_2,Taj_POS_13141_2,Ignore the touts and crowds and heat to take in a magnificent relic of a bygone era .,June,2015,October,2015,Brett S,Australia,Oceania,female,3,1,male,90
319260037_7,Taj_POS_13209_7,"Do not take off your shoes but put the shoe cover over them , since the stones can get very hot to walk barefoot .",September,2015,October,2015,WouterVG7,Belgium,Europe,female,1,1,male,91
314039907_1,Taj_POS_13423_1,We visited at sun rise and besides the beautiful light it brings it also allows for a relatively quiet visit .,September,2015,September,2015,mark2600,Belgium,Europe,female,3,1,male,9
311602787_1,Taj_POS_13517_1,Also visit from behind in the fields to see a different perspective .,November,2014,September,2015,Janet996,United Kingdom,Europe,female,3,1,female,88
308404967_2,Taj_POS_13634_2,Wear light footwear as you will have to cover it with shoe covers provided at the entrance .,October,2014,September,2015,Anand_Lobo,India,Asia,male,3,1,male,97
306804376_1,Taj_POS_13674_1,"The whole thing is a great experience , from the lines forming outside to the actual monument encasing the simple tombs .",October,2014,September,2015,MabelQ_13,Puerto Rico,North America,male,4,2,female,9
303118073_4,Taj_POS_13793_4,also all the pillars of taj was made in special way that all four are always visible from whatever angle you see the taj .,April,2015,August,2015,shailesh j,India,Asia,male,1,1,male,9
303118073_5,Taj_POS_13793_5,Once it is full moon you will see that as moon rose in the sky the taj will start becoming blue .,April,2015,August,2015,shailesh j,India,Asia,male,3,1,male,9
289692813_2,Taj_POS_14159_2,The best time to go is very early in the morning to avoid the crowd and the heat .,May,2015,July,2015,LinoVy,Saudi Arabia,Asia,male,3,1,male,8
289389217_2,Taj_POS_14177_2,No trip to Agra can be complete without visiting Taj Mahal .,July,2015,July,2015,gaurav2307,Australia,Oceania,male,1,1,male,80
283763108_1,Taj_POS_14427_1,It is a breath taking sight as soon as you enter the main gate and get first view of the Taj Mahal .,June,2015,June,2015,Varun0123,India,Asia,female,1,1,male,8
283036149_2,Taj_POS_14458_2,"Gigantic by architectural standard and quite a wonder from a symmetry point of view , this is by far the closest you can get to understand a man's love for his wife !",November,2014,June,2015,VikTri,India,Asia,male,3,1,male,9
278565926_6,Taj_POS_14615_6,"As you walk to the bus pick-up area , you are assailed by hawkers and guides - IGNORE THEM !",June,2015,June,2015,Steph G,Australia,Oceania,male,1,1,male,82
267986585_1,Taj_POS_14981_1,"I saw it twice , once at sunset from opposite the river at the Moon garden , and again at dawn .",March,2015,April,2015,Beryl262,Australia,Oceania,male,1,1,female,9
267260009_4,Taj_POS_15020_4,April was a very pleasant time to visit as the crowds were minimal and it was very pleasant to sit on the marble in the shade in the morning overlooking the river .,April,2015,April,2015,Phil J,Australia,Oceania,male,3,1,male,8
267260009_5,Taj_POS_15020_5,"I visited in the morning at around 8:30 , which I would recommend as it had yet to get busy .",April,2015,April,2015,Phil J,Australia,Oceania,male,1,1,male,8
266785494_1,Taj_POS_15036_1,We visited Agra and the Taj Mahal at the end of March .,March,2015,April,2015,Ray S,France,Europe,female,1,1,male,96
266785494_3,Taj_POS_15036_3,"Tipwise , I would say arrive as close to sunrise as possible to avoid the crush of people later and use a good guide as you will get a lot more out of the visit .",March,2015,April,2015,Ray S,France,Europe,female,1,1,male,96
266595781_3,Taj_POS_15047_3,Make sure to check the list before you get in line .,March,2015,April,2015,Lauren_skye,Canada,North America,female,2,0,female,96
266595781_5,Taj_POS_15047_5,We got tickets at about 5:45am at the east gate and went immediately to wait in line at the gate .,March,2015,April,2015,Lauren_skye,Canada,North America,female,1,1,female,96
264614412_3,Taj_POS_15144_3,Always hire a knowledge guide and negotiate on the rates which should includes entry tickets and shoes wrapper .,April,2015,April,2015,YogeshMAN,India,Asia,female,1,1,male,85
264494890_1,Taj_POS_15151_1,Just got back from visiting the Taj Mahal - read for tips You can not enter the area of the Taj with a regular gas vehicle - you have to park in a certain lot ( most likely you will enter by big tourist bus or private driver ) .,April,2015,April,2015,Becky L,United Arab Emirates,Asia,male,1,1,female,8
264494890_3,Taj_POS_15151_3,"While in the parking lot , you will be hounded by hawkers of Taj magazines , postcards and tour guides .",April,2015,April,2015,Becky L,United Arab Emirates,Asia,male,1,1,female,8
264494890_6,Taj_POS_15151_6,you walk around the corner to a long red building to buy your ticket ( head to the LEFT of the building ) .,April,2015,April,2015,Becky L,United Arab Emirates,Asia,male,1,1,female,8
264494890_13,Taj_POS_15151_13,"As you are walking up to this walled entrance , tons of souvenir hawkers around .",April,2015,April,2015,Becky L,United Arab Emirates,Asia,male,1,1,female,8
264494890_14,Taj_POS_15151_14,Head left as you approach the walled entrance - this is where the lines form along rails depending on what type of ticket you have .,April,2015,April,2015,Becky L,United Arab Emirates,Asia,male,1,1,female,8
264494890_15,Taj_POS_15151_15,"You turn in your ticket , the guards go through your bags - do not have crayons , any types of books , etc .",April,2015,April,2015,Becky L,United Arab Emirates,Asia,male,1,1,female,8
264494890_16,Taj_POS_15151_16,"Once you get through , you are inside the Taj compound and you walk straight , then right through an archway - and there is the Taj .",April,2015,April,2015,Becky L,United Arab Emirates,Asia,male,1,1,female,8
263836980_1,Taj_POS_15182_1,"went early at sunrise , before the gates opened and got in line .",March,2015,April,2015,Denise D,Canada,North America,male,2,0,female,9
263836980_2,Taj_POS_15182_2,"At the entrance , women are in one line , men in another .",March,2015,April,2015,Denise D,Canada,North America,male,2,0,female,9
263341722_2,Taj_POS_15207_2,I was fortunate to be able to stand at the end of the pools and take photos with the perfect reflection of Taj Mahal in it .,February,2015,April,2015,BarbN01,Canada,North America,male,3,1,female,86
263341722_3,Taj_POS_15207_3,"And of course , you need to get the picture pinching the top of the Taj .",February,2015,April,2015,BarbN01,Canada,North America,male,1,1,female,86
262934451_1,Taj_POS_15227_1,The view of the main building from the gate itself gives you the chills .,March,2015,March,2015,Pratik D,India,Asia,male,3,1,male,8
262382503_1,Taj_POS_15258_1,I would recommend that one takes one of the economy hotels within the city from where one can walk to the Taj .,February,2015,March,2015,Ann F,Austria,Europe,male,3,1,female,9
260040274_1,Taj_POS_15400_1,"it is a must see almost ruined by the approach road and the tedious security search before entry , actually best seen from the other side of the Yamuna river for better pictures and less crowds .",March,2015,March,2015,Paul E,United Kingdom,Europe,male,1,1,male,8
256112084_1,Taj_POS_15657_1,"To our delight , we were allowed to enter the Taj Mahal , so it was not just the photo opportunity on the outside , but the lovely walk towards the building and then inside .",February,2015,February,2015,PaulineNorway,Norway,Europe,male,3,1,female,86
256110382_5,Taj_POS_15658_5,Be sure to collect your water and shoe covers next to the ticket office .,February,2015,February,2015,Eben v,South Africa,Africa,male,1,1,male,92
255356389_3,Taj_POS_15698_3,Ask the guids to show the photograph point from where it will look like you are touching the top of the monument or you are holding the monument in your hand .,January,2015,February,2015,reena56,India,Asia,male,1,1,female,86
254061589_1,Taj_POS_15777_1,Learnt that Taj Mahal remains closed on Fridays followed by huge rush on saturday and sunday .,February,2015,February,2015,99Bhupendra,India,Asia,male,1,1,male,90
253833685_3,Taj_POS_15798_3,"Note that your belongings are searched at the entrances for prohibited items , among the items that you can not take inside are flags or other items that relate to other countries so you have to take this in mind .",June,2014,February,2015,AngelicaDelHierro,Mexico,North America,female,1,1,female,8
253158783_2,Taj_POS_15832_2,The battery operated trucks to enter the grounds were a surprise but not a dissapointment .,February,2015,February,2015,RogerRFC,United Kingdom,Europe,male,1,1,male,95
250188081_2,Taj_POS_15992_2,"It used to take too long to get in , but now the whole process is a lot quicker , but the security check far too strict !",January,2015,January,2015,Christopher P,Greece,Europe,female,1,1,male,97
248843955_2,Taj_POS_16061_2,It has far more detail on it when you get up close than you could imagine from all the pictures taken far away .,January,2015,January,2015,Louise2186,Switzerland,Europe,male,2,0,female,80
246944880_3,Taj_POS_16174_3,Went across the river to get another view the next day .,December,2014,January,2015,David T,Australia,Oceania,female,1,1,male,8
244950509_3,Taj_POS_16293_3,I went at dawn and the mist present affected picture quality but by 9am the sky was blue .,,,December,2014,KatieKairns,Ireland,Europe,male,2,0,female,82
241737134_5,Taj_POS_16501_5,"However once inside the grounds as a VIP , you skip hour long queues to enter the building itself .",November,2014,November,2014,Tom M,United Kingdom,Europe,male,1,1,male,92
241737134_6,Taj_POS_16501_6,"Patience needed to get a decent photo of the Princess Diana seat , likewise reflections in the pools due to the crowds .",November,2014,November,2014,Tom M,United Kingdom,Europe,male,2,0,male,92
241737134_7,Taj_POS_16501_7,Afterwards we drove over the river to the Mahtab Bagh Gardens to get a great view of the Taj at sunset .,November,2014,November,2014,Tom M,United Kingdom,Europe,male,1,1,male,92
241737134_8,Taj_POS_16501_8,Level easy walking with a few steps apart from the mausolem .,November,2014,November,2014,Tom M,United Kingdom,Europe,male,3,1,male,92
241506330_1,Taj_POS_16514_1,Taj Mahal what it appears in the picture is quite different from the way you look .,November,2014,November,2014,Prasun_Patel,India,Asia,male,1,1,male,92
241506330_3,Taj_POS_16514_3,"The way science was been used is just amazing ( For ex - from the main entrance you see the Taj it appears to be just few steps away , the illusion is created in such a way and when you are out of the main entrance you can see its quite far away .",November,2014,November,2014,Prasun_Patel,India,Asia,male,3,1,male,92
240174772_1,Taj_POS_16608_1,I started the journey from Noida and on to the new highway to Agra .,October,2014,November,2014,Dr Neerja L B,India,Asia,male,2,0,female,84
240174772_2,Taj_POS_16608_2,The road is really good and toll booths warn you of tyre burst if you step on the pedal too much .,October,2014,November,2014,Dr Neerja L B,India,Asia,male,1,1,female,84
240174772_7,Taj_POS_16608_7,"The lines inside are serpentine , but one can buy a priority ticket and avoid those lines .",October,2014,November,2014,Dr Neerja L B,India,Asia,male,1,1,female,84
240174772_10,Taj_POS_16608_10,"There was a mad rush at the mausoleum , and it might be difficult to navigate inside .",October,2014,November,2014,Dr Neerja L B,India,Asia,male,1,1,female,84
240171240_1,Taj_POS_16609_1,"Get a good certified guide from a travel agency or the hotel , they know the ropes !",November,2014,November,2014,PepePitMD,Ecuador,South America,male,3,1,male,85
240121838_2,Taj_POS_16612_2,"Get a decent guide to talk you through the significance of the Taj , and how it was constructed .",November,2014,November,2014,Raj P,United Kingdom,Europe,female,3,1,male,8
239746296_3,Taj_POS_16627_3,Also worth viewing from the far side of the river at the black Taj foundations .,November,2014,November,2014,LouiseNE,United Kingdom,Europe,male,3,1,female,92
239731171_3,Taj_POS_16630_3,"Take lots Water with you , as you will need it , and is not easily available inside .",April,2014,November,2014,Yash M,India,Asia,male,1,1,male,78
239478501_1,Taj_POS_16639_1,Best to visit in the morning and also a must see at sunset / sunrise from the Black Taj .,July,2014,November,2014,Lauren H,United Kingdom,Europe,female,3,1,female,9
239216860_2,Taj_POS_16656_2,Disliked the commotion and chaos outside the main gates after the visiting hours get over .,November,2014,November,2014,Priyanka D,India,Asia,female,1,1,female,9
238577243_1,Taj_POS_16697_1,"I think many people decribed this building - if you go , go at the dawn to be the first in there - this has a special atmosphere .",March,2014,November,2014,JuergenGermanyy,Germany,Europe,female,3,1,male,9
238146225_2,Taj_POS_16720_2,"Next morning at sunrise we visited the site , you do not notice the crowds it is so lovely .",March,2014,November,2014,Ellie2511,United Kingdom,Europe,male,1,1,female,9
238085217_2,Taj_POS_16723_2,"It gets crowded during the weekends and the Taj is shut on Friday , hence those days should be avoided .",October,2014,November,2014,Vishal750,India,Asia,male,1,1,male,93
236681221_2,Taj_POS_16799_2,Going through the massive gates of which there are four gives you some idea of the size of the grounds and the Taj itself .,October,2014,October,2014,RoryBlanch,Ireland,Europe,male,2,0,male,83
236681221_4,Taj_POS_16799_4,Make sure you get a guide to go through the whole story .,October,2014,October,2014,RoryBlanch,Ireland,Europe,male,2,0,male,83
235705811_1,Taj_POS_16840_1,make sure you get there when the ticket office opens at 6am .,October,2014,October,2014,Louise e,United Kingdom,Europe,male,1,1,female,86
235705811_2,Taj_POS_16840_2,"also , we were there as it opened and they did not have the water jets on in the pools which meant we could get reflective pool pictures !",October,2014,October,2014,Louise e,United Kingdom,Europe,male,1,1,female,86
235705811_3,Taj_POS_16840_3,by the time we were leaving the jets were on and you would not be able to get a reflective pic !,October,2014,October,2014,Louise e,United Kingdom,Europe,male,1,1,female,86
235705811_6,Taj_POS_16840_6,make sure you stand to the side of the taj and take a pic of the reflection in your sunglasses !,October,2014,October,2014,Louise e,United Kingdom,Europe,male,3,1,female,86
235705811_8,Taj_POS_16840_8,"if you can ( ie , if you have a driver ) try and go and see the taj from back at the other side of the river .",October,2014,October,2014,Louise e,United Kingdom,Europe,male,1,1,female,86
235170426_3,Taj_POS_16860_3,The crowd is overwhelming and the queue is amazingly long and the locals will push their way in to see the tomb .,October,2014,October,2014,JoeCool88,Malaysia,Asia,female,1,1,male,85
235170426_4,Taj_POS_16860_4,Your car will drop you off at the ticket station to buy your ticket and there is an electric bus to take you in .,October,2014,October,2014,JoeCool88,Malaysia,Asia,female,3,1,male,85
235170426_5,Taj_POS_16860_5,"On a normal day , where there is less crowd , its easy to get the bus and its free 3 .",October,2014,October,2014,JoeCool88,Malaysia,Asia,female,1,1,male,85
235170426_10,Taj_POS_16860_10,There are lots of so-called guides who will offer their services to you claiming that they can get you passed the crowd faster etc .,October,2014,October,2014,JoeCool88,Malaysia,Asia,female,1,1,male,85
235170426_11,Taj_POS_16860_11,"With a foreigner's ticket , you are automatically exempted and can get privilege access even without the guide claiming .",October,2014,October,2014,JoeCool88,Malaysia,Asia,female,1,1,male,85
235170426_12,Taj_POS_16860_12,There are separate queues for foreigners to access to the tomb6 .,October,2014,October,2014,JoeCool88,Malaysia,Asia,female,1,1,male,85
235170426_14,Taj_POS_16860_14,The guide is worthwhile if you are interested in the history of the Taj .,October,2014,October,2014,JoeCool88,Malaysia,Asia,female,3,1,male,85
235170426_15,Taj_POS_16860_15,Bring lots of bottles of water if you are visiting during summer or autumn as it can get quite hot8 .,October,2014,October,2014,JoeCool88,Malaysia,Asia,female,1,1,male,85
235170426_17,Taj_POS_16860_17,"its chargeable for the local IndiansFinally , Take your time to enjoy the scenery and absorb the majestic building .",October,2014,October,2014,JoeCool88,Malaysia,Asia,female,3,1,male,85
234813169_3,Taj_POS_16873_3,It is dark and you need to buy tickets at the counter .,October,2014,October,2014,kelvi,American Samoa,Oceania,female,1,1,female,99
234813169_5,Taj_POS_16873_5,"Taj does not allow people in until sun rises , still if you get in quick enough the light is beautiful .",October,2014,October,2014,kelvi,American Samoa,Oceania,female,1,1,female,99
234813169_8,Taj_POS_16873_8,"Read the list of items not allowed inside , otherwise you need walk back leave your stuff with vendors and get back in queue .",October,2014,October,2014,kelvi,American Samoa,Oceania,female,1,1,female,99
234813169_9,Taj_POS_16873_9,Carry shoe covers if you do not want to remove the shoes inside .,October,2014,October,2014,kelvi,American Samoa,Oceania,female,1,1,female,99
234813169_11,Taj_POS_16873_11,You can buy it at the same place tickets are available .,October,2014,October,2014,kelvi,American Samoa,Oceania,female,1,1,female,99
234813169_12,Taj_POS_16873_12,"Once inside , avoid the hawkers , be careful of your stuff .",October,2014,October,2014,kelvi,American Samoa,Oceania,female,1,1,female,99
234813169_16,Taj_POS_16873_16,The place is relatively not crowded and it is a breeze getting in and out of the taj .,October,2014,October,2014,kelvi,American Samoa,Oceania,female,1,1,female,99
234813169_17,Taj_POS_16873_17,"If you want to avoid crowds , go in the morning .",October,2014,October,2014,kelvi,American Samoa,Oceania,female,1,1,female,99
234813169_19,Taj_POS_16873_19,The entry to the mausoleum was crazy and every one was in a rush .,October,2014,October,2014,kelvi,American Samoa,Oceania,female,1,1,female,99
234813169_20,Taj_POS_16873_20,"When taking the battery operated buses , you need to push and push and push .",October,2014,October,2014,kelvi,American Samoa,Oceania,female,1,1,female,99
233711146_3,Taj_POS_16916_3,"They like to stop , I mean completely stop and look , so guards has to stand with whistles everywhere to get people moving along , and suddenly you feel like you are in the middle of a traffic jam center city , .",September,2014,October,2014,John19091975,Denmark,Europe,male,1,1,male,86
231009286_2,Taj_POS_17022_2,Any angle you see it from it gives you new dimensions .,September,2014,September,2014,Natasha G,India,Asia,male,3,1,female,8
222803954_7,Taj_POS_17302_7,You are not allowed to take chewing gums and chocolates in your bag as they have a thorough checking at the entrance and will have to leave the same there .,August,2014,August,2014,243Jenny_D_12243,United Arab Emirates,Asia,male,1,1,female,8
220265116_2,Taj_POS_17362_2,Our guide mentioned that you should visit the place during the full moon so you can see how it illuminates under the moonlight .,September,2013,August,2014,NikeLight,Philippines,Asia,female,3,1,female,80
210749280_2,Taj_POS_17612_2,you have seen the pictures of it your whole life and then it is right in front of you .,June,2014,June,2014,Susie_3333,Australia,Oceania,male,3,1,female,85
210749280_6,Taj_POS_17612_6,It is about a 1km easy walk from the west gate entrance to the ticket office and entry .,June,2014,June,2014,Susie_3333,Australia,Oceania,male,3,1,female,85
209471006_1,Taj_POS_17645_1,"Only had 2 disappointments , people just leaving shoe covers lying around causing litter and inside is very underwhelming , crowded and rushed through .",April,2014,June,2014,Travis_Travellers,Australia,Oceania,male,0,2,male,8
206719923_2,Taj_POS_17730_2,"Also , if you travel alone , you can hire someone to take photos of your visit , as there are photographers walking around available to hire .",June,2013,May,2014,Kellie S,Georgia,Asia,female,1,1,female,9
203340178_3,Taj_POS_17840_3,"And , do take off your shoes and walk barefoot inside , forget the shoe covers that are adding to litter !",April,2014,April,2014,slhguys,United Kingdom,Europe,female,1,1,male,96
203340178_4,Taj_POS_17840_4,"BUT - be well aware of the crowds , visit later in the evening to see the sunset and avoid the heat of the day , there will still be some 10,000 people with you , still , access is easy and there IS space for all !",April,2014,April,2014,slhguys,United Kingdom,Europe,female,3,1,male,96
203340178_5,Taj_POS_17840_5,"EVEN better , get up early the next morning and view the Taj from across the river before the crowds arrive , so much more enigmatic and romantic !",April,2014,April,2014,slhguys,United Kingdom,Europe,female,3,1,male,96
198020343_1,Taj_POS_18076_1,Even if you are not staying in Agra you can come and go on the same day .,April,2013,March,2014,AshleyPotter,India,Asia,female,2,0,female,8
197938963_1,Taj_POS_18083_1,"Fabulous structure , with little to see inside the actual mausoleum .",March,2014,March,2014,Brian P,United Kingdom,Europe,male,3,1,male,81
196015283_3,Taj_POS_18172_3,"I even saw the Ariel view of the Taj from the Balloon ride , which is made available at Kalakriti Centre , Near Shilpram .",February,2014,March,2014,Ashish S,India,Asia,female,1,1,male,79
196015283_4,Taj_POS_18172_4,It is amazing to see the Taj sitting idle in front of it and just looking at the same ignoring the presence of other people around you .,February,2014,March,2014,Ashish S,India,Asia,female,3,1,male,79
196015283_5,Taj_POS_18172_5,The Audio Guide is available at the Taj after the entry from the main gate .,February,2014,March,2014,Ashish S,India,Asia,female,2,0,male,79
194507381_1,Taj_POS_18266_1,"As the milestone depicting Agra zeroed , the moment I was crossing the Yamuna bridge , my eyes were wandering to glimpse the top of minaret or tail piece of finial to judge the progress of the journey and to upbeat my heart's rhythm as this going to be an everlasting day in my life .",February,2014,February,2014,Rajeev26,India,Asia,male,1,1,male,8
194507381_2,Taj_POS_18266_2,"Hassled by the queue at ticket counter or the annoying by erratic guides or vendors at the entrance or the thorough scrutiny by armed men , a surge to usher ahead was lively at all moments .",February,2014,February,2014,Rajeev26,India,Asia,male,1,1,male,8
194507381_4,Taj_POS_18266_4,"The red coloured arch of main Darwaza from south side banged my heart with a drumstick , by letting the first look of the white marble mausoleum which fills this gateway , and a slow breeze tickled when the crowd in front parted apart and I pointed this view to my better half .",February,2014,February,2014,Rajeev26,India,Asia,male,0,2,male,8
194310273_2,Taj_POS_18276_2,"Highly recommend that you set off in the early hours and do it in the morning , as it gets super hot walking on the marble , and you can not wear shoes in some places .",March,2013,February,2014,Lauren R,South Africa,Africa,female,4,2,female,9
193737340_3,Taj_POS_18309_3,"Definitely take along a tour guide to explain to you the symbolism that would otherwise be overseen ( eg there are 22 domes on the principal gate , symbolising the 22 years of construction ) and of course the history to it .",January,2014,February,2014,Felix L,New Zealand,Oceania,male,1,1,male,89
193737340_5,Taj_POS_18309_5,"I recommend going there early , ie before about 10am , where there is relatively few tourists and lines are short .",January,2014,February,2014,Felix L,New Zealand,Oceania,male,3,1,male,89
193737340_6,Taj_POS_18309_6,Definitely go before the Delhi train arrives with hordes of tourists ( ie around noon ) .,January,2014,February,2014,Felix L,New Zealand,Oceania,male,1,1,male,89
191929509_4,Taj_POS_18422_4,Nothing beats the feel of seeing the grandeur of Taj for the first time when you enter those massive gates .,May,2013,January,2014,AbhishekT923,India,Asia,male,3,1,male,8
189563627_2,Taj_POS_18585_2,The Taj itself is very majestic even though its foggy and you need to be there to experience the atmosphere .,December,2013,January,2014,andy2008_12,Malaysia,Asia,male,3,1,male,79
189563627_6,Taj_POS_18585_6,You need to cover your shoe to be able to enter the Taj .,December,2013,January,2014,andy2008_12,Malaysia,Asia,male,2,0,male,79
189409141_2,Taj_POS_18603_2,"The outbuildings and courtyards , and there are many , were a surprise as you never see them on the travel shows .",November,2013,January,2014,Jane C,Australia,Oceania,female,1,1,female,8
187162296_2,Taj_POS_18743_2,The building is completely symmetrical from all sides and the workmanship inside the tomb itself is breathtaking and do not forget the princess Diana pose at the bench .,December,2013,December,2013,ManishaParag,India,Asia,female,3,1,female,80
186492113_5,Taj_POS_18779_5,please buy shoe covers while going inside which will be charged for 10 Try avoiding going on Sundays and Fridays doe to close and heavy rush of visitors .,January,2013,December,2013,Aniket06,India,Asia,male,1,1,male,8
184583998_2,Taj_POS_18868_2,We visited around an hour after opening time and there were zero queues to get in and through security .,November,2013,November,2013,John M,United Kingdom,Europe,female,1,1,male,94
184477663_2,Taj_POS_18874_2,"But once you are inside the Taj , you are in for a treat .",December,2012,November,2013,MohanKarthikP,India,Asia,female,3,1,male,87
182713027_1,Taj_POS_18932_1,The Taj is a wonderful monument that looks even more stunning the closer you get .,October,2013,October,2013,578SusanJ,United Kingdom,Europe,male,4,2,female,82
182713027_3,Taj_POS_18932_3,Visit very early in the morning to avoid the crowds - we got there for 6.30 am and still had plenty of company .,October,2013,October,2013,578SusanJ,United Kingdom,Europe,male,1,1,female,82
182713027_7,Taj_POS_18932_7,Afterwards go across the river and see it from the other side - it is a nice view .,October,2013,October,2013,578SusanJ,United Kingdom,Europe,male,3,1,female,82
181639874_4,Taj_POS_18990_4,"I strongly recommend visit at sunrise , as Taj acquires a golden hue at that time , and one can beat the crowds .",October,2013,October,2013,gururaj_bn,India,Asia,male,3,1,male,83
181071844_2,Taj_POS_19013_2,"There different ways of getting into Taj Mahal , First is the general entrance , second is the VIP entrance and finally special used by the local guides .",October,2013,October,2013,kareem21,United Arab Emirates,Asia,female,3,1,male,96
180015026_3,Taj_POS_19077_3,"Most areas are wheel-chair accessible , but there are steep steps up to the Taj itself ( not many , but still , which rule you out if you can not walk up them .",September,2013,October,2013,LiaRuby88,Australia,Oceania,female,1,1,female,8
180015026_4,Taj_POS_19077_4,you are still able to enjoy it from a distance you can not drive right up to the Taj Mahal .,September,2013,October,2013,LiaRuby88,Australia,Oceania,female,3,1,female,8
180015026_5,Taj_POS_19077_5,"To protect the building from pollution , cars and buses park some distance away and you are taken up by electric auto , or by camel / horse cart there are loads of people trying to sell various goods in the carparks .",September,2013,October,2013,LiaRuby88,Australia,Oceania,female,1,1,female,8
175101104_6,Taj_POS_19247_6,Summing up - a UNESCO Heritage Site that will leave you mesmerized .,January,2013,September,2013,Betty P,Argentina,South America,female,1,1,female,854
175101104_7,Taj_POS_19247_7,The view you get as you pass through the doorway is simply unbelievable .,January,2013,September,2013,Betty P,Argentina,South America,female,1,1,female,854
169416518_1,Taj_POS_19394_1,go round the sides and back as it seems quieter there .,July,2013,July,2013,das90a,Slovenia,Europe,female,2,0,female,80
164672806_5,Taj_POS_19516_5,See in the Taj Mahal the echo of that past and affix it to your own significant Other .,January,2013,June,2013,madhav n,India,Asia,male,1,1,male,80
161848470_1,Taj_POS_19580_1,"I would recommend that you take a local , licensed guide to help you get the most from your visit .",May,2013,May,2013,DaveFaull,United Kingdom,Europe,female,1,1,male,99
160857966_5,Taj_POS_19614_5,Tips on visiting as a foreigner - Purchase the foreigner tickets as this eliminates the queue to go inside the tomb .,February,2013,May,2013,Prakash J,South Africa,Africa,male,1,1,male,8
160466013_1,Taj_POS_19624_1,"On enquiry at the hotel , they told that the tickets counter shall open at 6 AM at Shilpagram - parking area and also to Taj at the same time .",May,2013,May,2013,Karthik R,India,Asia,male,1,1,male,899
160466013_2,Taj_POS_19624_2,"Being my birthday , I want to be the first in the counter and went at 5:15 , and the counter was open - Foreigners were already there buying tickets and I was the first Indian to get the tickets .",May,2013,May,2013,Karthik R,India,Asia,male,1,1,male,899
160466013_3,Taj_POS_19624_3,"And also , the counter person told that , the entrance is open at Taj as well as the sunrise is early in summer .",May,2013,May,2013,Karthik R,India,Asia,male,3,1,male,899
160466013_4,Taj_POS_19624_4,We moved to the entrance and entered with no queues there !,May,2013,May,2013,Karthik R,India,Asia,male,1,1,male,899
160466013_6,Taj_POS_19624_6,"Comfortably , took lot of photos and went around the Taj .",May,2013,May,2013,Karthik R,India,Asia,male,1,1,male,899
160461163_2,Taj_POS_19625_2,"Taj can be reached by a short ride from the station by car , auto-rickshaw , cycle rickshaw , or tonga .",April,2013,May,2013,AbuSayeed,India,Asia,male,1,1,male,8
160461163_6,Taj_POS_19625_6,"Verses of the Quran are inscribed on it and at the top of the gate are twenty-two small domes , signifying the number of years the monument took to build .",April,2013,May,2013,AbuSayeed,India,Asia,male,1,1,male,8
158798544_2,Taj_POS_19684_2,I visited just before sunrise and was one of the first few through the gates .,April,2013,April,2013,Michelle C,United Kingdom,Europe,female,1,1,female,8
158798544_3,Taj_POS_19684_3,"We managed to get the classic photos - sitting on the Diana bench , touching the top of the Taj , photo of Taj refelected in your sunglasses .",April,2013,April,2013,Michelle C,United Kingdom,Europe,female,1,1,female,8
158798544_5,Taj_POS_19684_5,Get to the Taj early to see the sunrise and the colours play across the Taj .,April,2013,April,2013,Michelle C,United Kingdom,Europe,female,1,1,female,8
157060223_3,Taj_POS_19797_3,"We stayed overnight at the Oberoi Amarvilas which gave the because for the compulsory champagne on the balcony watching the sun set over the Taj , but before head to the other side of the river and see the Taj as the sun sets from across the river .",April,2013,April,2013,AmandaC007,United Kingdom,Europe,male,1,1,female,85
156578409_2,Taj_POS_19824_2,We hired a car & very wonderful moments i passed there .,February,2013,April,2013,kumud j c barot M,India,Asia,male,3,1,female,88
154816483_2,Taj_POS_19926_2,We had a good straightforward drive from New Delhi and the new expressway certainly speeds things up .,March,2013,March,2013,Philip P,United Kingdom,Europe,female,3,1,male,96
154816483_8,Taj_POS_19926_8,You could still get pictures fairly easily and our guide assisted also and was a great help .,March,2013,March,2013,Philip P,United Kingdom,Europe,female,3,1,male,96
153655238_2,Taj_POS_20030_2,"However , it does get very squashed and packed inside the actual Taj Mahal as they let in people , until it is full and there is a crush to get out again .",December,2012,March,2013,Jayne_Wright_12,Australia,Oceania,female,2,0,female,9
153655238_3,Taj_POS_20030_3,"I did go on a Saturday however and I traveled to Agra via a car from Delhi , which the scenic route took us about 6 hours to travel from .",December,2012,March,2013,Jayne_Wright_12,Australia,Oceania,female,3,1,female,9
153655238_5,Taj_POS_20030_5,"I would suggest to travel there by car , but look out for the electric buses to the Taj Mahal , as automotive vehicles can not get within 1 kilometre of the Taj Mahal .",December,2012,March,2013,Jayne_Wright_12,Australia,Oceania,female,1,1,female,9
153085126_3,Taj_POS_20076_3,"The actual walk around outside and inside was well worth while , nice and cool inside .",April,2012,February,2013,Bob H,United Kingdom,Europe,male,4,2,male,91
152108308_1,Taj_POS_20136_1,Get there first thing in the morning as it opens and watch the sun change the colour of the Taj from pink to white .,January,2013,February,2013,janetG2239JY,United Kingdom,Europe,male,1,1,female,88
151364005_1,Taj_POS_20166_1,We visited at 6am and returned to view from the river at 6:30pm .,,,February,2013,DarrenL22,United Kingdom,Europe,male,1,1,male,97
151019664_1,Taj_POS_20194_1,Fantastic site well worth a visit but make sure you get your ticket from the tourist office a bout a mile up the road .,November,2012,January,2013,fred b,United Kingdom,Europe,male,3,1,male,8
151019664_2,Taj_POS_20194_2,The museum to the left of the Taj as you go into the site is a waste of time .,November,2012,January,2013,fred b,United Kingdom,Europe,male,0,2,male,8
149955459_6,Taj_POS_20288_6,Another issue is long distance to reach the Taj from the gates .,December,2012,January,2013,Prashanth P,Oman,Asia,male,1,1,male,79
149955459_7,Taj_POS_20288_7,The distance is at least 1 km which elderly people can not cope .,December,2012,January,2013,Prashanth P,Oman,Asia,male,1,1,male,79
149723176_1,Taj_POS_20301_1,Take a short horse cart or camel ride from the entrance to the Taj Mahal itself .,,,January,2013,Adam099,Israel,Asia,female,2,0,male,94
149723176_2,Taj_POS_20301_2,Ensure that you take a government approved guide and photographer to enjoy and remember this wondrous experience !,,,January,2013,Adam099,Israel,Asia,female,4,2,male,94
148941177_6,Taj_POS_20350_6,"Authorities should address to cleanliness , hygine and easy security measures for tourists .",December,2012,January,2013,Jay B,New Zealand,Oceania,female,1,1,male,81
148572423_2,Taj_POS_20375_2,"If you are in Agra , do not miss the opportunity to see it .",December,2012,January,2013,GauravShri,India,Asia,female,1,1,male,91
148027522_3,Taj_POS_20418_3,You will need to buy entrance tickets at a separate ticket office .,December,2012,December,2012,Kim A,United Kingdom,Europe,male,1,1,female,9
147750155_4,Taj_POS_20446_4,"But get ready for big crowds , long lines , and beware of pickpockets .",December,2012,December,2012,BartMBart,Canada,North America,male,1,1,male,98
147562274_1,Taj_POS_20459_1,"Visit the Taj at 5am , early in the morning to watch the sunrise .",August,2012,December,2012,Felicity O,Norway,Europe,male,1,1,female,8
147562274_2,Taj_POS_20459_2,Also visit the Red Fort for another view of the Taj .,August,2012,December,2012,Felicity O,Norway,Europe,male,1,1,female,8
144707220_3,Taj_POS_20651_3,you will be bothered alot by the indians in the way of getting nagged to take ur photo or drop you somewhere close .,,,November,2012,JuJu-Dubai,United Arab Emirates,Asia,male,2,0,female,90
143110425_2,Taj_POS_20732_2,We first saw it from the Red Fort where you get a wonderful perspective of its beauty .,September,2012,October,2012,CliveT64,United Kingdom,Europe,male,3,1,male,797
143110425_3,Taj_POS_20732_3,To then see it framed though the entry arch when you arrive is a sight to behold .,September,2012,October,2012,CliveT64,United Kingdom,Europe,male,1,1,male,797
142270129_2,Taj_POS_20780_2,Very nice experience easy to get around and exceedingly good guide who explained fully all aspects of the site .,September,2012,October,2012,David S,United Kingdom,Europe,male,4,2,male,79
142082715_1,Taj_POS_20786_1,"it is impossible to describe , you simply have to go .",April,2012,October,2012,Adam W,United Kingdom,Europe,male,1,1,male,8
139961064_1,Taj_POS_20855_1,I felt the mysterious energy when I entered the Tajamahal at sunrise .,December,2011,September,2012,AshrafMystic,India,Asia,male,2,0,male,98
138019553_1,Taj_POS_20913_1,"The overall view from a distance is what you expect to see , if you have seen pictures but once you come closer , you see the details that are so spectacular .",August,2012,August,2012,Tineke_9,Belgium,Europe,male,3,1,female,87
133514904_2,Taj_POS_21053_2,Very little standing in line and the freedom to take as many pictures as possible .,June,2012,July,2012,Gemma P,Qatar,Asia,male,3,1,female,9
133514904_3,Taj_POS_21053_3,"There is a bs that takes you from the ticket booth to the Taj , which later in the day would get quite busy and stuffy .",June,2012,July,2012,Gemma P,Qatar,Asia,male,1,1,female,9
133238113_3,Taj_POS_21071_3,"The friendly guides were full of enthusiasm , Taj Mahal is best visited at 5 am in the morning .",June,2012,July,2012,Smriti0001,India,Asia,female,3,1,female,8
133238113_4,Taj_POS_21071_4,It is less crowded and you get the best time to spend out there .,June,2012,July,2012,Smriti0001,India,Asia,female,3,1,female,8
131509347_1,Taj_POS_21131_1,Try to get there at sunrise to see how the sun makes the Taj change color !,March,2012,June,2012,Mary D,United States,North America,male,2,0,female,9
131469734_1,Taj_POS_21133_1,"Will not right more about taj complex but share few tips - 1 ) Enter from the east get to avoid ques2 ) Get official guides3 ) Audio guides , at Rs .",June,2012,June,2012,nadeemg,India,Asia,male,1,1,male,83
131469734_4,Taj_POS_21133_4,"5 ) Buy shoe covers if you are going in summers , as walking on the marble barefooted is quite difficult .",June,2012,June,2012,nadeemg,India,Asia,male,1,1,male,83
129558554_2,Taj_POS_21209_2,But the beauty of the monument justify the price and the 1-2h queue to enter into .,April,2012,May,2012,Margaux C,India,Asia,male,3,1,female,9
125406090_1,Taj_POS_21479_1,after travel around the world this is the best of the best .,February,2012,February,2012,julian042,Portugal,Europe,male,3,1,male,9
123153412_2,Taj_POS_21606_2,"The crowds were ever-present , and a perfect photo with no one there is impossible , and the staff try to push you through everything as quick as can be .",December,2011,January,2012,Maitreyi,India,Asia,male,1,1,female,89
122710466_3,Taj_POS_21641_3,"Truth be told , I found the Fort far more interesting .",,,January,2012,krys_k,United Kingdom,Europe,male,3,1,male,806
121423570_3,Taj_POS_21738_3,one way to test the real marble is to allow light on one side and you can see that light on the other side .,February,2011,December,2011,Sunny04_11,India,Asia,male,3,1,male,85
121423570_5,Taj_POS_21738_5,The curvature of the various side of the structure contain small curvatures designed basically to confuse spiders and not allow them to make cobwebs .,February,2011,December,2011,Sunny04_11,India,Asia,male,1,1,male,85
121423570_6,Taj_POS_21738_6,"The four minarets on the sides have been tilted away from the main structure , so in case of an earthquake , they will fall away and not damage the main structure .",February,2011,December,2011,Sunny04_11,India,Asia,male,1,1,male,85
120897779_2,Taj_POS_21778_2,Disliked the segregation of men and women in the queue but that is forgotten when you get through the gate and see the amazing building .,November,2011,November,2011,JillyFY,United Kingdom,Europe,female,1,1,female,9
120101619_2,Taj_POS_21841_2,"do not expect a super highway to the Taj - its India after all and you see an endless array of cows , dogs , people crushed into open buses , garbage , markets etc .",October,2011,November,2011,Kim L,Canada,North America,female,1,1,female,86
120101619_3,Taj_POS_21841_3,The traffic is insane but back to Agra - get a licenced guide its the best way .,October,2011,November,2011,Kim L,Canada,North America,female,3,1,female,86
120101619_7,Taj_POS_21841_7,"If I go back , I would stay in Agra over night and go to the Taj at dawn .",October,2011,November,2011,Kim L,Canada,North America,female,1,1,female,86
63104360_3,Taj_POS_22038_3,"The travel company were very good and we were provided with a complete package of airport pick up , hotel in Delhi , return train tickets and a guide in Agra - who also took us to see the Red Fort .",,,May,2010,donna_goodwin,United Kingdom,Europe,male,3,1,female,80
32003834_4,Taj_POS_22092_4,When you are taking pictures of it please stand in the center on the entry and try to make sure the front minaret are same distance from the main structure .,,,June,2009,Bhola,United States,North America,male,2,0,male,9
