627758236_2,Colosseum_NEG_165_2,Ticket office has no informative literature or maps so take your own .,October,2018,October,2018,pete b,United Kingdom,Europe,male,1,1,male,90
627758236_3,Colosseum_NEG_165_3,"Once you are in you do not have access to all areas , Join another queue to join another guided tour .",October,2018,October,2018,pete b,United Kingdom,Europe,male,1,1,male,90
476485216_5,Colosseum_NEG_421_5,"Skip the queue there is no such thing , it just means you can go in the shorter queue which is still 2 hours .",April,2017,April,2017,Nichola8,United Kingdom,Europe,male,1,1,female,92
412264624_1,Colosseum_NEG_516_1,"When you see the colosseum from our side you will get empresses however , from inside it is something else , I do not see it is good idea to spend time to see / visit the colosseum from inside .",August,2016,August,2016,haitham70,Saudi Arabia,Asia,male,1,1,male,9
346826935_2,Colosseum_NEG_610_2,"First of all , you must visit a bathroom somewhere else prior to coming to Colosseum .",February,2016,February,2016,hanicka,Czechia,Europe,male,1,1,female,93
346826935_4,Colosseum_NEG_610_4,"Secondly , even if you buy a ticket in advance , you still have to get on line to get in .",February,2016,February,2016,hanicka,Czechia,Europe,male,1,1,female,93
281210463_1,Colosseum_NEG_688_1,"Capua Amu theater is much better , any fans of Spartacus will appreciate this very inexpensive and personal visit .",June,2015,June,2015,Juan V,Italy,Europe,male,1,1,male,9
273453188_1,Colosseum_NEG_697_1,"There are too many foreigners trying to sale selfy-sticks , scarfs , and front of the line pass .",May,2015,May,2015,Romeo69,Canada,North America,female,1,1,male,91
273453188_4,Colosseum_NEG_697_4,It was suppose to open at 09:30 but only opened at 11:30 .,May,2015,May,2015,Romeo69,Canada,North America,female,2,0,male,91
635410068_1,Colosseum_NEU_327_1,And the construction of line C of the subway takes away some of the historical values .,November,2018,November,2018,OlaSkynor,Norway,Europe,male,3,1,male,9
617334475_1,Colosseum_NEU_422_1,"We had the Roma Pass ticket , so no line , it did not give access to the Plato at the end , but otherwise fine , Colleseum is so so , I am not sure its better from the inside , l .",September,2018,September,2018,Peter S,Denmark,Europe,male,0,2,male,98
595674008_1,Colosseum_NEU_541_1,Best view is from the outside to get the best perspective .,July,2018,July,2018,Marlin M,Australia,Oceania,male,4,2,male,9
595674008_1,Colosseum_NEU_542_1,Best view is from the outside to get the best perspective .,July,2018,July,2018,Marlin M,Australia,Oceania,male,4,2,male,9
557578660_3,Colosseum_NEU_807_3,The visit can take 1 hour if you are not a huge fan of history .,January,2018,January,2018,vincent2208,Tanzania,Africa,female,2,0,male,90
556653470_1,Colosseum_NEU_811_1,But because of this we were not able to get tickets .,December,2017,January,2018,rhiann c,Italy,Europe,male,1,1,female,9
477922634_4,Colosseum_NEU_1232_4,I have visited an amphitheatre in Verona which was far more impressive as it is still in use unlike this one .,April,2017,April,2017,James N,United Kingdom,Europe,female,1,1,male,9
477922634_5,Colosseum_NEU_1232_5,"Neverthelss is it worth a visit , especially as the ticket also includes entrance to the Palatine park opposite , which is a lovely walk with many historic ruins etc inside .",April,2017,April,2017,James N,United Kingdom,Europe,female,3,1,male,9
472769547_1,Colosseum_NEU_1271_1,The Colosseum Metro Station is walking to connect to the city .,March,2017,April,2017,sam1976in,India,Asia,female,3,1,male,93
372844781_1,Colosseum_NEU_1926_1,This is a good place to look around and get a feel for old Rome but the queues can be very long even when you pre book your ticket as you still have to get through the security check .,May,2016,May,2016,51Liz003,United Kingdom,Europe,male,2,0,female,9
372844781_2,Colosseum_NEU_1926_2,Go as early as you can to beat the longest queues .,May,2016,May,2016,51Liz003,United Kingdom,Europe,male,2,0,female,9
340967148_1,Colosseum_NEU_2160_1,"Going to Rome for the first time , a must see , however if you have been before , do not feel obliged to enter again , nothing has changed other than scaffolding where renovation works are being carried out .",January,2016,January,2016,Marion C,United Arab Emirates,Asia,male,1,1,female,9
337204857_2,Colosseum_NEU_2182_2,Buy tickets from the Pallazio entrance ( a few steps down the road-shorter lines ) and visit it early in the morning to avoid the extended lines .,January,2016,January,2016,EvangelosGr1982,Greece,Europe,male,1,1,male,9
337204857_3,Colosseum_NEU_2182_3,"However , if you do not manage to get inside , you are not losing something important .",January,2016,January,2016,EvangelosGr1982,Greece,Europe,male,2,0,male,9
283390893_3,Colosseum_NEU_2520_3,The wait was not long at all because we had a Roma Pass which is recommended if you are visiting Rome .,June,2015,June,2015,Anastasia218,Canada,North America,male,1,1,female,9
283390893_4,Colosseum_NEU_2520_4,Inside the Colosseum alot of picture taking happens and there is more than 1 floor which you can get to to see the entire view .,June,2015,June,2015,Anastasia218,Canada,North America,male,1,1,female,9
283390893_5,Colosseum_NEU_2520_5,Give yourself about 1 to 1.5 hours to visit this attraction and move on to the Imperial Forum which is close by .,June,2015,June,2015,Anastasia218,Canada,North America,male,1,1,female,9
278332064_1,Colosseum_NEU_2550_1,could not get a decent picture without anyone passing thru the scene .,June,2015,June,2015,NotAShyGirl,Philippines,Asia,male,1,1,female,91
257171257_6,Colosseum_NEU_2652_6,"To see this information , you had to get reaaaaallllll close to the entrance barriers at The Colosseum and once there , look through the gates and a sign on the other side of them wrote it .",February,2015,March,2015,Sevgi K,United Kingdom,Europe,female,1,1,female,9
212575518_2,Colosseum_NEU_2854_2,The only advantage was skipping the queue to purchase the tickets .,June,2014,June,2014,John J,United Kingdom,Europe,male,1,1,male,9
181116594_1,Colosseum_NEU_2988_1,"The Colosseum is a great historic attraction , but there were very long lines and a long wait unless you purchase one of the smaller group tours available outside the entrance .",September,2013,October,2013,Mike D,United States,North America,male,2,0,male,9
164677199_1,Colosseum_NEU_3074_1,The Colosseum has been sadly neglected and is spoiled further by standing in the middle of what is basically a three-lane roundabout .,June,2013,June,2013,Bill H,United Kingdom,Europe,male,1,1,male,9
164677199_2,Colosseum_NEU_3074_2,"There are better Roman arenas to be seen , especially in Neme , France .",June,2013,June,2013,Bill H,United Kingdom,Europe,male,3,1,male,9
157310442_1,Colosseum_NEU_3112_1,"We bought the pass to visit the Colosseum , Palatine Hill and the Roman Forum .",September,2012,April,2013,WendyT460,Singapore,Asia,male,2,0,female,9
157310442_9,Colosseum_NEU_3112_9,"If I remember , and there were no changes since then , the meeting point is right in front of the large entrance into the Colosseum so do not follow other signs that says meeting point The signs in the Colosseum can be confusing as they were carrying out some works .",September,2012,April,2013,WendyT460,Singapore,Asia,male,1,1,female,9
157310442_10,Colosseum_NEU_3112_10,We tried to find the Exit but the Exit signs led us in circles and we finally left from the way we came in .,September,2012,April,2013,WendyT460,Singapore,Asia,male,1,1,female,9
152179161_2,Colosseum_NEU_3140_2,When you first enter the arena it is amazing to look around and take it all in .,February,2013,February,2013,BigSpo,United Kingdom,Europe,male,3,1,male,90
152179161_4,Colosseum_NEU_3140_4,Information within is sparse and once you have taken in the view that was it .,February,2013,February,2013,BigSpo,United Kingdom,Europe,male,2,0,male,90
147455070_5,Colosseum_NEU_3155_5,"To avoid the long line , I would suggest to buy the ticket thru the net attraction just beside the Colosseum which the Paladine or the Ruins .",December,2012,December,2012,saut,Indonesia,Asia,male,1,1,female,97
705652917_1,Colosseum_POS_34_1,The do it yourself walk around is probably enough - just to soak in atmosphere and imagine the gladiatorial escapades .,August,2019,September,2019,Allan L,United Kingdom,Europe,female,1,1,male,9
705652917_2,Colosseum_POS_34_2,Late in the day seemed best to avoid some of the busyness .,August,2019,September,2019,Allan L,United Kingdom,Europe,female,2,0,male,9
703536165_1,Colosseum_POS_130_1,The structure is absolutely amazing and you totally understand the values it holds once you are inside .,August,2019,August,2019,Sharon S,United Kingdom,Europe,male,4,2,female,9
702185363_5,Colosseum_POS_197_5,"When you purchase a ticket , you are given a time for entrance .",August,2019,August,2019,Kylie24,United Kingdom,Europe,male,2,0,female,93
695620481_3,Colosseum_POS_511_3,However visit on a weekday as the lines are long and keep water with you to keep hydrated .,July,2019,August,2019,Satyam02,India,Asia,male,2,0,female,91
690104708_3,Colosseum_POS_840_3,We also went on a tour of the inside and this was amazing .,July,2019,July,2019,LaluAj,South Africa,Africa,male,3,1,male,9
685062832_1,Colosseum_POS_1183_1,"Although there are long queues , when you get inside it does not feel crowded .",June,2019,June,2019,jenny m,United Kingdom,Europe,male,1,1,female,9
677334651_2,Colosseum_POS_1782_2,"Get there early and join a tour , there and guides everywhere and you can skip all the queues .",May,2019,May,2019,Elisee18,United Kingdom,Europe,male,1,1,male,9
676905828_1,Colosseum_POS_1821_1,"visit with a guide , the best part was the colosseum itself and the museum .",May,2019,May,2019,Erlend J,Norway,Europe,male,3,1,male,9
667189779_1,Colosseum_POS_2514_1,"When you get off the metro and walk out and the building is just there , it is an amazing structure and well looked after .",April,2019,April,2019,Joanne O,United Kingdom,Europe,male,3,1,female,9
665641619_1,Colosseum_POS_2637_1,"It is stunningly beautiful from the outside , there are however a lot of building works ongoing for the metro station which does distract slightly .",April,2019,April,2019,CarolineO64,United Kingdom,Europe,male,3,1,female,9
665641619_3,Colosseum_POS_2637_3,Always get your tickets from the official site and do the underground tour if you can .,April,2019,April,2019,CarolineO64,United Kingdom,Europe,male,1,1,female,9
664703118_4,Colosseum_POS_2685_4,"However once you have gone through the hassle of getting tickets , getting in & going through security it is well worth it .",April,2019,April,2019,JaneH363,United Kingdom,Europe,male,2,0,female,9
662861692_4,Colosseum_POS_2789_4,"One tip for visiting is instead of queuing for a long time outside of the ticket gates at the colosseum , go further down the road to the Forum .",November,2018,April,2019,0111Hannah,United Kingdom,Europe,male,1,1,female,9
662861692_5,Colosseum_POS_2789_5,There is also a ticket gate which allows you access to both sites but it tends to be a lot less busy than the one outside the Colosseum itself .,November,2018,April,2019,0111Hannah,United Kingdom,Europe,male,1,1,female,9
662861692_6,Colosseum_POS_2789_6,"Also , do not go to the Colosseum on the first Sunday of the month unless you like crowds !",November,2018,April,2019,0111Hannah,United Kingdom,Europe,male,1,1,female,9
662861692_7,Colosseum_POS_2789_7,On the first Sunday of every month entry is free so it tends to be incredibly busy !,November,2018,April,2019,0111Hannah,United Kingdom,Europe,male,2,0,female,9
662421483_4,Colosseum_POS_2816_4,It is just so big and the engineering that went into just getting the animals and personnel into the arena was mind-blowing .,November,2018,March,2019,martin_ward038,United Kingdom,Europe,male,1,1,male,98
657361752_5,Colosseum_POS_3179_5,Once you get in and are away from those annoying people it is worth the wait .,March,2019,March,2019,AlexWatt92,United Kingdom,Europe,female,1,1,male,9
651839353_1,Colosseum_POS_3539_1,Few tips - 1 ) By the ticket in advance and also buy the guide tour .,November,2018,February,2019,LeonardoB799,Ireland,Europe,female,1,1,male,9
651839353_3,Colosseum_POS_3539_3,There is no one on the street and you can take great photos .,November,2018,February,2019,LeonardoB799,Ireland,Europe,female,3,1,male,9
637843332_1,Colosseum_POS_4328_1,Prepare to be there the entire morning to visit Roman Forum and Palatine Hill too .,December,2018,December,2018,Ling_Sg,Singapore,Asia,male,1,1,female,93
631755218_1,Colosseum_POS_4746_1,"We did a tour of the Coloseum that took us to the stage in the centre , the basement and up to the highest accessible points .",November,2018,November,2018,Richard M,United Kingdom,Europe,male,3,1,male,97
631755218_4,Colosseum_POS_4746_4,Up above the coloseum we were able to climb up to the fourth and fifth levels that are now open .,November,2018,November,2018,Richard M,United Kingdom,Europe,male,3,1,male,97
624457559_2,Colosseum_POS_5419_2,I recommend to take a guide to explain to you the meaning behind some of the different levels and what you see .,October,2018,October,2018,Ann C,Israel,Asia,female,3,1,female,9
624457559_3,Colosseum_POS_5419_3,"Come early in the morning , because it becomes crowded as the time passes by .",October,2018,October,2018,Ann C,Israel,Asia,female,1,1,female,9
623911490_1,Colosseum_POS_5488_1,The best advise I was given was to pre-book your entry as the queues can be extremely long .,September,2018,October,2018,Rhondda_Lad,United Kingdom,Europe,male,1,1,female,98
623120650_1,Colosseum_POS_5571_1,Walking around here it is difficult trying to take in the sheer scale of the building and to imagine the amount of men required to build the whole structure .,June,2018,October,2018,IAN S,United Kingdom,Europe,male,1,1,male,9
621233104_2,Colosseum_POS_5771_2,We did not go inside but enjoyed walking the parameter and taking many photos .,August,2018,October,2018,Cat1Norfolk,United Kingdom,Europe,male,3,1,female,98
620715077_1,Colosseum_POS_5836_1,You can not visit Rome without seeing the Colosseum - we did a guided tour and saw ALL levels - most tours leave out the top 2 ( levels 4 and 5 ) and the bottom level where the animals and gladiators waited to perform .,September,2018,September,2018,LostLittleGirlx,Ireland,Europe,male,1,1,female,90
620715077_3,Colosseum_POS_5836_3,It will be crowded but you can find quiet areas for photos especially on the upper levels - and they have the best views .,September,2018,September,2018,LostLittleGirlx,Ireland,Europe,male,3,1,female,90
619763500_1,Colosseum_POS_5958_1,Quite different seeing it in pictures and standing in person right in front of it !,September,2018,September,2018,MamaSqueak,Philippines,Asia,male,3,1,female,92
616619278_2,Colosseum_POS_6324_2,Also be careful at the front entrance there are many con artists pretending to be part of the colosseum staff .,September,2018,September,2018,GoGo7654,Canada,North America,male,1,1,male,9
616619278_3,Colosseum_POS_6324_3,You have to go to the entrance way to speak with the official employees .,September,2018,September,2018,GoGo7654,Canada,North America,male,2,0,male,9
616619278_4,Colosseum_POS_6324_4,Also o get your pre booked tickets the booths are located about 50 metres to the left of the entrance which are not very visible .,September,2018,September,2018,GoGo7654,Canada,North America,male,1,1,male,9
612227976_3,Colosseum_POS_6708_3,"I also recommend taking a stroll down after dark to see the outside of the building lit up , it is stunning .",September,2017,August,2018,PennyFC,United Kingdom,Europe,female,4,2,female,9
611195187_1,Colosseum_POS_6808_1,Get skip the line tickets to avoid waiting in ridiculously long queues to get in .,August,2018,August,2018,Asha3,United Kingdom,Europe,male,1,1,female,9
611195187_2,Colosseum_POS_6808_2,There is a lot of walking so its advisable to go early before it gets hot .,August,2018,August,2018,Asha3,United Kingdom,Europe,male,1,1,female,9
611195187_3,Colosseum_POS_6808_3,The tour gives you great history and bit of humour to go .,August,2018,August,2018,Asha3,United Kingdom,Europe,male,4,2,female,9
609953098_4,Colosseum_POS_6904_4,"Avoid the queues , and people trying to sell you tickets on the streets .",August,2018,August,2018,maria m,Portugal,Europe,male,1,1,female,9
605471547_4,Colosseum_POS_7236_4,"Benefits also - commentary on what your shown , through headphone , & tour also takes one to the Palatine Hill , Roman Forum & Arch of Titus .",May,2018,August,2018,Stephen W,New Zealand,Oceania,male,1,1,male,90
602603302_1,Colosseum_POS_7464_1,"Highly recommend for families because you are walking into a recognisable stadium that happens to be 2000 years old , with a gruesome past .",July,2018,August,2018,Virginia W,United Kingdom,Europe,female,4,2,female,9
602603302_5,Colosseum_POS_7464_5,"This avoided a MASSIVE queue , and once inside security there was a little ticket office to pick up kids tickets with bar code to get in through the ticket barrier which came next .",July,2018,August,2018,Virginia W,United Kingdom,Europe,female,1,1,female,9
602603302_10,Colosseum_POS_7464_10,We went at 9.15 in the morning which I also recommend as the heat becomes quite overwhelming as the day goes on .,July,2018,August,2018,Virginia W,United Kingdom,Europe,female,1,1,female,9
602555656_3,Colosseum_POS_7468_3,Its pretty obvious why a visit to Italy isnt complete without a trip through time to the quintessential home of the Roman Gladiator .,July,2018,August,2018,Wendy Gai G,Australia,Oceania,male,1,1,female,9
598743184_2,Colosseum_POS_7775_2,"if you do not want to stay in hell long line , you should get Roma pass .",July,2018,July,2018,Katka_96,Czechia,Europe,female,1,1,female,9
598584519_2,Colosseum_POS_7793_2,"We got skip the line Colosseum , Forum , Palatine Hill tour !",July,2018,July,2018,EireExPat,Ireland,Europe,male,1,1,female,9
596517356_2,Colosseum_POS_7976_2,"However I got there the first Sunday of the month , which is free entry for everyone .",November,2017,July,2018,nipa s,Canada,North America,male,2,0,female,9
596517356_5,Colosseum_POS_7976_5,"Not only that , I got a discount to Vatican entry from the same tour company .",November,2017,July,2018,nipa s,Canada,North America,male,1,1,female,9
596517356_9,Colosseum_POS_7976_9,"However if you have a lot of time , definitely get the tickets at the counter .",November,2017,July,2018,nipa s,Canada,North America,male,1,1,female,9
591597172_2,Colosseum_POS_8630_2,Worked our way through the throng of touts and people and jagged a tour which was well priced and did not go through the tour gates like the other hundreds .,April,2018,June,2018,Bethwyn2015,Australia,Oceania,male,1,1,female,9
591597172_3,Colosseum_POS_8630_3,Our tour was one of only a couple that entered through the Death Gate and brought you into the floor of the arena .,April,2018,June,2018,Bethwyn2015,Australia,Oceania,male,1,1,female,9
591597172_4,Colosseum_POS_8630_4,Fabulous to look up at the levels and be so close to the dungeons below .,April,2018,June,2018,Bethwyn2015,Australia,Oceania,male,2,0,female,9
591597172_8,Colosseum_POS_8630_8,Also staff were considerate when seeing the hiking stick and allowed me the use of the elevator to the top instead of climbing the very steep stairs .,April,2018,June,2018,Bethwyn2015,Australia,Oceania,male,1,1,female,9
591317012_4,Colosseum_POS_8652_4,"However , the Colosseum is a sight to behold and not to be missed .",September,2017,June,2018,Lorraine L,Australia,Oceania,male,2,0,female,92
591317012_5,Colosseum_POS_8652_5,I was impressed with the size which I do not think you appreciate fully until you are inside and when you are inside standing among all that history is spellbinding .,September,2017,June,2018,Lorraine L,Australia,Oceania,male,3,1,female,92
591317012_6,Colosseum_POS_8652_6,You really need to be part of a tour and of course book ahead unless you want to stand with the other two kilometres of people waiting to get in .,September,2017,June,2018,Lorraine L,Australia,Oceania,male,1,1,female,92
591317012_7,Colosseum_POS_8652_7,The advantage of being on a tour is the information the tour guides are able to impart including the history and the modern day requirements of maintaining this attraction .,September,2017,June,2018,Lorraine L,Australia,Oceania,male,4,2,female,92
591317012_8,Colosseum_POS_8652_8,I was a little intrigued to see a very modern lift inside the structure for those who had difficulties climbing the stairs .,September,2017,June,2018,Lorraine L,Australia,Oceania,male,3,1,female,92
591097642_1,Colosseum_POS_8663_1,"Its a must to do in Rome - go also inside and check out the different floors , but go early because of heat and a lot of people later in the day !",June,2018,June,2018,Dennis_Daniel80,Spain,Europe,female,2,0,male,9
588520748_1,Colosseum_POS_8957_1,Made the choice to use a walks of italy tour which was a great choice .,June,2018,June,2018,mr m,United Kingdom,Europe,male,3,1,male,9
579042734_1,Colosseum_POS_9970_1,You should visit using Rome Pass in order to skip the line or via an operatori tour for more details about the history .,February,2018,May,2018,Bianca P,Romania,Europe,male,1,1,female,9
577949870_3,Colosseum_POS_10063_3,"Not only do you get to completley skip the line ( those without tickets enter on right lane closest to the colosseum , those with pre-booked enter in the middle lane & with the tour the outer lane which has no que ) !",May,2018,May,2018,Angela B,United Kingdom,Europe,female,1,1,female,9
577949870_4,Colosseum_POS_10063_4,"but you get to access parts of the Colosseum no-one else does , in our group of around 17 we only saw one other tour group on the top tiers which was incredible tonnes of space , no fighthing past crowds & the tour guides information was very interesting & he was very knowledgeable .",May,2018,May,2018,Angela B,United Kingdom,Europe,female,1,1,female,9
576558903_2,Colosseum_POS_10190_2,We just had a stroll around you can get guided tours as well .,April,2018,April,2018,daman123,Malta,Europe,male,1,1,male,98
573422453_1,Colosseum_POS_10518_1,We took ages to decide on the many different tour guide options and i am really pleased we chose the underground and arena floor tour .,April,2018,April,2018,Samantha S,United Kingdom,Europe,male,1,1,female,9
573422453_2,Colosseum_POS_10518_2,These areas are only accessible with a tour guide and well worth it .,April,2018,April,2018,Samantha S,United Kingdom,Europe,male,3,1,female,9
573422453_3,Colosseum_POS_10518_3,To view the colosseum from the inside floor was amazing and the underground view was fantastic .,April,2018,April,2018,Samantha S,United Kingdom,Europe,male,3,1,female,9
573422453_4,Colosseum_POS_10518_4,We also had access to the first and second floor with amazing views both inside and out .,April,2018,April,2018,Samantha S,United Kingdom,Europe,male,3,1,female,9
573422453_6,Colosseum_POS_10518_6,Booking ahead is advised as the general entry que was huge !,April,2018,April,2018,Samantha S,United Kingdom,Europe,male,1,1,female,9
573422453_8,Colosseum_POS_10518_8,The ticket also included a tour of paletine hill and the roman forum which i highly recommend .,April,2018,April,2018,Samantha S,United Kingdom,Europe,male,3,1,female,9
573422453_11,Colosseum_POS_10518_11,We avoided the areas at night as some side streets we felt we did not want to walk down .,April,2018,April,2018,Samantha S,United Kingdom,Europe,male,1,1,female,9
568436829_2,Colosseum_POS_11129_2,"The queues were massive to get into the colosseum even thought it was only March and the worst weather possible ( heavy rain , hailstones ) .",March,2018,March,2018,Janine D,Spain,Europe,male,1,1,female,94
568436829_4,Colosseum_POS_11129_4,Made our way in a group to the entrance ( skipping the line ) proceeding through security and then on with the tour .,March,2018,March,2018,Janine D,Spain,Europe,male,1,1,female,94
568436829_7,Colosseum_POS_11129_7,After the wonderful tour of the very busy colosseum ( about 1.5 hrs ) we walked to the ancient forum .,March,2018,March,2018,Janine D,Spain,Europe,male,3,1,female,94
568436829_8,Colosseum_POS_11129_8,"Again skipped the lines and straight in through security , Very impressive .",March,2018,March,2018,Janine D,Spain,Europe,male,3,1,female,94
567705653_1,Colosseum_POS_11216_1,Too many ticket touts - 's kip the queues became a pain .,March,2018,March,2018,Lorna D,United Kingdom,Europe,male,1,1,female,9
565903269_1,Colosseum_POS_11396_1,No visit to Rome would be complete without a trip to the Colosseum - seeing is believing The ticket is for this and the Forum / Palatine Hill .,March,2018,March,2018,Gill C,United Kingdom,Europe,female,1,1,female,9
563879473_1,Colosseum_POS_11616_1,We prepaid for the tour and then took the Gladiators entrance into the colosseum .,July,2017,March,2018,BigAl2781,United Kingdom,Europe,female,1,1,male,9
563879473_2,Colosseum_POS_11616_2,We combined this with a tour of the Roman gardens next door .,July,2017,March,2018,BigAl2781,United Kingdom,Europe,female,3,1,male,9
561940903_2,Colosseum_POS_11810_2,Walking around was a wonderful experience and we were able to take in the history and atmosphere and find quiet spots to reflect on our surroundings .,February,2018,February,2018,Caroline H,United Kingdom,Europe,male,4,2,female,99
561940903_3,Colosseum_POS_11810_3,did not enjoy the steep steps up or down and was glad of the handrails .,February,2018,February,2018,Caroline H,United Kingdom,Europe,male,1,1,female,99
561785407_2,Colosseum_POS_11825_2,Get a Roma card to get speedy access and avoid the main queue .,February,2018,February,2018,Andrew S,United Kingdom,Europe,female,1,1,male,9
561785407_3,Colosseum_POS_11825_3,We got ours from the hotel and it covered 3 days of travel on buses and Metro and free access to 2 museums .,February,2018,February,2018,Andrew S,United Kingdom,Europe,female,1,1,male,9
559639528_1,Colosseum_POS_12062_1,do not be enticed by people trying to give you deals to get in que and get tickets inside .,February,2018,February,2018,Joanne  F,United Kingdom,Europe,male,1,1,female,9
558608527_1,Colosseum_POS_12186_1,Pre booked the entry tickets on line with the official website .,February,2018,February,2018,Amelia03,United Kingdom,Europe,female,2,0,female,91
552389682_2,Colosseum_POS_12733_2,As was the ability to walk right passed all the crowd to collect your tickets due to being on the tour .,June,2017,January,2018,SteveAussie,Australia,Oceania,male,3,1,male,97
552389682_3,Colosseum_POS_12733_3,Pay the money because you do get a different prespective even though the ground floor area you move in is small .,June,2017,January,2018,SteveAussie,Australia,Oceania,male,1,1,male,97
552389682_10,Colosseum_POS_12733_10,"No lines , no waiting , special access and at a fair price , ticket purchased online directly .",June,2017,January,2018,SteveAussie,Australia,Oceania,male,1,1,male,97
552389682_12,Colosseum_POS_12733_12,Just like next door you should also go ( Roman Forum ) .,June,2017,January,2018,SteveAussie,Australia,Oceania,male,1,1,male,97
552389682_13,Colosseum_POS_12733_13,"Rome is historic , you go there , you feel it .",June,2017,January,2018,SteveAussie,Australia,Oceania,male,3,1,male,97
552000485_2,Colosseum_POS_12770_2,When you arrive you will likely be hounded constantly by literally 20-50 Tour Operators offering Skip the line tickets .,December,2017,January,2018,Martin123100,United Kingdom,Europe,female,1,1,male,94
552000485_7,Colosseum_POS_12770_7,"Also , if there is 50 tour guides how quickly will you get in ?",December,2017,January,2018,Martin123100,United Kingdom,Europe,female,1,1,male,94
552000485_12,Colosseum_POS_12770_12,these tickets last for 3 days and queues are normally shorter at the Forum than the Colosseum so I would head there first to get shorter queues .,December,2017,January,2018,Martin123100,United Kingdom,Europe,female,1,1,male,94
550710055_1,Colosseum_POS_12913_1,A lot of stairs but view to Forum Romanum is worth the climb .,December,2017,January,2018,Pirjo I,Finland,Europe,male,3,1,female,9
550018374_1,Colosseum_POS_12983_1,From outside you can have the feeling its colosseum but when you go onside the feeling goes .,December,2017,December,2017,tanjuz,Turkey,Asia,male,2,0,male,9
549091434_2,Colosseum_POS_13061_2,Get skip the line tickets before you go as the lines can be very long .,December,2017,December,2017,Poppy W,United Kingdom,Europe,female,1,1,female,9
548175274_1,Colosseum_POS_13136_1,"We booked a small group tour with Dark Rome , which gave us extra access to places .",October,2017,December,2017,Guyloves2travel,United Kingdom,Europe,male,1,1,male,95
545239005_3,Colosseum_POS_13392_3,Its hard to know who is official around the site ( there are people there to help you get in the right line etc ) and who is trying to sweep you off into some dodgy tour .,October,2017,December,2017,LauraBJW,United Kingdom,Europe,female,1,1,female,9
545239005_5,Colosseum_POS_13392_5,"However , once you have got in and fought your way to the front of a viewing platform its pretty spectacular .",October,2017,December,2017,LauraBJW,United Kingdom,Europe,female,2,0,female,9
543203347_1,Colosseum_POS_13572_1,Skip the lines and buy tickets online on the oficial site .,October,2017,November,2017,Karin P,Sweden,Europe,male,1,1,female,9
542027815_6,Colosseum_POS_13683_6,Be prepared to be knocked into by crowds of people trying to take the perfect selfie !,November,2017,November,2017,Donna H,United Kingdom,Europe,male,1,1,female,9
540346365_5,Colosseum_POS_13856_5,Also there is limited access as to where you can go and you have to pay more to go beneath the stage or to the third tier .,November,2017,November,2017,Tom_on_travel_insta,United Kingdom,Europe,male,1,1,male,9
540346365_6,Colosseum_POS_13856_6,"The signage for entry using the Roma Pass is non existent , for your info , you have to use the group entrance for it .",November,2017,November,2017,Tom_on_travel_insta,United Kingdom,Europe,male,1,1,male,9
539957682_1,Colosseum_POS_13910_1,"We did not go inside the Colosseum , but went all around the grounds .",October,2017,November,2017,jojoguy2016,Canada,North America,male,1,1,male,9
539319043_2,Colosseum_POS_13992_2,I highly recommend going all around and seeing it from different angles .,October,2017,November,2017,TheoM97,United Kingdom,Europe,male,4,2,male,9
538919242_1,Colosseum_POS_14045_1,"We had toured the colosseum before , but this time we got to do the underground section where the slaves and animals were housed .",July,2017,November,2017,Leagh R,Australia,Oceania,male,1,1,female,9
537491193_2,Colosseum_POS_14200_2,The whole visit together is your ancient Rome which will take your breath away .,October,2017,October,2017,NimiV_12,India,Asia,male,3,1,female,9
530765792_2,Colosseum_POS_15076_2,"My main advice is that you do not get to go on the terraces / platforms closer to the best views unless you are in a group ticket with a guide , and with the newly opened 4th level , again , not if you are a self guided tourist !",October,2017,October,2017,Anna D,New Zealand,Oceania,male,1,1,female,9
529032234_1,Colosseum_POS_15250_1,it is great to take photos outside in the evening when the lights are on .,October,2017,October,2017,dezw,Cyprus,Asia,male,3,1,male,9
529032234_2,Colosseum_POS_15250_2,Order your tickets online before you go to avoid the queues .,October,2017,October,2017,dezw,Cyprus,Asia,male,1,1,male,9
528191226_1,Colosseum_POS_15357_1,Magnificent enclosure outside in which you penetrate with the head full of images of Gladiator .,September,2017,September,2017,LaBoi6469,France,Europe,female,1,1,female,94
528191226_2,Colosseum_POS_15357_2,It is necessary to take a guide inside in order to understand the way these arenes were working because the ruins do not allow it .,September,2017,September,2017,LaBoi6469,France,Europe,female,2,0,female,94
526303697_1,Colosseum_POS_15620_1,We bought tickets from the ticket office closer to the Forum ?,August,2017,September,2017,Nicola G,United Kingdom,Europe,male,2,0,female,9
525080519_2,Colosseum_POS_15756_2,"Buy the tickets at the colosseum , they are cheapest there and go in the afternoon , when the queues are minimal .",August,2017,September,2017,Juliet111,United Kingdom,Europe,female,1,1,female,9
523975988_1,Colosseum_POS_15911_1,"Wear comfy shoes , ground a bit rocky , there is are steps , but also a lift , truly wonderful sight , go on a guided tour .",September,2017,September,2017,Sarah J,United Kingdom,Europe,male,3,1,female,9
523596538_1,Colosseum_POS_15958_1,Come early to enjoy as the line are long as the day goes on .,June,2017,September,2017,Corazon C,United States,North America,male,3,1,female,9
522294727_1,Colosseum_POS_16079_1,You get a true sense of the size of the place from inside which you do not really get from outside .,September,2017,September,2017,Robert H,Australia,Oceania,female,2,0,male,91
520701300_2,Colosseum_POS_16226_2,"Would reccommend as you get lots of background info on the structures and get private tour of the 3rd floor , great for pictures !",September,2017,September,2017,Jenn M,Canada,North America,male,3,1,female,9
519957563_1,Colosseum_POS_16301_1,All cleaned up and glowing ochre the Colosseum is a must-see .,June,2017,August,2017,Robyn V,Iceland,Europe,male,3,1,female,9
519957563_4,Colosseum_POS_16301_4,The inside ring over looking the actual central area are very crowded .,June,2017,August,2017,Robyn V,Iceland,Europe,male,1,1,female,9
518113299_1,Colosseum_POS_16438_1,You have to go there to appreciate the size of this place .,August,2017,August,2017,Nicky C,United Kingdom,Europe,female,2,0,male,9
518113299_2,Colosseum_POS_16438_2,Get a guide from inside the complex if you do not know the history of the complex .,August,2017,August,2017,Nicky C,United Kingdom,Europe,female,1,1,male,9
518113299_3,Colosseum_POS_16438_3,You also get to view a few more places only open to guided tours .,August,2017,August,2017,Nicky C,United Kingdom,Europe,female,1,1,male,9
517075494_3,Colosseum_POS_16539_3,"Inside , people like me were sensibly catered for as well - by-pass slopes etc .",August,2017,August,2017,John S,United Kingdom,Europe,male,1,1,male,95
514097652_1,Colosseum_POS_16800_1,"Very convenient , opposite to the metro , buses coming and going every where .",January,2017,August,2017,Asad H,United Kingdom,Europe,male,1,1,male,9
513683275_1,Colosseum_POS_16843_1,Amazing view once we secured a spot between the selfie-takers and after we dodged the selfie sticks .,August,2017,August,2017,SanneTravel,Netherlands,Europe,female,3,1,male,9
513066413_2,Colosseum_POS_16889_2,This also gives you entrance the same or next day to the Forum .,August,2017,August,2017,GillM900,United Kingdom,Europe,female,3,1,female,92
509579950_2,Colosseum_POS_17193_2,"You sort of have to go here , it is amazing , however I preferred the hill and the forum .",August,2017,August,2017,NatashaM1234,United Kingdom,Europe,male,3,1,female,9
504769868_3,Colosseum_POS_17632_3,"To just turn up means you are likely to take a long , long time to get in whereas with pre-booked tickets you go in in another line .",July,2017,July,2017,James D,United Kingdom,Europe,male,1,1,male,90
504769868_4,Colosseum_POS_17632_4,Very busy but you can still get round easily and take photos comfortably .,July,2017,July,2017,James D,United Kingdom,Europe,male,1,1,male,90
498651215_3,Colosseum_POS_18251_3,There is a special access tour to the underground area which is excellent and I would definitely recommend !,February,2017,July,2017,Maya_P_27,United Kingdom,Europe,male,4,2,female,9
498323141_1,Colosseum_POS_18290_1,"We booked via a private tour operator and although our trip was amazing , the Colosseum operators decided to close the underground tours and upper level without warning .",May,2017,July,2017,338sharone,United Kingdom,Europe,male,1,1,female,99
498323141_4,Colosseum_POS_18290_4,Even so we enjoyed the areas we could visit and the view into the arena and down into the underground makes the hairs on your arm stand up !,May,2017,July,2017,338sharone,United Kingdom,Europe,male,3,1,female,99
498032950_4,Colosseum_POS_18312_4,Also explored the underground sections as well as the Roman Forum outside beside the Colosseum .,June,2017,July,2017,Brett1972,Georgia,Asia,male,2,0,male,9
496766225_1,Colosseum_POS_18453_1,The guided tours best as bypass the queues and get full history from the tour guides .,May,2017,June,2017,DennisRogers,South Africa,Africa,male,3,1,male,91
496746927_2,Colosseum_POS_18454_2,Take your time to climb to the higher levels and take in the atmosphere .,June,2017,June,2017,Colin P,Spain,Europe,male,2,0,male,9
496746927_3,Colosseum_POS_18454_3,"Of course , there are crowds , but the authorities are careful to only allow a certain number in at any one time .",June,2017,June,2017,Colin P,Spain,Europe,male,1,1,male,9
496746927_4,Colosseum_POS_18454_4,The walk across the road to the rest of ancient Rome .,June,2017,June,2017,Colin P,Spain,Europe,male,2,0,male,9
490137787_2,Colosseum_POS_19187_2,Avoid the touts - just say no and walk pastDid not go on a tour but there are so many inside that you can not help but overhear what they say but of course they can get in areas you can not .,May,2017,June,2017,Lindsay W,United Kingdom,Europe,male,1,1,female,9
490137787_3,Colosseum_POS_19187_3,We arrived at 8.45 am - no queue at all and quickly through security check into arena .,May,2017,June,2017,Lindsay W,United Kingdom,Europe,male,1,1,female,9
490137787_10,Colosseum_POS_19187_10,If you go to Rome it is a must visit - taking a tour is entirely a personal choice .,May,2017,June,2017,Lindsay W,United Kingdom,Europe,male,3,1,female,9
488297792_2,Colosseum_POS_19419_2,"Literally a bottom to top tour , taking you to sections not accessible from the standard entrance ticket .",February,2017,May,2017,CodyMav,Australia,Oceania,female,1,1,male,936
488297792_3,Colosseum_POS_19419_3,"You do not get to walk up and down the aisles of the gladiators area , but you get a good view from one end along these haloed halls , up a number of the aisles .",February,2017,May,2017,CodyMav,Australia,Oceania,female,3,1,male,936
488297792_4,Colosseum_POS_19419_4,"The view from the 3rd ring was also worth it , Above the crowd , it is a more peaceful place to take in the grandeur .",February,2017,May,2017,CodyMav,Australia,Oceania,female,3,1,male,936
488297792_6,Colosseum_POS_19419_6,"it is busy , popular , and tour times sell out regularly I found .",February,2017,May,2017,CodyMav,Australia,Oceania,female,1,1,male,936
486260545_1,Colosseum_POS_19659_1,"We stayed in a hotel very close to various tourist spots , so the Colosseum was very peaceful to visit , very safe , with good policing , easy access despite the amount of visitors .",March,2017,May,2017,nilton_saramento,Brazil,South America,male,3,1,male,9
477570230_1,Colosseum_POS_20672_1,"The Colosseum is an awesome place to go , but very very busy .",April,2017,April,2017,Kim P,New Zealand,Oceania,male,2,0,female,9
477570230_3,Colosseum_POS_20672_3,"You also have to have a normal entrance ticket as well as the underground ticket , but both are inexpensive .",April,2017,April,2017,Kim P,New Zealand,Oceania,male,2,0,female,9
477570230_4,Colosseum_POS_20672_4,"This ticket allows you to skip the line , which is great .",April,2017,April,2017,Kim P,New Zealand,Oceania,male,3,1,female,9
477570230_5,Colosseum_POS_20672_5,Get there early though as the queues through security can also be very long .,April,2017,April,2017,Kim P,New Zealand,Oceania,male,1,1,female,9
477570230_6,Colosseum_POS_20672_6,"Next to the security queue , there is a reservation line and this is the one you need to be in for the underground tour .",April,2017,April,2017,Kim P,New Zealand,Oceania,male,3,1,female,9
477570230_8,Colosseum_POS_20672_8,"Allow a fair amount of time if you intend going to Palatine Hill and the Roman Forum on the same day , as these places are big and quite spread out .",April,2017,April,2017,Kim P,New Zealand,Oceania,male,1,1,female,9
472155499_4,Colosseum_POS_21365_4,Highly recommend to book in advance and get skip the line tickets as the queues are crazy long .,March,2017,April,2017,nadiek,Ireland,Europe,male,3,1,female,9
470938620_1,Colosseum_POS_21538_1,"Go there in the afternoon , you will not wait to enter and inside you will be able to move / walk more easily .",March,2017,March,2017,Mariyana P,Bulgaria,Europe,male,1,1,female,9
470754644_2,Colosseum_POS_21563_2,"You can simply walk around the outside and take it in , but I would recommend going inside .",March,2017,March,2017,RaySmart1963,United Kingdom,Europe,female,3,1,male,9
467898240_1,Colosseum_POS_21919_1,"Well it is a scenic attraction , visited with Roma pass which gives you the chance to skip the lines for buying a ticket but still you need to stand in the line for security check which took around 10 to 15 minutes , no much info inside also no info about where to start or how to get to the 2nd floor , some areas as usual under renovation so some parts are closed , it is very crowded even in off season so consider going early or buy Roma pass online to save some time and ahh each 1st Sunday of each month entrance is for free !",March,2017,March,2017,Sherif S,Egypt,Africa,male,1,1,male,99
467344385_3,Colosseum_POS_21972_3,I would 100 percent recommend you go first to Palatine Hill as there is no queue and then you have your ticket and can walk straight in at the Colosseum where there most definitely IS a queue .,March,2017,March,2017,JasmineFoley,United Kingdom,Europe,female,1,1,female,9
465662363_5,Colosseum_POS_22180_5,We were lucky to see a carnival of dancers streaming down the street as we exited which added to the trip .,March,2017,March,2017,432MichelleI,United Kingdom,Europe,male,1,1,female,9
465662363_6,Colosseum_POS_22180_6,Well worth a visit but take a brolly if it is raining as it is all open air .,March,2017,March,2017,432MichelleI,United Kingdom,Europe,male,3,1,female,9
463677300_1,Colosseum_POS_22426_1,"Make sure you visit in both the day and the night , the atmosphere is busy in the day but you can see all the details but at night it is quieter and beautiful all lit up !",January,2017,March,2017,Ceri99_uk,United Kingdom,Europe,female,3,1,female,9
458733042_2,Colosseum_POS_23008_2,"However , without a tour you can walk around at your leisure .",February,2017,February,2017,Danny C,United Kingdom,Europe,male,2,0,male,9
455823786_2,Colosseum_POS_23294_2,"Plenty to read and see and the forum is vast , spent about 3 hrs doing both and you could so easily spend longer .",January,2017,January,2017,Karen P,United Kingdom,Europe,male,1,1,female,94
455478024_3,Colosseum_POS_23336_3,"And buy a Roma card , or book the visit in advance so you can pass the queue of there are any .",January,2017,January,2017,Jonny J,Sweden,Europe,male,1,1,male,96
455387497_2,Colosseum_POS_23346_2,So much history in the surrounding area - you need a whole day at least to see it all .,August,2016,January,2017,lainey5565,United Kingdom,Europe,male,2,0,female,9
450794748_1,Colosseum_POS_23810_1,"An iconic landmark which has to be visited , but the queues and ticket touts really try your patience .",January,2017,January,2017,Gregg P,United Kingdom,Europe,male,1,1,male,9
450794748_4,Colosseum_POS_23810_4,Beware as the tube stop spits you out right into the fray of ticket touts and its blooming horrendous !,January,2017,January,2017,Gregg P,United Kingdom,Europe,male,1,1,male,9
448605614_2,Colosseum_POS_24028_2,A good advice is to pre book your tickets in order to avoid the long queues .,December,2016,January,2017,Stella K,Greece,Europe,male,1,1,female,9
446192339_2,Colosseum_POS_24286_2,All through the visit i had a feeling that those who think they are God should come and see these ruins .,December,2016,December,2016,hfawad,United Arab Emirates,Asia,female,2,0,male,9
444290171_1,Colosseum_POS_24473_1,Spoiled by the huge number of guides offering Skip the Line tours .,December,2016,December,2016,Philip M,Ireland,Europe,male,1,1,male,9
441862205_5,Colosseum_POS_24695_5,This gave us skip the line access and exclusive access to the underground which are only accessible with a tour and numbers are limited and also access to an upper level .,October,2016,December,2016,KristyLips,Australia,Oceania,female,1,1,female,90
441862205_6,Colosseum_POS_24695_6,It was great with the extra access so it is not as crowded .,October,2016,December,2016,KristyLips,Australia,Oceania,female,2,0,female,90
441562422_4,Colosseum_POS_24723_4,"Please note , that you can only access the platform on the first level if you are with a tour guide , but in my opinion it is not necessary as you are not losing out much .",November,2016,December,2016,annas2191,United Kingdom,Europe,male,1,1,male,9
441562422_5,Colosseum_POS_24723_5,"The views within and from the colosseum are worth visiting , and if you are doing so during autumn / winter periods the queues are unlikely but the cold weather is , especially if you go in the morning , so wrap up !",November,2016,December,2016,annas2191,United Kingdom,Europe,male,3,1,male,9
440910299_5,Colosseum_POS_24810_5,The Colosseum was a spectacle to say the least but it was very disappointing to see so many shops built inside the sacred structure but nonetheless it took very little away from our visit .,May,2016,November,2016,DonnieDrake,Ireland,Europe,male,1,1,male,9
440103391_3,Colosseum_POS_24909_3,You need to be on the private tours to get to a lower level but we saw everything we wanted to by walking around ourselves .,November,2016,November,2016,Natalie C,United Kingdom,Europe,male,2,0,female,9
439957652_1,Colosseum_POS_24927_1,The third level is not accessible if you are not part of a guided tour .,November,2016,November,2016,Cristina V,Greece,Europe,female,1,1,female,9
435966280_2,Colosseum_POS_25412_2,"Once you get inside it can be a bit overwhelming , but prepare yourselves with information before you enter Once you get inside just enjoy the looks and try to imagine how it worked and looked back in the day .",November,2016,November,2016,radina12,Bulgaria,Europe,male,1,1,female,9
433183107_1,Colosseum_POS_25814_1,If you are short on timer money you are able to get very close without going in and can also see into the Roman Forum without entering .,October,2016,October,2016,581AndreaT,United Kingdom,Europe,female,1,1,female,9
433011235_1,Colosseum_POS_25829_1,Best to book early to get a fast track as the queue's can be rather large .,May,2016,October,2016,Dan S,United Kingdom,Europe,male,3,1,male,9
430482974_1,Colosseum_POS_26230_1,Coop Culture is the official site to purchase from ( others sites are available ) !,October,2016,October,2016,Hetan,United Kingdom,Europe,male,1,1,female,9
429978320_1,Colosseum_POS_26323_1,We chose not to go into the Colosseum as part of our tour .,September,2016,October,2016,Tracy P,Canada,North America,male,1,1,female,9
429978320_2,Colosseum_POS_26323_2,We returned the next day and fou d that the lines to get in were huge .,September,2016,October,2016,Tracy P,Canada,North America,male,1,1,female,9
429935155_2,Colosseum_POS_26327_2,Join a tour or get an audio guide to really get the most out of it .,December,2015,October,2016,Anna A,Australia,Oceania,male,1,1,female,9
429978320_1,Colosseum_POS_26333_1,We chose not to go into the Colosseum as part of our tour .,September,2016,October,2016,Tracy P,Canada,North America,male,1,1,female,9
429978320_2,Colosseum_POS_26333_2,We returned the next day and fou d that the lines to get in were huge .,September,2016,October,2016,Tracy P,Canada,North America,male,1,1,female,9
429935155_2,Colosseum_POS_26337_2,Join a tour or get an audio guide to really get the most out of it .,December,2015,October,2016,Anna A,Australia,Oceania,male,1,1,female,9
428939861_1,Colosseum_POS_26498_1,"Ticket for 12 euro , you can enter the colosseum and the big garden facing it ( forgot the name Try to visit in a sunny day .",October,2016,October,2016,DaliaA735,United Arab Emirates,Asia,male,3,1,female,9
425935629_1,Colosseum_POS_26970_1,"We visited here March 2015 as a couple , we purchased a RomaPass from the tourist office which is a must !",March,2016,October,2016,Rebecca2528,United Kingdom,Europe,male,1,1,female,9
425935629_2,Colosseum_POS_26970_2,"for about 100 it gives you free access to public transport and hop on hop off tours , your first attraction is FREE with a queue jump and the next two are discounted .",March,2016,October,2016,Rebecca2528,United Kingdom,Europe,male,3,1,female,9
423475251_3,Colosseum_POS_27371_3,It always look charming in tourist eyes and attract many tourist to come here .,January,2016,September,2016,Sirilak W,Thailand,Asia,male,3,1,female,9
421663857_1,Colosseum_POS_27648_1,"was advised by our hotal to visit the colosseum and roman forums early as crowds in the afternoon are heavy , very good advise .",September,2016,September,2016,val_barnes,United Kingdom,Europe,male,1,1,female,9
420551281_1,Colosseum_POS_27846_1,We booked in advance of our visit the official underground tour .,September,2016,September,2016,Steve W,United Kingdom,Europe,male,1,1,male,9
420551281_2,Colosseum_POS_27846_2,Went to areas not included in general admission although you do need to purchase general admission too - this also gives access to the Forum and Palatine Hill .,September,2016,September,2016,Steve W,United Kingdom,Europe,male,2,0,male,9
420407779_1,Colosseum_POS_27864_1,"Go early in the morning when it is not so hot , travel with hop on hop off bus so that you can plan how long you want to stay there and the comments on the hop on hop off bus give you a good historic background of what has happened and the surroundings near the Colosseum .",August,2016,September,2016,doreen f,South Africa,Africa,male,2,0,female,9
420118140_2,Colosseum_POS_27901_2,Definitely book tickets online first as you will skip most of the queue .,September,2016,September,2016,RayCathode,Ireland,Europe,male,1,1,male,99
419843321_1,Colosseum_POS_27935_1,I recommend buying your ticket online and its an open ticket and you get to just walk straight in .,July,2016,September,2016,HelenFromUKT,United Kingdom,Europe,female,0,2,female,97
416532799_3,Colosseum_POS_28399_3,"So , unless you know the history of the Colosseum and the surrounding area extremely well , I would definitely book a guided tour .",October,2015,September,2016,Millengirl,Norway,Europe,male,1,1,female,9
415975182_1,Colosseum_POS_28469_1,"The place looks too old , it is huge with an easy access to metro , you can not ignore how many people died in this place .",August,2016,September,2016,AHMED_AL-HABBAA,Egypt,Africa,male,1,1,male,97
415767177_1,Colosseum_POS_28504_1,"Beware of long queues , Check if it is possible to book a visit online .",July,2016,September,2016,AdriAfrica,Kenya,Africa,male,1,1,male,9
415767177_3,Colosseum_POS_28504_3,Take a guide to be able to follow all the workings and stories of the Colosseum .,July,2016,September,2016,AdriAfrica,Kenya,Africa,male,3,1,male,9
413971939_1,Colosseum_POS_28714_1,"Do not go to Rome and not go inside with a guided tour , it is the best thing you will see .",August,2016,September,2016,Karen t,United Kingdom,Europe,male,3,1,female,9
413205481_1,Colosseum_POS_28784_1,"it is beautiful to look at from the outside and very interesting on the inside , once you get there .",August,2016,August,2016,NikiSmile,United Kingdom,Europe,male,4,2,female,90
412163722_1,Colosseum_POS_28875_1,Get there as early as you can to reduce the crowd potential .,July,2016,August,2016,PhilLDarwen,United Kingdom,Europe,female,1,1,male,97
412163722_2,Colosseum_POS_28875_2,You will be harassed by people selling tickets & tours - best bet is buy online before you go then just walk past them .,July,2016,August,2016,PhilLDarwen,United Kingdom,Europe,female,1,1,male,97
411725369_2,Colosseum_POS_28914_2,"There are options to opt for a guided a tour however , this is not essential as information is provided by signs located around the colosseum .",August,2016,August,2016,526Louise,United Kingdom,Europe,female,1,1,female,9
409134506_2,Colosseum_POS_29201_2,"We did not enter as the queue to the Colosseum was so long , lots of visitors during the summer holidays .",August,2016,August,2016,Mariaan B,South Africa,Africa,male,1,1,male,9
408904648_2,Colosseum_POS_29228_2,Would highly recommend an early visit as the crowds and queues as we left were enormous .,August,2016,August,2016,Aro345,United Kingdom,Europe,female,3,1,male,9
405661077_1,Colosseum_POS_29540_1,It brought the place to life and allowed visit of underground and third floor ( with really cool view of surroundings ) .,August,2016,August,2016,Jennifer7755,Afghanistan,Asia,female,3,1,female,9
403902749_2,Colosseum_POS_29734_2,"You can not help but be transported back into the days of the gladiators and the grand Roman spectacles , as a great deal of the structure remains and all the levels can be clearly seen .",September,2015,August,2016,Denise C,Belize,North America,male,1,1,female,98
395077341_1,Colosseum_POS_30845_1,You can not go to Rome without a trip to the colosseum .,July,2016,July,2016,deb g,Australia,Oceania,male,1,1,female,9
393467914_2,Colosseum_POS_31034_2,"When you are in Rome , first of all in your mind comes the Colosseum which for me is the icon of this city !",October,2015,July,2016,Cristian S,Romania,Europe,male,2,0,male,9
391094161_1,Colosseum_POS_31422_1,"12 to enter for an unguided tour , and entrance also gets you into the ruins .",June,2016,July,2016,MadeByVR,Canada,North America,male,3,1,female,96
390330213_3,Colosseum_POS_31556_3,Tickets bought from the entrance to the Palatine are best as the queues are shorter .,June,2016,July,2016,503954Nick,United Kingdom,Europe,male,3,1,male,9
390330213_4,Colosseum_POS_31556_4,You can then walk across to the Colosseum and walk in without having to queue there for a long time .,June,2016,July,2016,503954Nick,United Kingdom,Europe,male,1,1,male,9
388472702_3,Colosseum_POS_31838_3,"We chose to wander the forum unguided , but the information was essential to appreciate the Colosseum .",June,2016,July,2016,Bridgette L,United Kingdom,Europe,male,1,1,female,9
387647450_2,Colosseum_POS_31955_2,"Both were good pieces of advice , we purchased a combined Forum & Colosseum ticket and avoided the Colosseum lines by visiting the Forum first .",June,2016,June,2016,Graeme F,Australia,Oceania,male,1,1,male,9
387647450_2,Colosseum_POS_31965_2,"Both were good pieces of advice , we purchased a combined Forum & Colosseum ticket and avoided the Colosseum lines by visiting the Forum first .",June,2016,June,2016,Graeme F,Australia,Oceania,male,1,1,male,9
385336190_1,Colosseum_POS_32277_1,The queue to buy a ticket at the Colosseum is very long .,June,2016,June,2016,Alexander W,Sweden,Europe,female,1,1,male,9
385336190_2,Colosseum_POS_32277_2,Buy a ticket at the entrance to the Palatine that is very quiet and start you tour there .,June,2016,June,2016,Alexander W,Sweden,Europe,female,3,1,male,9
385336190_3,Colosseum_POS_32277_3,The ticket is valid also for the Forum Romanum that you access from the Palatine as well as the Colosseum .,June,2016,June,2016,Alexander W,Sweden,Europe,female,1,1,male,9
384454585_1,Colosseum_POS_32426_1,The exception that proves the rule - the Colosseum may be the only global attraction that is enhanced rather than diminished by large numbers of tourists .,May,2016,June,2016,David M,Australia,Oceania,female,1,1,male,91
384454585_2,Colosseum_POS_32426_2,"Certainly there is a benefit in being part of a tour group to jump the queues ( highly recommend the Mind the Guide team ) but the Colosseum was designed to host crowds , so the more the merrier .",May,2016,June,2016,David M,Australia,Oceania,female,2,0,male,91
384454585_4,Colosseum_POS_32426_4,"And the structure itself remains awe-inspiring whether from a distance , close up or best of all , from inside .",May,2016,June,2016,David M,Australia,Oceania,female,3,1,male,91
382754721_2,Colosseum_POS_32700_2,Really long queues so advisable to book online to go through the fast track .,January,2016,June,2016,Joy J,United Kingdom,Europe,male,1,1,female,9
382182144_2,Colosseum_POS_32792_2,"To really understand it , books a tour and beat the lines and crowds as well .",June,2016,June,2016,Jane A,Georgia,Asia,male,3,1,female,92
378574115_3,Colosseum_POS_33287_3,You can see the real beauty of the Colosseum if you will go at the back of it since the front portion is torned down .,May,2016,June,2016,PhilippineTraveler,Philippines,Asia,male,3,1,female,93
377246853_2,Colosseum_POS_33459_2,"But this is a must see , must visit , no-one can come to Rome and not visit the Coloseum .",May,2016,May,2016,Martin A,United Arab Emirates,Asia,male,3,1,male,94
376332420_2,Colosseum_POS_33564_2,"Buy a ticket in advance , and get there early for best experience .",June,2015,May,2016,Steven L,United Kingdom,Europe,male,3,1,male,9
375879178_1,Colosseum_POS_33658_1,"Remains of the Roman Colosseum , access to several levels as well as a view down into the lower levels where the prisoners and animals were kept pending their battle .",May,2016,May,2016,David Z,United States,North America,female,1,1,male,99
375879178_2,Colosseum_POS_33658_2,"Elevator for handicapped is in the very far corner from the gate , quite a long walk , but it saves the steps .",May,2016,May,2016,David Z,United States,North America,female,1,1,male,99
375545429_1,Colosseum_POS_33736_1,Buy the entrance tickets prior to going as you will queue for ages .,May,2016,May,2016,Stef1905,United Kingdom,Europe,female,3,1,male,9
371444003_2,Colosseum_POS_34416_2,"From where the tour bus dropped us off , we walked to the Colosseum .",May,2016,May,2016,JoelD1968,Canada,North America,female,1,1,male,90
368492789_1,Colosseum_POS_34842_1,Absolutely recommendable since otherwise you will only be walking around looking at the very impressive building .,April,2016,April,2016,Esther076,Netherlands,Europe,female,2,0,female,9
368492789_2,Colosseum_POS_34842_2,Bring good shoes and be aware of some steep stairs you have to climb and get down from .,April,2016,April,2016,Esther076,Netherlands,Europe,female,3,1,female,9
368492789_3,Colosseum_POS_34842_3,"For some reasons you can get up by elevator but no go down with them , ?",April,2016,April,2016,Esther076,Netherlands,Europe,female,1,1,female,9
366351747_2,Colosseum_POS_35196_2,"BUT the queues are horrendous , buy your tickets in advance if you can , although the security queues are still long .",April,2016,April,2016,ColinRS0346,United Kingdom,Europe,female,1,1,male,98
365598803_4,Colosseum_POS_35345_4,And then you look at this building in a very different way .,April,2016,April,2016,AggieGab,United Kingdom,Europe,female,2,0,female,9
364075119_1,Colosseum_POS_35623_1,To see it in its full glory you need to get into it .,March,2016,April,2016,Arjun A,India,Asia,male,2,0,male,99
362926429_1,Colosseum_POS_35786_1,As is visiting the site early in the day to avoid queues .,March,2016,April,2016,LindaWheatley,Sweden,Europe,female,1,1,female,9
357325675_1,Colosseum_POS_36568_1,"Lots of information , taken to places normal entrance does not take you .",March,2016,March,2016,KarenC86,United Kingdom,Europe,male,1,1,female,9
357299249_2,Colosseum_POS_36569_2,Buy a skip the queue ticket in advance but be sure to still get there early otherwise the 's kip the queue queue is still 2hrs long !,March,2016,March,2016,simon_l0nd0n_01,United Kingdom,Europe,male,2,0,male,9
355339115_5,Colosseum_POS_36810_5,Our tour started in the street as we marched up to the Roman forum .,March,2016,March,2016,Mary M,Canada,North America,male,3,1,female,9
355339115_8,Colosseum_POS_36810_8,From there we toured palatine hill where palaces stood and rulers were declared gods .,March,2016,March,2016,Mary M,Canada,North America,male,1,1,female,9
355339115_9,Colosseum_POS_36810_9,"We visited the main level ( where the wealthy & affluent sat ) as well as the staging area underground and the third tier level ( where stunning views over the Colosseum , Roman Forum and Palatine Hill awaited ) .",March,2016,March,2016,Mary M,Canada,North America,male,1,1,female,9
355105882_1,Colosseum_POS_36832_1,No visit to Rome is complete without a trip to the magnificent Colosseum .,March,2016,March,2016,John H,United Kingdom,Europe,female,1,1,male,92
355105882_2,Colosseum_POS_36832_2,We recommend pre-booking to avoid long queues & wear comfortable shoes as it is quite a walk around the whole place which is arranged over 3 levels .,March,2016,March,2016,John H,United Kingdom,Europe,female,1,1,male,92
355105882_4,Colosseum_POS_36832_4,Make time to enjoy the splendid views not only across the Colosseum but also outwards over parts of the Forum .,March,2016,March,2016,John H,United Kingdom,Europe,female,2,0,male,92
354767888_1,Colosseum_POS_36875_1,"Going before the crowds arrive mean you can take photos at a leisurely pace , the loos do not have a queue , and it was an altogether less frantic experience .",March,2016,March,2016,Jenny B,United Kingdom,Europe,male,1,1,female,9
354767888_2,Colosseum_POS_36875_2,We used our Roma pass which bypassed those who had to queue at the entrance .,March,2016,March,2016,Jenny B,United Kingdom,Europe,male,1,1,female,9
354094348_3,Colosseum_POS_36925_3,This took us past the queue for the security check and ticket office and straight to the entrance .,February,2016,March,2016,DickTravels,United Kingdom,Europe,male,2,0,male,92
354094348_4,Colosseum_POS_36925_4,Inside we dodged the steep flight of stairs to take the lift to the upper floor and wandered round till we found spaces to view the arena .,February,2016,March,2016,DickTravels,United Kingdom,Europe,male,1,1,male,92
354094348_5,Colosseum_POS_36925_5,We went down the steps for the ground level and exit .,February,2016,March,2016,DickTravels,United Kingdom,Europe,male,1,1,male,92
352956268_1,Colosseum_POS_37077_1,"Fantastic to visit , get their early as queues can get huge quickly and gives you a chance to avoid the street sellers .",March,2016,March,2016,Morris P,United Kingdom,Europe,male,1,1,male,9
352485351_3,Colosseum_POS_37127_3,You have to visit it in the morning but then please pass by it at night is a totally different scene .,March,2016,March,2016,AmanK1,United Kingdom,Europe,male,3,1,male,9
350711417_1,Colosseum_POS_37358_1,"We got the Roma Pass , but we still had to queue in order to get in .",February,2016,February,2016,Simina31,Romania,Europe,female,1,1,female,94
350711417_2,Colosseum_POS_37358_2,"you will quickly get through the security check and then your journey through decades of history , gladiator fights and animal hunts begins .",February,2016,February,2016,Simina31,Romania,Europe,female,1,1,female,94
350711417_4,Colosseum_POS_37358_4,"There are some information posted every now and then , which are really helpful in order to better understand the importance and significance of the Colosseum .",February,2016,February,2016,Simina31,Romania,Europe,female,1,1,female,94
349494020_1,Colosseum_POS_37543_1,Great place to visit and would recommend to everyone Go early to miss the crowds The afternoons and evenings are busier Try the Segway tour it is absolutely amazing .,February,2016,February,2016,wiggy22,United Kingdom,Europe,male,3,1,male,9
349478455_1,Colosseum_POS_37544_1,Vast structure but as no traffic on part of the site it is possible to stand and stare at the outside to try and take it in .,February,2016,February,2016,jane651160,United Kingdom,Europe,female,1,1,female,9
349478455_2,Colosseum_POS_37544_2,Try to get a tour to go in the basement area and stand on the ( reconstructed ) arena floor but even without this just to talk through the passageways and see the view from the upper tiers is spectacular .,February,2016,February,2016,jane651160,United Kingdom,Europe,female,3,1,female,9
347683787_1,Colosseum_POS_37828_1,"If you visit Rome in early season , do not buy tickets online ( to skip the line because almost everyone buy tickets online and the line for those who bought tickets skip the line is very large .",January,2016,February,2016,Adrian B,Romania,Europe,male,1,1,male,9
341381980_1,Colosseum_POS_38412_1,"I visited during off peak , it was practically empty , it was awesome to see the size and structure of the building , i got the audio guided tour .",January,2016,January,2016,Fifi077,Sweden,Europe,male,1,1,female,9
339084828_4,Colosseum_POS_38632_4,We also went to the 3rd floor which gives a great view of the entire pace and Rome nearby .,October,2015,January,2016,Anjan G,India,Asia,female,1,1,male,9
337868228_1,Colosseum_POS_38741_1,When you walk through the Colosseum feel the scream of gladiator and shake of Romans that are watching the fight .,August,2015,January,2016,z_taliboff,Azerbaijan,Asia,female,1,1,male,9
330109124_4,Colosseum_POS_39597_4,A lift to the upper levels of the Coloseum is available for those with stairs difficulties .,November,2015,December,2015,Bernard B,United Kingdom,Europe,female,3,1,male,96
327972926_3,Colosseum_POS_39853_3,Gone is the time that you could walk up to the Colosseum and enter the structure free of charge .,November,2015,November,2015,Hendrik_NL,Netherlands,Europe,male,2,0,male,920
327972926_5,Colosseum_POS_39853_5,"Also skip the line schemes are in operation , on-line as well as impromptu , organized by tour guides .",November,2015,November,2015,Hendrik_NL,Netherlands,Europe,male,1,1,male,920
327972926_6,Colosseum_POS_39853_6,"But visit to Rome - Yes , go to the Colosseum - No - Impossible .",November,2015,November,2015,Hendrik_NL,Netherlands,Europe,male,1,1,male,920
327398297_1,Colosseum_POS_39933_1,"An amazing place to wander around and soak up the history , easily accessed by transport or by walking , amazing to se e what was achieved .",November,2015,November,2015,Ashley J,New Zealand,Oceania,male,3,1,female,9
327055364_4,Colosseum_POS_39973_4,"Queuing outside the Colosseum was stressful but the moment i entered , i was so fascinated and heart broken at the same time observing the halls where gladiators were locked .",December,2014,November,2015,pasang123,Nepal,Asia,male,1,1,female,9
326366099_5,Colosseum_POS_40065_5,Note - there are some areas off limits unless you have a guided tour .,October,2015,November,2015,Reginald S,United States,North America,female,1,1,male,93
325865604_2,Colosseum_POS_40159_2,Lots of stairs as expected and needed to visit the bookshop to see how it looked in Roman days as I could not envisage where all the seats were constructed .,November,2015,November,2015,sally s,United Kingdom,Europe,female,1,1,female,9
324465225_1,Colosseum_POS_40360_1,Book a tour to jump queues as its rammed with tourists .,July,2015,November,2015,MirjanaJov,Australia,Oceania,male,2,0,female,9
323412133_1,Colosseum_POS_40516_1,Luckily we had bought the Omnia Rome & Vatican City pass .,August,2015,October,2015,375han,United Kingdom,Europe,male,2,0,male,9
322700094_2,Colosseum_POS_40637_2,We had a Roma pass with 's kip the line so the entrance went quit smooth .,May,2015,October,2015,nilam_74,Sweden,Europe,female,1,1,female,9
322700094_4,Colosseum_POS_40637_4,We went around by ourselves but there is is also guided tours if you are interested .,May,2015,October,2015,nilam_74,Sweden,Europe,female,1,1,female,9
322700094_5,Colosseum_POS_40637_5,This is a must visit when in Rome I also recommend to visit the area at night !,May,2015,October,2015,nilam_74,Sweden,Europe,female,1,1,female,9
322076966_1,Colosseum_POS_40730_1,"Although this area is flooded with tourists and there is always a line to get into the colosseum , it was worth the wait .",October,2015,October,2015,704NicoleB,Canada,North America,male,3,1,female,9
320283200_1,Colosseum_POS_41072_1,"I am biased , since I live in Israel and have access to many Roman ruins .",August,2015,October,2015,Shade_Jon,Israel,Asia,female,1,1,female,9
319830271_2,Colosseum_POS_41171_2,"Strenuous climb to level 2 , but they do have a lift for those in need .",October,2015,October,2015,MaryHenn,Lebanon,Asia,male,2,0,female,9
318729285_2,Colosseum_POS_41390_2,"Located in the centre of piazza del Colosseo , on the homonymous B ( blue ) metro line , the location is easy to get to but is often very busy with tourist .",September,2015,October,2015,Alison G,United Kingdom,Europe,female,1,1,female,98
318729285_3,Colosseum_POS_41390_3,"The Colosseum has 80 arched entrances which allowed easy access to 55,000 spectators in AD72 , who were seated according to rank .",September,2015,October,2015,Alison G,United Kingdom,Europe,female,1,1,female,98
318729285_4,Colosseum_POS_41390_4,"The Coliseum is huge , an ellipse 188m long and 156 wide .",September,2015,October,2015,Alison G,United Kingdom,Europe,female,1,1,female,98
318729285_6,Colosseum_POS_41390_6,"Just outside the Coliseum is the Arch of Constantine , a 25m high monument built in AD315 to mark the victory of Constantine over Maxentius at Pons Milvius .",September,2015,October,2015,Alison G,United Kingdom,Europe,female,1,1,female,98
318729285_7,Colosseum_POS_41390_7,"I would recommend a guided tour , during which you are informed of the full history and the staging deadly combats of gladiators and wild animal fights for public viewing .",September,2015,October,2015,Alison G,United Kingdom,Europe,female,3,1,female,98
315783064_2,Colosseum_POS_41873_2,I would recommend getting the Roma pass for entry ( faster plus you get three days of metro use to see other Rome sites .,September,2015,October,2015,ClayEggl,Georgia,Asia,female,1,1,male,9
315087703_2,Colosseum_POS_41972_2,"Book your tickets and get a guided tour as you will miss things , you can not go to Rome and not see this .",September,2015,September,2015,brenda d,United Kingdom,Europe,female,1,1,female,9
313563767_6,Colosseum_POS_42208_6,"The toilets are disgusting , covered in urine and graffiti , so try and go before entering the Colosseum .",September,2015,September,2015,NickBrouard,United Kingdom,Europe,male,1,1,male,9
313563767_8,Colosseum_POS_42208_8,It is possible that someone new to Rome would of taken the cab and get ripped off .,September,2015,September,2015,NickBrouard,United Kingdom,Europe,male,1,1,male,9
311473184_1,Colosseum_POS_42461_1,We bought the Omnia card and Roma Pass which give you access to public transport and two attractions for free .,August,2015,September,2015,aline901,Lebanon,Asia,male,1,1,female,9
310751130_2,Colosseum_POS_42537_2,you will be able to transport yourself to another era and comprehend the amazing architectural achievement that it is .,February,2015,September,2015,OscarRodz,Puerto Rico,North America,female,4,2,male,9
309890011_1,Colosseum_POS_42629_1,Having prebooked entry tickets direct online and timing our arrival just at the end of a 15min downpour worked perfectly as there were 8 people in front of us and we walked straight in .,September,2015,September,2015,Carol1911,United Kingdom,Europe,female,0,2,female,91
306794129_1,Colosseum_POS_42943_1,I took a tour of the Colosseum which included the Roman Forum and Palantine Hill .,August,2015,September,2015,Sharon H,Australia,Oceania,female,3,1,female,9
306438745_2,Colosseum_POS_42979_2,it is equally as impressive from the outside if you do not want to get tickets to go in .,September,2015,September,2015,dawn43,United Kingdom,Europe,male,3,1,female,98
305557321_2,Colosseum_POS_43067_2,Its crowded and its stupid how early they close the doors considering its the European summer and thousands of tourists want to go inside and see it .,August,2015,September,2015,JosePablin,Australia,Oceania,male,1,1,male,92
305557321_3,Colosseum_POS_43067_3,Get your ticket online with plenty of time from the official Italian website and avoid queues if you can .,August,2015,September,2015,JosePablin,Australia,Oceania,male,1,1,male,92
305557321_4,Colosseum_POS_43067_4,Worth the visit and the ticket grants you access to the Roman Forum ruins next door too .,August,2015,September,2015,JosePablin,Australia,Oceania,male,3,1,male,92
304515067_1,Colosseum_POS_43167_1,There are some steep stairs to get to the top but worth it .,September,2014,August,2015,759LisaC,Australia,Oceania,male,3,1,female,9
297317221_4,Colosseum_POS_43796_4,Pre-booking both the tour and the entry tickets is a must - we breezed past a very large line that we otherwise would have been standing in .,July,2015,August,2015,Kevin W,Canada,North America,male,3,1,male,9
296989500_1,Colosseum_POS_43823_1,"If you only visit one site during your stay in Rome , surely this must be the one to see .",August,2015,August,2015,Angela P,United Kingdom,Europe,female,1,1,female,9
296989500_3,Colosseum_POS_43823_3,The ticket also allows access to The Forum and Palentine Hill .,August,2015,August,2015,Angela P,United Kingdom,Europe,female,3,1,female,9
296989500_4,Colosseum_POS_43823_4,To take advantage of the free admission I would recommend you get there as early as you can .,August,2015,August,2015,Angela P,United Kingdom,Europe,female,1,1,female,9
289794936_5,Colosseum_POS_44408_5,There is so much to miss by taking taxis or public transport !,September,2014,July,2015,EloiseSam13,United Kingdom,Europe,female,1,1,female,9
289794936_6,Colosseum_POS_44408_6,The walk form the vatican to the colosseum took around 45 minutes but its through cobbled streets filled with shops and restaurants so gives you even more on an insight to this amazing city !,September,2014,July,2015,EloiseSam13,United Kingdom,Europe,female,1,1,female,9
289403572_3,Colosseum_POS_44442_3,"Please note buy online before to travel to Rome , and only through the official Colosseum site .",May,2015,July,2015,CorinneMck,United Kingdom,Europe,male,1,1,female,9
287972985_6,Colosseum_POS_44564_6,"The general admission allows you to walk everywhere except onto the actual colosseum floor ( called the underground , it would have been undergoing back then but it is above ground now ) .",July,2015,July,2015,ScottAnthony1982,Australia,Oceania,male,3,1,male,97
286652539_3,Colosseum_POS_44713_3,"When you stand on the viewing platform high up over the floor of the Colosseum and look down on where the participants fought for their lives and the audience cheered for their favorite , you can not help but gasp a little bit and hold your breath .",May,2015,July,2015,Gerald P,United Kingdom,Europe,female,1,1,male,98
286102258_1,Colosseum_POS_44804_1,it is right across the srteet from the metro and very to travel inside and imagine you are about to see a gladiators fight .,June,2015,July,2015,yardena l,Israel,Asia,male,3,1,female,9
283005244_2,Colosseum_POS_45165_2,Ignore the long lines and continue to move toward the turnstiles .,June,2015,June,2015,Joseph W,United States,North America,male,2,0,male,96
282460502_1,Colosseum_POS_45248_1,Did a group tour which allowed access to levels below and above - definitely worth it .,June,2015,June,2015,Chris K,Canada,North America,male,1,1,male,9
282460502_3,Colosseum_POS_45248_3,Would have liked some time to explore Coloseum on my own as we did not get to see some of the displays where the general public was .,June,2015,June,2015,Chris K,Canada,North America,male,2,0,male,9
279452197_2,Colosseum_POS_45570_2,We had booked the entry tickets in advance ( about 3-4 days before our visit date ) online .,May,2015,June,2015,RamVenkat,India,Asia,male,1,1,male,94
279452197_3,Colosseum_POS_45570_3,The tickets are not date specific - they are valid for 2 days starting the day you actually stamp these tickets on arrival at one of the Colosseum / Roman Forum / Palatine Hill .,May,2015,June,2015,RamVenkat,India,Asia,male,1,1,male,94
279452197_5,Colosseum_POS_45570_5,Although queues are shorter if you buy the tickets at Roman Forum / Palatine Hill and do these before entering Colosseum .,May,2015,June,2015,RamVenkat,India,Asia,male,2,0,male,94
279452197_7,Colosseum_POS_45570_7,The Colosseum restroom queues are even longer than the ticket queues Our main grouse was the guide .,May,2015,June,2015,RamVenkat,India,Asia,male,1,1,male,94
279452197_8,Colosseum_POS_45570_8,We took an authorised guide from the entrance ( all of us wore some blue stickers to be identified as a part of the group ) .,May,2015,June,2015,RamVenkat,India,Asia,male,1,1,male,94
279337554_2,Colosseum_POS_45580_2,Get a Roma pass or Omnia pass and skip the queues .,May,2015,June,2015,Polz,United Kingdom,Europe,male,1,1,male,99
278754567_1,Colosseum_POS_45636_1,I chose to take a hop on / off bus tour of Rome which covers many of the cities major landmarks including the colosseum .,May,2015,June,2015,DianeB1699,Australia,Oceania,female,1,1,female,99
278754567_2,Colosseum_POS_45636_2,I tend to do the entire route once listening to the commentary by the guides & to see what is covered then make my decision on which stops to hop off at .,May,2015,June,2015,DianeB1699,Australia,Oceania,female,1,1,female,99
278432329_3,Colosseum_POS_45677_3,As you walk around the place there are lots to look at .,May,2015,June,2015,Allan D,Australia,Oceania,male,2,0,male,9
277612648_1,Colosseum_POS_45793_1,the tours are a must so you can get the most out of the inspiring building .,May,2015,June,2015,PaulineM716,United Kingdom,Europe,male,3,1,female,98
274380212_1,Colosseum_POS_46037_1,If you are in Rome you can not miss going to Colosseum .,January,2015,May,2015,AmitRajpal03,India,Asia,male,2,0,male,9
274380212_3,Colosseum_POS_46037_3,This piece has all the history of Italy and you will be astonished if you take the underground VIP tour where you visit exclusive area with an archeologist .,January,2015,May,2015,AmitRajpal03,India,Asia,male,3,1,male,9
272973926_2,Colosseum_POS_46172_2,Book well in advance to ensure availability ( and remember to buy the colosseum entrance tickets as well ) .,May,2015,May,2015,Adam P,United Kingdom,Europe,female,2,0,male,9
272973926_4,Colosseum_POS_46172_4,Not only does it give you access to parts of the colosseum that are not available to the public it is also nice to be in a slightly quieter and calmer environment to allow you to take it all in .,May,2015,May,2015,Adam P,United Kingdom,Europe,female,1,1,male,9
272973926_5,Colosseum_POS_46172_5,And you are still able to see the rest of the colosseum on your own afterwards ( at which point you realise how crowded it can get and are even more glad at having the quieter tour ) .,May,2015,May,2015,Adam P,United Kingdom,Europe,female,3,1,male,9
272031985_1,Colosseum_POS_46251_1,"We booked a 3hour walking tour via Viator , we were completely in awe of this magnificent building and its interior .",May,2015,May,2015,diorJoo,United Kingdom,Europe,female,3,1,female,9
271635818_1,Colosseum_POS_46282_1,"What a place , outstanding , extremely big , and steps inside are steep , although there are hand rails to help both getting up to the upeer level , and down again .",May,2015,May,2015,DaveMay2015,United Kingdom,Europe,male,4,2,male,9
271635818_2,Colosseum_POS_46282_2,"It is so popular with both tourists , and locals ( italians in general ) that a booking is more or less essential to avoid a really lenghty wait , probably in the hot Italian sun .",May,2015,May,2015,DaveMay2015,United Kingdom,Europe,male,2,0,male,9
271351375_4,Colosseum_POS_46302_4,Hint - look at the large price list on the wall because they give discount if you are certain age and from certain areas of the world .,March,2015,May,2015,girlwelshdragon,United Kingdom,Europe,male,2,0,female,9
267436161_1,Colosseum_POS_46598_1,"We bought three day omnia pass on line it cost 75pp which may seem excessive but when you take into account the individual cost of entry into the main attractions , such as the Vatican museums , Sistine chapel , public transport , and hop on hop off bus tour costs .",April,2015,April,2015,DellG231,United Kingdom,Europe,male,1,1,female,91
267436161_2,Colosseum_POS_46598_2,The pass allows fast track entry to the colosseum which is a relief when you see the queues .,April,2015,April,2015,DellG231,United Kingdom,Europe,male,3,1,female,91
267436161_4,Colosseum_POS_46598_4,You can almost hear the roar of the crowds and get a sense of how the gladiators felt before entering the arena .,April,2015,April,2015,DellG231,United Kingdom,Europe,male,1,1,female,91
266765912_1,Colosseum_POS_46642_1,"The Colosseum is absolutely beautiful , you can not really imagine until you are there but it is so worth the wait to get inside .",April,2015,April,2015,EmilyIng037,United Kingdom,Europe,female,3,1,female,92
266764385_1,Colosseum_POS_46643_1,I have finally realised a long awaited ambition & finally visited the mighty colosseum .,April,2015,April,2015,Scott E,United Kingdom,Europe,female,3,1,male,9
266764385_2,Colosseum_POS_46643_2,I would recommend using an official tour guide located outside the entrance .,April,2015,April,2015,Scott E,United Kingdom,Europe,female,3,1,male,9
266658101_2,Colosseum_POS_46650_2,"When walking inside , you can almost hear the roars from the crowd , feel the atmosphere .",February,2015,April,2015,Breda M,Ireland,Europe,male,1,1,female,9
265340166_1,Colosseum_POS_46762_1,tip - to avoid long lines either order a ticket online ( does not require specific date ) or buy your ticket at the Roman Forum in the entrance from plaza Venezia - it is a combined ticket and there are never lines there .,April,2015,April,2015,meital t,Israel,Asia,male,1,1,female,9
260901237_6,Colosseum_POS_47090_6,"Inside the Colosseum you can walk around the whole first floor , and then take the stairs to the higher levels if you want a really good view .",March,2015,March,2015,Mel9001,Sweden,Europe,male,3,1,male,9
255728448_1,Colosseum_POS_47418_1,"This is THE must see , what you really can not miss when you come to visit the Eternal City .",February,2015,February,2015,DanieleMO77,Italy,Europe,male,1,1,male,91
255728448_2,Colosseum_POS_47418_2,The Coliseum will take you back thousand of years and while walking along the old corridors under the original vaults you will feel as though you can still hear the people roaring the gladiators on the arena .,February,2015,February,2015,DanieleMO77,Italy,Europe,male,1,1,male,91
255728448_3,Colosseum_POS_47418_3,"I highly recommend you upgrade your visit adding the Underground section and the Third ring - you will enjoy the Coliseum much more if you have a tourist guide explaining you all the little secret of this stunning , breathtaking building .",February,2015,February,2015,DanieleMO77,Italy,Europe,male,4,2,male,91
255728448_4,Colosseum_POS_47418_4,"By the way , the ticket includes also the entrance to the Roman Forum ( a tourist guide or an audio guide is recommended also for the Forum ) .",February,2015,February,2015,DanieleMO77,Italy,Europe,male,1,1,male,91
244778762_2,Colosseum_POS_48260_2,"We went on a tour and found out some great things regarding the history of the colosseum , well worth a visit !",December,2014,December,2014,SueScapades,United Kingdom,Europe,male,4,2,female,96
240384108_1,Colosseum_POS_48601_1,"Excellent tourist attraction , listen to the audio to appreciate the history of the Colosseum and soak up the atmosphere , an absolute must for any visitor .",November,2014,November,2014,Julie M,United Kingdom,Europe,female,1,1,female,95
239490496_3,Colosseum_POS_48685_3,Awesome to know we walked on the same paths as some of the Emperors .,November,2014,November,2014,989TinaW,United Kingdom,Europe,female,1,1,female,98
237042786_1,Colosseum_POS_48925_1,"its huge and some of the part in ruined but they are trying to renovate bit by bit but you can see the different by the colour , which one is the original and the after renovation part .",September,2014,October,2014,Melissa B,Singapore,Asia,male,3,1,female,91
237042786_1,Colosseum_POS_48936_1,"its huge and some of the part in ruined but they are trying to renovate bit by bit but you can see the different by the colour , which one is the original and the after renovation part .",September,2014,October,2014,Melissa B,Singapore,Asia,male,3,1,female,91
235103753_1,Colosseum_POS_49093_1,"We visited in mid-September , arrived shortly after the Colosseum opened and found the wait to be no more than 10 minutes .",September,2014,October,2014,Vista888,Canada,North America,male,1,1,female,95
235103753_2,Colosseum_POS_49093_2,We downloaded Rick Steve's audio tours from iTunes for both the colosseum and the forum .,September,2014,October,2014,Vista888,Canada,North America,male,1,1,female,95
235103753_4,Colosseum_POS_49093_4,"After walking around the colosseum and forum and soaking up so much history , it was rejuvenating to spend the last part of the day wondering the uncrowded palatine hill , sitting on a shady bench and enjoying the scenic views , .",September,2014,October,2014,Vista888,Canada,North America,male,1,1,female,95
233426602_1,Colosseum_POS_49238_1,The Colosseum and Forum are both stunning and you get a sense of history just standing in them .,April,2014,October,2014,Philip N,United Kingdom,Europe,male,3,1,male,97
233426602_3,Colosseum_POS_49238_3,One tip - The Colosseum usually has large crowds at the ticket office but tickets can also be obtained up at the Forum and as the ticket is for both the Colosseum and the Forum you can either look around the Forum first or just walk back to the Colosseum and go straight in .,April,2014,October,2014,Philip N,United Kingdom,Europe,male,1,1,male,97
232212452_3,Colosseum_POS_49353_3,"Very impressive , also if you want a nice view of it from outside , there is a small park on the other side of the main road , up a bit of a hill , gorgeous view of it as whole !",January,2014,October,2014,KateL1710,United Kingdom,Europe,female,4,2,female,92
231172214_1,Colosseum_POS_49441_1,A trip to Rome would not be complete with out a trip to the Colosseum and as your ticket covers Palatine Hill and Roman Forum may as well go there also .,September,2014,September,2014,Phil H,United Kingdom,Europe,male,1,1,male,95
231172214_2,Colosseum_POS_49441_2,You have to get up early though as there is so much to see .,September,2014,September,2014,Phil H,United Kingdom,Europe,male,2,0,male,95
231172214_6,Colosseum_POS_49441_6,"The ticket covers Palatine Hill and the Roman Forum so there is absolutely loads to see , we had the Roma Pass so did not have to queue as there was a separate ticket booth , really good idea !",September,2014,September,2014,Phil H,United Kingdom,Europe,male,3,1,male,95
228316597_5,Colosseum_POS_49671_5,"it is also shaded , so if you happen to be visiting during the HOT months , it is a good place to escape the heat of the sun .",October,2013,September,2014,Leesa G,France,Europe,male,3,1,female,92
228316597_9,Colosseum_POS_49671_9,"But , try to go as early as possible to avoid the long wait in lines , which is exactly why I skipped it on my first trip !",October,2013,September,2014,Leesa G,France,Europe,male,1,1,female,92
221403206_1,Colosseum_POS_50136_1,Came in to the colosseum when I visited Rome for the day it was really a great experience to visit this old building and the views were brilliant as well this was well worth the visit .,September,2013,August,2014,blondie079,United Kingdom,Europe,male,3,1,female,99
213191422_1,Colosseum_POS_50854_1,"Arquitecture as an art allows you not only to admire its works from outside&inside pov but as an experience when you visit the Colosseum it is difficult not to be impressed by the beauty of the magnificent exterior , clad in marble , or the elegance of the technical solutions that created this anphitheater with more than 50000 seats .",April,2014,July,2014,naza2005,Spain,Europe,male,3,1,female,90
213191422_1,Colosseum_POS_50864_1,"Arquitecture as an art allows you not only to admire its works from outside&inside pov but as an experience when you visit the Colosseum it is difficult not to be impressed by the beauty of the magnificent exterior , clad in marble , or the elegance of the technical solutions that created this anphitheater with more than 50000 seats .",April,2014,July,2014,naza2005,Spain,Europe,male,3,1,female,90
209029773_1,Colosseum_POS_51314_1,My first view of this place was from an open topped bus and quite frankly it sent a shiver through me .,,,June,2014,LenBrownB,United Kingdom,Europe,male,1,1,male,95
206479523_1,Colosseum_POS_51547_1,"Queues to get in not a big deal , espcially if you buy a ROMA pass in advance .",December,2013,May,2014,600andy,United Kingdom,Europe,male,1,1,male,92
203596179_2,Colosseum_POS_51713_2,My verdict that it is worth it because it also gives you access to the Roman Forum .,March,2014,May,2014,Seth517,Singapore,Asia,male,3,1,male,93
192189367_1,Colosseum_POS_52456_1,"If you only go to one tourist attraction in Rome , make it the Colosseum .",August,2013,January,2014,OwenR905,Australia,Oceania,male,2,0,male,96
192189367_2,Colosseum_POS_52456_2,"It is full of history , visually spectacular ( both inside and out and very well layed out for easy movement .",August,2013,January,2014,OwenR905,Australia,Oceania,male,4,2,male,96
192189367_3,Colosseum_POS_52456_3,"I recommend a morning start , and buying a Roma Pass ( which let us you queue jump and will cover your entry to other attractions and getting the audio guide .",August,2013,January,2014,OwenR905,Australia,Oceania,male,3,1,male,96
192189367_4,Colosseum_POS_52456_4,"Lots of photo opportunities and the Palatino is right across the road , so the perfect afternoon activity once you have finished .",August,2013,January,2014,OwenR905,Australia,Oceania,male,3,1,male,96
182665148_2,Colosseum_POS_53209_2,There are one or two lifts available inside though it appeared that these were intended for disabled use only .,October,2013,October,2013,AvidDiner473,United Kingdom,Europe,female,3,1,male,92
182665148_3,Colosseum_POS_53209_3,You need to be reasonably fit and agile to climb and descend the very steep stairways but it is well worth the effort .,October,2013,October,2013,AvidDiner473,United Kingdom,Europe,female,3,1,male,92
177415186_2,Colosseum_POS_54100_2,For not waiting in a huge line go to bay tickets in Forum Romano ticket office - you can buy tickets for visiting both attractions .,September,2013,September,2013,Olga G,Portugal,Europe,male,2,0,female,91
174677371_4,Colosseum_POS_54471_4,The good thing is that you can use the same ticket for two days since these three places are huge and you may like to visit them in two days .,August,2013,August,2013,Megi68,Canada,North America,male,3,1,female,90
169454411_2,Colosseum_POS_54937_2,Make sure that you go on a guided tour - not only do you appreciate the colosseum more but you also miss the enormous lines .,July,2013,July,2013,vit666,United Kingdom,Europe,male,2,0,male,99
159817482_7,Colosseum_POS_56227_7,"Overall , I highly recommend Colosseo as a must visit site to see this roman empire's archetectural marvel , Go for it !",May,2013,May,2013,ShailendraB504,India,Asia,male,4,2,male,92
158281474_1,Colosseum_POS_56380_1,We had been told it was in the middle of the street so close not up on a hill or in the country .,April,2013,April,2013,Morag F,United Kingdom,Europe,male,1,1,female,93
145470588_1,Colosseum_POS_57597_1,"it is incredible to imagine the Roman's in there fighting as they did , using the Roma pass avoided the queue .",November,2012,November,2012,David_Provence,France,Europe,male,3,1,male,93
142184419_1,Colosseum_POS_58085_1,The first time I saw the Colosseum I was in a car coming in from the airport .,September,2012,October,2012,TravelManagerLoveIt,Australia,Oceania,female,2,0,female,96
142184419_3,Colosseum_POS_58085_3,To go inside to explore and learn about it was amazing .,September,2012,October,2012,TravelManagerLoveIt,Australia,Oceania,female,3,1,female,96
142010464_3,Colosseum_POS_58117_3,I can appreciate the need for restorative projects but it does get in the way of great pictures .,November,2011,October,2012,Captains_Rum_Punch,Canada,North America,female,3,1,male,97
142010464_4,Colosseum_POS_58117_4,If you arwe creative you can still get some great photos .,November,2011,October,2012,Captains_Rum_Punch,Canada,North America,female,3,1,male,97
141915461_1,Colosseum_POS_58133_1,You can stand and with a bit of imagination visualise the gladiators and the lions .,September,2012,October,2012,JustTravelAnywhere,Australia,Oceania,male,3,1,male,98
141158935_1,Colosseum_POS_58237_1,"Firstly I highly recommend you buy a Roma Pass , if it does nothing else for you it will allow you to virtually walk into the Colosseum and avoid wasting time queing in the long lines , especially if it is hot .",September,2012,September,2012,WendySouthAfrica,South Africa,Africa,male,3,1,female,90
141158935_6,Colosseum_POS_58237_6,To get the most out of this amazing site - go prepared and you will be awestruck .,September,2012,September,2012,WendySouthAfrica,South Africa,Africa,male,3,1,female,90
140228058_1,Colosseum_POS_58368_1,"It is both shocking and breathtaking to be on a busy , traffic-filled street in Rome , walking alongside the Colosseum !",September,2012,September,2012,Lu-AnnR,United States,North America,male,4,2,female,94
140228058_2,Colosseum_POS_58368_2,do not forget to go see it from the outside at night .,September,2012,September,2012,Lu-AnnR,United States,North America,male,1,1,female,94
140228058_3,Colosseum_POS_58368_3,"When you walk towards the ticket line , you will be accosted by hundreds of people who are going to tell you that you can beat the long lines by taking a private tour with them .",September,2012,September,2012,Lu-AnnR,United States,North America,male,1,1,female,94
140228058_4,Colosseum_POS_58368_4,"That is your choice , of course , but be aware that the ticket line moves quickly , and you can get in soon enough if you are patient .",September,2012,September,2012,Lu-AnnR,United States,North America,male,3,1,female,94
140228058_5,Colosseum_POS_58368_5,"People are going to push and shove , and many ticket windows might be open , but you will not know that until people shove past you to get to an open window .",September,2012,September,2012,Lu-AnnR,United States,North America,male,1,1,female,94
140228058_9,Colosseum_POS_58368_9,"So , if you are going to stay inside for awhile , bring a snack and a drink .",September,2012,September,2012,Lu-AnnR,United States,North America,male,3,1,female,94
140228058_11,Colosseum_POS_58368_11,"If you are interested in ancient Rome , you should not miss going inside the Colosseum .",September,2012,September,2012,Lu-AnnR,United States,North America,male,1,1,female,94
140228058_13,Colosseum_POS_58368_13,"And , as I mentioned earlier , take a walk down to look at it at night .",September,2012,September,2012,Lu-AnnR,United States,North America,male,1,1,female,94
136379090_2,Colosseum_POS_58810_2,Instead I walked around the Colosseum several times from the outside taking pictures then found a comfortable place to sit under my umbrella and looked all the information up on the internet .,March,2012,August,2012,Kate A,United Kingdom,Europe,male,1,1,female,96
136379090_8,Colosseum_POS_58810_8,Top traveler tip - Go to the Colosseum ( Colosseo ) at night .,March,2012,August,2012,Kate A,United Kingdom,Europe,male,1,1,female,96
136379090_9,Colosseum_POS_58810_9,The illuminations are imposing and you can really appreciate it is grandeur .,March,2012,August,2012,Kate A,United Kingdom,Europe,male,3,1,female,96
121751284_1,Colosseum_POS_61175_1,"the colosseo is near the roma metro , beware of pickpockets .",December,2011,December,2011,Sunkissedguy,Philippines,Asia,male,1,1,male,93
