627758236_4,Colosseum_NEG_165_4,"Just a disorganised mess , Look byond that , and the crowds and crowds , There is a lot to fire your imagination .",October,2018,October,2018,pete b,United Kingdom,Europe,male,1,1,male,90
428583585_5,Colosseum_NEG_489_5,"Also , people were sitting on century-old pillars , having lunch and even smoking sigarettes .",September,2016,October,2016,karenvd8,Netherlands,Europe,male,1,1,female,9
428583585_6,Colosseum_NEG_489_6,Seems the romans see this more as a money casher than the historical legacy that it is .,September,2016,October,2016,karenvd8,Netherlands,Europe,male,1,1,female,9
346826935_3,Colosseum_NEG_610_3,"inside , the lines are long and the state of the toilets is simply abominable .",February,2016,February,2016,hanicka,Czechia,Europe,male,2,0,female,93
273453188_6,Colosseum_NEG_697_6,The security are more interested in looking at the tourists then doing there job .,May,2015,May,2015,Romeo69,Canada,North America,female,2,0,male,91
463262981_1,Colosseum_NEU_1323_1,This building has been destroyed over the centuries by the emporers to reuse the materials .,February,2017,February,2017,Hans N,Netherlands,Europe,female,1,1,male,90
446525348_1,Colosseum_NEU_1434_1,"it is an average attraction , there are a lots of annoying individuals trying to sell things .",November,2016,December,2016,Shane U,Australia,Oceania,male,1,1,male,9
337044184_1,Colosseum_NEU_2183_1,"it is magnificent , sure , but also A LOT of walking in big tourist crowds and not very good places for picture-taking .",April,2015,January,2016,Sanni K,Finland,Europe,male,3,1,female,9
257171257_2,Colosseum_NEU_2652_2,"The structure is huge and you can just feel the history however , as an experience , it was not the best .",February,2015,March,2015,Sevgi K,United Kingdom,Europe,female,1,1,female,9
212575518_4,Colosseum_NEU_2854_4,The explanations provided were fairly basic and no electronic audio provided so the number of times an explanation was provided was when particular spots were reached by all participants .,June,2014,June,2014,John J,United Kingdom,Europe,male,1,1,male,9
152179161_1,Colosseum_NEU_3140_1,"it is an incredible place , just thinking about how it evolved and when blows your mind .",February,2013,February,2013,BigSpo,United Kingdom,Europe,male,4,2,male,90
141125945_2,Colosseum_NEU_3205_2,Everywhere there are groups with a guide and you are not able to get a good impression of the building and its history .,September,2012,September,2012,JerryGythio,Greece,Europe,female,1,1,male,93
126903072_1,Colosseum_NEU_3309_1,Enormous place for death games and to be only the sad part of Roman history .,June,2011,March,2012,dave294458,Romania,Europe,female,1,1,male,97
702185363_1,Colosseum_POS_197_1,It is a magnificent building from the outside and we took plenty of photos from outside the arena but inside it is spectacular !,August,2019,August,2019,Kylie24,United Kingdom,Europe,male,4,2,female,93
695620481_1,Colosseum_POS_511_1,I visited with my wife and 10 year old son and stood in awe while watching the colosseum .,July,2019,August,2019,Satyam02,India,Asia,male,1,1,female,91
695620481_2,Colosseum_POS_511_2,The site is breathtaking and you feel like you are part of history .,July,2019,August,2019,Satyam02,India,Asia,male,4,2,female,91
694813893_1,Colosseum_POS_560_1,"It is so impressive , especially when you think how old it is .",May,2019,August,2019,Bradley S,Australia,Oceania,female,4,2,male,9
666008094_1,Colosseum_POS_2604_1,it is more than fantastic and if ancient history resonates with you GO !,April,2019,April,2019,Gabriella Q,Austria,Europe,male,3,1,female,9
662861692_2,Colosseum_POS_2789_2,"2000 years after construction and still incredibly intact , it gives you a real sense of the grandeur that the gladiatorial games must have commanded .",November,2018,April,2019,0111Hannah,United Kingdom,Europe,male,3,1,female,9
662421483_5,Colosseum_POS_2816_5,Dozens of perfectly counterbalanced lifts that they are still excavating and working out how they worked This is a must see place to visit .,November,2018,March,2019,martin_ward038,United Kingdom,Europe,male,3,1,male,98
662421483_6,Colosseum_POS_2816_6,"It is reasonably accessible to people with disabilities , lifts to the various levels of the stands and accessible toilets .",November,2018,March,2019,martin_ward038,United Kingdom,Europe,male,3,1,male,98
662421483_7,Colosseum_POS_2816_7,There were long queues for the toilets and there were a lot of people there which surprised us as we visited in School Term time .,November,2018,March,2019,martin_ward038,United Kingdom,Europe,male,1,1,male,98
661320537_1,Colosseum_POS_2897_1,"And good grief , how many different ways did the old Romans have for killing someone .",March,2019,March,2019,PeteSag356,United Kingdom,Europe,male,3,1,male,98
661320537_2,Colosseum_POS_2897_2,it is a magnificent structure and well worth the effort of a visit .,March,2019,March,2019,PeteSag356,United Kingdom,Europe,male,4,2,male,98
652490679_1,Colosseum_POS_3488_1,The Colosseum is such a spectacular building - the size of it is incredible and the history about it makes it even more impressive .,October,2018,February,2019,JohannesBA123,Denmark,Europe,male,4,2,male,9
652490679_3,Colosseum_POS_3488_3,there is a lot of people both inside and outside the Colosseum which can make moving around challenging at times .,October,2018,February,2019,JohannesBA123,Denmark,Europe,male,3,1,male,9
632286728_2,Colosseum_POS_4714_2,"Though the major structure is a ruin , it is possible to imagine how grand it would be in its haydays .",September,2018,November,2018,JaganRampal,India,Asia,male,1,1,male,9
631755218_2,Colosseum_POS_4746_2,Our guide was interesting and gave us some amazing facts and details about the whole structure .,November,2018,November,2018,Richard M,United Kingdom,Europe,male,3,1,male,97
624457559_1,Colosseum_POS_5419_1,"It looks bug from the outside , but its bigger from the inside .",October,2018,October,2018,Ann C,Israel,Asia,female,2,0,female,9
619763500_2,Colosseum_POS_5958_2,It gave me goosebumps just thinking of all the things that happened here .,September,2018,September,2018,MamaSqueak,Philippines,Asia,male,1,1,female,92
617918587_2,Colosseum_POS_6173_2,"you have he impression that you leave in ancient Rome , , .",February,2018,September,2018,Despina D,Greece,Europe,female,1,1,female,9
612227976_2,Colosseum_POS_6708_2,"My legs ached by the end as there is a lot of walking and quite a few steps , but it is definitely worthwhile visiting .",September,2017,August,2018,PennyFC,United Kingdom,Europe,female,3,1,female,9
609953098_1,Colosseum_POS_6904_1,"it is living history , it is walking past and present .",August,2018,August,2018,maria m,Portugal,Europe,male,2,0,female,9
609953098_2,Colosseum_POS_6904_2,it is awesome what man could build so many centuries ago .,August,2018,August,2018,maria m,Portugal,Europe,male,1,1,female,9
609953098_3,Colosseum_POS_6904_3,"it is also a place of blood wars , of fighting .",August,2018,August,2018,maria m,Portugal,Europe,male,3,1,female,9
602785678_1,Colosseum_POS_7449_1,"it is not just a history of human-made stadium , it is itself a history of human , war , cruelty , animal and revolution .",August,2018,August,2018,Goutam R,Bangladesh,Asia,female,1,1,male,9
602555656_2,Colosseum_POS_7468_2,The sheer magnitude of this colossal undertaking built without the advanced technologies we have today astounded me .,July,2018,August,2018,Wendy Gai G,Australia,Oceania,male,1,1,female,9
596517356_6,Colosseum_POS_7976_6,"I live history and I am an amateur photographer , so I felt I was I heaven .",November,2017,July,2018,nipa s,Canada,North America,male,1,1,female,9
590216100_1,Colosseum_POS_8774_1,"Probably the most recognizable symbol of Ancient Rome , this building is obviously a must see .",November,2017,June,2018,MichaelK1887,Georgia,Asia,male,1,1,male,95
589450744_2,Colosseum_POS_8854_2,The tour guide was very knowledgeable and brought the life of ancient Colosseum alive .,June,2018,June,2018,Deidra W,Canada,North America,female,3,1,female,9
577949870_6,Colosseum_POS_10063_6,They all act like they are giving you information of where to go but majority of them are selling !,May,2018,May,2018,Angela B,United Kingdom,Europe,female,2,0,female,9
574004463_3,Colosseum_POS_10466_3,Our sons aged 11 and 15 especially loved the Colosseum probably due to the gruesome history !,April,2018,April,2018,Claire B,United Kingdom,Europe,male,4,2,female,9
573422453_9,Colosseum_POS_10518_9,There are a lot of people trying to sell bracelets who are very pushy and made us feel very uncomfortable .,April,2018,April,2018,Samantha S,United Kingdom,Europe,male,1,1,female,9
573422453_12,Colosseum_POS_10518_12,There are lots of people selling things all around Rome but this colosseum area was the worst for these very pushy sales men and it did spoil our experience of exploring this area which was a shame .,April,2018,April,2018,Samantha S,United Kingdom,Europe,male,0,2,female,9
572810858_2,Colosseum_POS_10597_2,"Everything in the surrounding vicinity is a historical marvel , The colosseum itself is breath taking an absolute must-see .",April,2018,April,2018,renate2006,United Kingdom,Europe,male,3,1,female,9
568436829_9,Colosseum_POS_11129_9,"The buildings or what left of them blow your mind , the shear size and how they must have been build way back when .",March,2018,March,2018,Janine D,Spain,Europe,male,1,1,female,94
568436829_10,Colosseum_POS_11129_10,"Well worth the visit , made even better with a guide who knew all the history .",March,2018,March,2018,Janine D,Spain,Europe,male,3,1,female,94
565633701_4,Colosseum_POS_11428_4,I would recommend that anyone who has any interest in Roman history come here .,March,2018,March,2018,MelanieE1167,New Zealand,Oceania,male,3,1,female,9
563994427_1,Colosseum_POS_11603_1,Paid for a guide to explain the history behind the building .,March,2018,March,2018,Jill E,United Kingdom,Europe,female,2,0,female,90
561785407_1,Colosseum_POS_11825_1,What can one say about the Colosseum other than it is a breathtaking piece of architecture that it is hard to believe was constructed almost 2000 years ago .,February,2018,February,2018,Andrew S,United Kingdom,Europe,female,3,1,male,9
553152074_1,Colosseum_POS_12670_1,"Our tour guide gave us detailed information about the history of the Colosseum , what occurred there , and how it was built .",December,2017,January,2018,Jennifer B,United States,North America,male,3,1,female,9
552389682_7,Colosseum_POS_12733_7,Put all that together and visiting this treasure was very special .,June,2017,January,2018,SteveAussie,Australia,Oceania,male,3,1,male,97
548175274_2,Colosseum_POS_13136_2,"It just a must place to visit the scale and history is all engulfing , you can just feel how the place was back in history .",October,2017,December,2017,Guyloves2travel,United Kingdom,Europe,male,1,1,male,95
545239005_4,Colosseum_POS_13392_4,It felt quite chaotic with some quite fed up members of staff .,October,2017,December,2017,LauraBJW,United Kingdom,Europe,female,1,1,female,9
544455224_2,Colosseum_POS_13469_2,"It is long , but our guide knew everything about the history .",November,2017,December,2017,FrancesDecatur,Georgia,Asia,female,1,1,female,97
544455224_3,Colosseum_POS_13469_3,"There were steps up to the gardens and they were a little tough , but there are places to rest .",November,2017,December,2017,FrancesDecatur,Georgia,Asia,female,2,0,female,97
539319043_1,Colosseum_POS_13992_1,The breathtaking colosseum is just like it looks in the photos and postcards and the tour of it is even more impressive with breathtaking facts and trivia about the ancient monument .,October,2017,November,2017,TheoM97,United Kingdom,Europe,male,3,1,male,9
535979399_1,Colosseum_POS_14369_1,The guide was very knowledgeable and it has an amazing history .,September,2017,October,2017,Reesa D,Georgia,Asia,male,3,1,female,91
535286757_2,Colosseum_POS_14461_2,There are a lot of touts and people with selfie sticks .,October,2017,October,2017,Tracy W,United Kingdom,Europe,male,3,1,female,9
535281542_2,Colosseum_POS_14462_2,There is plenty of information boards around the area so we got just as much out of doing it ourselves .,October,2017,October,2017,Peter D,Australia,Oceania,male,1,1,male,9
530876456_1,Colosseum_POS_15060_1,The mind boggles just trying to imagine how these types of buildings were erected without modern building machinery .,October,2017,October,2017,644karen,Australia,Oceania,male,1,1,female,9
530765792_7,Colosseum_POS_15076_7,"The queues for the womens toilet are horrendous , and there is only one bathroom in the whole complex , arghhhhhh !",October,2017,October,2017,Anna D,New Zealand,Oceania,male,1,1,female,9
529927096_1,Colosseum_POS_15168_1,Just to be here in person and get a sense of the enormity of this place really gives you a sense for the enormity of the Roman empire .,September,2017,October,2017,Jeff H,United States,North America,male,1,1,male,9
524550402_1,Colosseum_POS_15822_1,The history of the structure is fascinating and adequately displated on various tabloids throughout the structure .,September,2017,September,2017,Ernst t,Netherlands,Europe,female,4,2,male,9
521298171_1,Colosseum_POS_16174_1,"I am wondering , whether it is better to see original ruins , or it would be more impressive to see an re-built version of the Colosseum in the restored version as it was some 2000 years ago .",August,2017,September,2017,JanisLatvia,Latvia,Europe,female,1,1,male,99
519957563_5,Colosseum_POS_16301_5,"I did not find anywhere to buy a coffee or drink inside but no matter , I was wonderfully enraptured by the building itself .",June,2017,August,2017,Robyn V,Iceland,Europe,male,1,1,female,9
513066413_3,Colosseum_POS_16889_3,Personally I would get a guide of some description so you can really understand the history .,August,2017,August,2017,GillM900,United Kingdom,Europe,female,1,1,female,92
508600830_1,Colosseum_POS_17293_1,Lots of walking and so many interesting pieces to put together .,July,2017,August,2017,MargaretW858,Australia,Oceania,male,3,1,female,9
504769868_1,Colosseum_POS_17632_1,And then realise it was built hundreds of years ago - fantastic achievement - sheer size of it is phenomenal .,July,2017,July,2017,James D,United Kingdom,Europe,male,3,1,male,90
504769868_2,Colosseum_POS_17632_2,There are several websites offering them and made a huge difference .,July,2017,July,2017,James D,United Kingdom,Europe,male,3,1,male,90
504739442_2,Colosseum_POS_17636_2,The history of the place is difficult to beat and one can just imagine sitting there 2000 years ago watching the games .,July,2017,July,2017,markoBRISTOL,United Kingdom,Europe,male,1,1,male,97
497480782_4,Colosseum_POS_18379_4,There is lots of info inside and it was a welcome break from the sun .,June,2017,June,2017,Jennifer B,United Kingdom,Europe,male,3,1,female,9
496766225_2,Colosseum_POS_18453_2,"Very different from the movies as no chariot races there , deck wooden and 52 trap doors from below and sand covered the whole wooden structure floor nearly 2000 years ago .",May,2017,June,2017,DennisRogers,South Africa,Africa,male,1,1,male,91
496766225_4,Colosseum_POS_18453_4,So many interesting facts that change our perception and knowledge of the Colosseum and how the games worked .,May,2017,June,2017,DennisRogers,South Africa,Africa,male,3,1,male,91
490137787_4,Colosseum_POS_19187_4,Previous comments say bottles of water not permitted - not true - also easy to top up your bottle in the arena from free water fountains .,May,2017,June,2017,Lindsay W,United Kingdom,Europe,male,1,1,female,9
490137787_9,Colosseum_POS_19187_9,Some steep steps ( there is a lift ) to negotiate .,May,2017,June,2017,Lindsay W,United Kingdom,Europe,male,1,1,female,9
486618743_4,Colosseum_POS_19627_4,The Colosseum gives an idea of what Rome must have been like in its heyday .,May,2017,May,2017,GeorgeFMarkhamON,Canada,North America,male,2,0,male,962
480115634_1,Colosseum_POS_20402_1,"it is such an amazing place , ruined after an earthquake but you can still see its glory every single step .",May,2016,April,2017,Sarvenaz .,Iran,Asia,female,3,1,female,9
476711922_1,Colosseum_POS_20770_1,"The well preserved template for so many ampitheatres and stadium layouts , this iconic landmark has seen some exciting yet bloodthirsty entertainments in its time .",April,2017,April,2017,Richard S,United Kingdom,Europe,female,3,1,male,92
476711922_2,Colosseum_POS_20770_2,"Thankfully the gore is no more , just a throng of fairly civilised tourists although the queues can be tiring , so bring plenty of water and a hat as the sun beats down most of the time .",April,2017,April,2017,Richard S,United Kingdom,Europe,female,1,1,male,92
470938620_2,Colosseum_POS_21538_2,"A perfect sightseeing place for a family with a baby a baby stroller ) - working lift , indicated routes for wheelchairs / baby strollers .",March,2017,March,2017,Mariyana P,Bulgaria,Europe,male,3,1,female,9
470754644_1,Colosseum_POS_21563_1,"Simply put , its as amazing sight and all that you imagine it to be .",March,2017,March,2017,RaySmart1963,United Kingdom,Europe,female,3,1,male,9
470732173_2,Colosseum_POS_21566_2,Get yourself an audio guide and wander round and absorb the history of this place .,March,2017,March,2017,southcoastgirl62,Australia,Oceania,male,3,1,female,9
463525935_1,Colosseum_POS_22449_1,We visited with our two teenage boys who loved this historic place !,February,2017,February,2017,Wendy281,United Kingdom,Europe,male,3,1,female,9
463525935_5,Colosseum_POS_22449_5,Considering the amount of people visiting at the same time there was still enough room to view all aspects of this site .,February,2017,February,2017,Wendy281,United Kingdom,Europe,male,1,1,female,9
455478024_4,Colosseum_POS_23336_4,"I liked the visit , its a place with an amazing story .",January,2017,January,2017,Jonny J,Sweden,Europe,male,4,2,male,96
455387497_1,Colosseum_POS_23346_1,Amazing experience - breathtaking to actually see this place for real .,August,2016,January,2017,lainey5565,United Kingdom,Europe,male,4,2,female,9
452323144_4,Colosseum_POS_23660_4,What dampens it is the knowledge of what took place there .,January,2017,January,2017,TimC690,United Kingdom,Europe,male,3,1,male,9
446192339_1,Colosseum_POS_24286_1,It was an amazing experience and really liked the architecture and skill of roman 2000 years back .,December,2016,December,2016,hfawad,United Arab Emirates,Asia,female,4,2,male,9
442234333_1,Colosseum_POS_24639_1,"A very interesting ancient building , a very busy place too , certainly worth going .",October,2016,December,2016,Pat K,United Kingdom,Europe,female,3,1,female,9
441862205_8,Colosseum_POS_24695_8,I loved hearing the different aspects of what happened in the Colosseum .,October,2016,December,2016,KristyLips,Australia,Oceania,female,3,1,female,90
441862205_10,Colosseum_POS_24695_10,Hearing the stories is what makes you appreciate the place even more .,October,2016,December,2016,KristyLips,Australia,Oceania,female,3,1,female,90
441562422_1,Colosseum_POS_24723_1,This was an interesting excursion to the depths of the Roman history .,November,2016,December,2016,annas2191,United Kingdom,Europe,male,3,1,male,9
440910299_7,Colosseum_POS_24810_7,We ended it by having a bite to eat on the front door of the Colosseum and while the food was subpar overlooking the Colosseum certainly was not .,May,2016,November,2016,DonnieDrake,Ireland,Europe,male,1,1,male,9
436367311_1,Colosseum_POS_25362_1,"Stunning so lovely and a lovely place to visit , it was pouring with rain but truly a magnificent place .",November,2016,November,2016,AngieMcSorley,United Kingdom,Europe,female,4,2,female,9
430996613_2,Colosseum_POS_26138_2,"The size , the look , the streets , all the history inside the walls .",October,2016,October,2016,Simon_Bracket,United Kingdom,Europe,male,3,1,male,9
428439158_1,Colosseum_POS_26581_1,There are lots of lots of steps involved so be prepared .,October,2016,October,2016,CarolSchrodt,United States,North America,female,3,1,female,9
428055439_3,Colosseum_POS_26653_3,"You should bring an empty water bottle , drinking water is everywhere inside Colosseum and sercurity do not allow you bring any water .",September,2016,October,2016,TuTram2014,Vietnam,Asia,male,1,1,female,9
421217365_2,Colosseum_POS_27736_2,Lumi has the gift of bringing history to life and was great fun .,September,2016,September,2016,timo118,United Kingdom,Europe,male,3,1,male,9
420118140_1,Colosseum_POS_27901_1,Lots of crowds and sellers hawking selfie sticks and other tat .,September,2016,September,2016,RayCathode,Ireland,Europe,male,3,1,male,99
416532799_1,Colosseum_POS_28399_1,"Being a history-geek , I had long dreamt about seeing this impressive structure .",October,2015,September,2016,Millengirl,Norway,Europe,male,3,1,female,9
405974952_1,Colosseum_POS_29505_1,"Not just about the size and enormity of the building and how it was constructed but also of all the lives , animal and human , that were lost !",August,2016,August,2016,KimW1966,United Kingdom,Europe,female,2,0,female,9
403902749_1,Colosseum_POS_29734_1,It is so amazing that this grand structure still survives and still impresses after so many centuries .,September,2015,August,2016,Denise C,Belize,North America,male,4,2,female,98
403902749_3,Colosseum_POS_29734_3,A great experience for all ages and especially for history lovers .,September,2015,August,2016,Denise C,Belize,North America,male,3,1,female,98
397374816_2,Colosseum_POS_30513_2,There are not a lot of places to sit down so consider that if you are a person who needs to take breaks .,July,2016,July,2016,Julie L,Canada,North America,male,1,1,female,9
396188529_1,Colosseum_POS_30680_1,"Beautiful place , makes you remember the history and the historical films , makes you wonder .",August,2015,July,2016,Radu R,Romania,Europe,male,4,2,male,96
394592478_1,Colosseum_POS_30899_1,We took a Walks of Italy guided tour and that let us to understand the coliseum and Roman forum's amazing history .,July,2016,July,2016,Mona S,Egypt,Africa,male,3,1,female,9
394592478_2,Colosseum_POS_30899_2,"Having Camelia as a guide made it even more alive , visualizing the gladiators , the animals , caesar , A must see attraction .",July,2016,July,2016,Mona S,Egypt,Africa,male,3,1,female,9
393467914_1,Colosseum_POS_31034_1,"After visiting Rome 6x times , finally we entered inside Colosseum , this amazing Architectural Masterpiece of Antic Rome !",October,2015,July,2016,Cristian S,Romania,Europe,male,3,1,male,9
391094161_2,Colosseum_POS_31422_2,"This place was built from the sale of 100,000 Jews into slavery , who protested the Romans .",June,2016,July,2016,MadeByVR,Canada,North America,male,1,1,female,96
390330213_1,Colosseum_POS_31556_1,A trip back in time to see where the gladiators fought in ancient Rome .,June,2016,July,2016,503954Nick,United Kingdom,Europe,male,2,0,male,9
385131421_1,Colosseum_POS_32300_1,We toured the Colosseum with a guide and were impressed by the old roman building and its surrounds .,June,2016,June,2016,Robert J,Australia,Oceania,male,1,1,male,9
384454585_3,Colosseum_POS_32426_3,There are not too many other Italian or world attractions where you can say that - certainly not Pompeii or the Vatican for example .,May,2016,June,2016,David M,Australia,Oceania,female,1,1,male,91
382182144_3,Colosseum_POS_32792_3,"Beware of the persistent vendors selling cheap selfie sticks and such , they can be really intrusive .",June,2016,June,2016,Jane A,Georgia,Asia,male,1,1,female,92
378574115_1,Colosseum_POS_33287_1,Its amazing that Colosseum were preserved despite of how many years already .,May,2016,June,2016,PhilippineTraveler,Philippines,Asia,male,3,1,female,93
374270655_1,Colosseum_POS_33952_1,It does take some believing how it was constructed all that time ago .,May,2016,May,2016,Tony64England,United Kingdom,Europe,male,3,1,male,9
368822584_1,Colosseum_POS_34793_1,The audio guide is really informative and hearing the history and the tales of events in the Colosseum brings the place to life .,April,2016,April,2016,SamBowden90,United Kingdom,Europe,female,4,2,male,9
368460136_2,Colosseum_POS_34847_2,"Richard , the guide , was excellent - knowledgeable and quite humorous too , .",April,2016,April,2016,Tony G,United Kingdom,Europe,male,4,2,male,9
365598803_1,Colosseum_POS_35345_1,No words can describe how amazing this building is especially when you visit it with a guide .,April,2016,April,2016,AggieGab,United Kingdom,Europe,female,3,1,female,9
365598803_3,Colosseum_POS_35345_3,"Our guide Stephan was absolutely fantastic , huge knowledge passed in a very relaxed humorous way .",April,2016,April,2016,AggieGab,United Kingdom,Europe,female,4,2,female,9
363179272_3,Colosseum_POS_35755_3,It is such a piece of history not only Italian history but world history too .,August,2015,April,2016,April T,United States,North America,female,2,0,female,9
361542171_1,Colosseum_POS_36011_1,Ancient Rome comes in front of your eyes with this great colloseum !,January,2016,April,2016,elina p,Greece,Europe,male,4,2,female,9
356137335_2,Colosseum_POS_36719_2,"Well preserved ancient building , the guide made it all make sense , and the relevance of the different levels of spectators .",March,2016,March,2016,Raymondo11347,United Kingdom,Europe,male,1,1,male,9
355339115_2,Colosseum_POS_36810_2,"First off , our guide Angela was beyond expectation - knowledgeable , passionate and engaging .",March,2016,March,2016,Mary M,Canada,North America,male,3,1,female,9
355339115_3,Colosseum_POS_36810_3,"She gave a running commentary for the 3.5 hours that was chock full of historical facts , detail and intrigue .",March,2016,March,2016,Mary M,Canada,North America,male,1,1,female,9
355339115_7,Colosseum_POS_36810_7,"Angela shared her ample knowledge passionately , which really brought everything to life .",March,2016,March,2016,Mary M,Canada,North America,male,3,1,female,9
355339115_11,Colosseum_POS_36810_11,This tour is the history of all of Rome and Italy from ancient times to modern and from Paganism to Christianity .,March,2016,March,2016,Mary M,Canada,North America,male,3,1,female,9
355105882_3,Colosseum_POS_36832_3,The sense of history is immense in this place & it is quite easy to imagine the terror the gladiators must have faced .,March,2016,March,2016,John H,United Kingdom,Europe,female,3,1,male,92
352485351_4,Colosseum_POS_37127_4,"There is a park in front of it at the top , give it a look from there too Absolutely no Doubt best monument in the World , should just be valorised more like the whole area of the city historic centre .",March,2016,March,2016,AmanK1,United Kingdom,Europe,male,3,1,male,9
350711417_3,Colosseum_POS_37358_3,Simply walking through this huge amphitheater is such a rewarding experience .,February,2016,February,2016,Simina31,Romania,Europe,female,3,1,female,94
342413046_2,Colosseum_POS_38312_2,"it is beautiful , its so seriously part of our history on this planet !",January,2016,January,2016,WillGrace2013,Canada,North America,male,4,2,male,90
342413046_3,Colosseum_POS_38312_3,"Blown away , with its beauty and the area what it contains !",January,2016,January,2016,WillGrace2013,Canada,North America,male,4,2,male,90
339732656_1,Colosseum_POS_38564_1,IThis monument is a theater built by the old Romans and amazes its state of preservation after many hundreds of years .,November,2015,January,2016,Fernando F,Italy,Europe,female,1,1,male,9
339084828_1,Colosseum_POS_38632_1,This remarkable and beautiful monument was constructed during the Fabian dynasty by its three emperors .,October,2015,January,2016,Anjan G,India,Asia,female,3,1,male,9
330109124_1,Colosseum_POS_39597_1,Excellent historical remains and can only admire the ingenuity of past architects and builders .,November,2015,December,2015,Bernard B,United Kingdom,Europe,female,1,1,male,96
330109124_3,Colosseum_POS_39597_3,Location gives excellent approach from Piazza Venusian so there is plenty of photographic opportunities .,November,2015,December,2015,Bernard B,United Kingdom,Europe,female,3,1,male,96
330028356_2,Colosseum_POS_39604_2,There are no words to describe the splendour of this piece of Rome's history .,November,2015,November,2015,geoff d,United Kingdom,Europe,male,1,1,male,96
330028356_5,Colosseum_POS_39604_5,Excellent inside plenty of information but it is just the enormity of the place itself that is overwhelming .,November,2015,November,2015,geoff d,United Kingdom,Europe,male,1,1,male,96
327972926_2,Colosseum_POS_39853_2,"Apart from that , the Colosseum is of course a priceless historical building , almost 20 centuries old .",November,2015,November,2015,Hendrik_NL,Netherlands,Europe,male,1,1,male,920
327055364_3,Colosseum_POS_39973_3,The way they have preserved and presented the history is very impressive .,December,2014,November,2015,pasang123,Nepal,Asia,male,3,1,female,9
326366099_2,Colosseum_POS_40065_2,There were a lot of signs in English giving information and explainations .,October,2015,November,2015,Reginald S,United States,North America,female,3,1,male,93
326366099_3,Colosseum_POS_40065_3,The stairs are steep and maybe not good if you are not in some sort of shape .,October,2015,November,2015,Reginald S,United States,North America,female,1,1,male,93
326048921_1,Colosseum_POS_40126_1,"Much larger than it looks in the pictures , an amazing structure .",November,2015,November,2015,Barry_Johnston,Australia,Oceania,male,3,1,male,9
324465225_2,Colosseum_POS_40360_2,You still get enough space to soak up the stories and history .,July,2015,November,2015,MirjanaJov,Australia,Oceania,male,2,0,female,9
324465225_3,Colosseum_POS_40360_3,"Our guide , Margarita , was a gem and shared so much knowledge .",July,2015,November,2015,MirjanaJov,Australia,Oceania,male,4,2,female,9
323367343_1,Colosseum_POS_40526_1,"With a history dating back to 3000 BC , the Colosseum is without doubt the most iconic structure still standing though destroyed to a great extent , which shows the power and might of the Roman Empire .",October,2015,October,2015,RiPhilTom,India,Asia,female,1,1,male,9
323367343_2,Colosseum_POS_40526_2,"Colosseum is an architectural marvel , a mammoth structure which gave rise to building stadiums around the world today .",October,2015,October,2015,RiPhilTom,India,Asia,female,3,1,male,9
322700094_1,Colosseum_POS_40637_1,"Of course its crowded with other turist , hords of selfiestick-sellers ( in the area , not inside the Collosseo ) but totally worth it !",May,2015,October,2015,nilam_74,Sweden,Europe,female,3,1,female,9
321211645_2,Colosseum_POS_40880_2,The sense of history is amazing and the fact it was built in only eight years never ceases to amaze me .,October,2015,October,2015,james h,United Kingdom,Europe,female,3,1,male,94
318729285_5,Colosseum_POS_41390_5,Pictures do not give you the full story so you must pay a visit to truly appreciate this iconic building .,September,2015,October,2015,Alison G,United Kingdom,Europe,female,1,1,female,98
318373654_2,Colosseum_POS_41469_2,Quite a bit of renovation taking place on the outside but does not detract from its appearance .,September,2015,October,2015,Mike W,United Kingdom,Europe,male,1,1,male,98
318373654_3,Colosseum_POS_41469_3,"Lots of street traders selling selfie sticks and generally making a nuisance of themselves and , of course , the legionaries in their authentic plastic armour ( one or two of whom were wearing trainers ) !",September,2015,October,2015,Mike W,United Kingdom,Europe,male,1,1,male,98
318327439_2,Colosseum_POS_41479_2,"Tour guide was excellent and we learned a lot about the construction , the number of slaves who died building it , the short length of time gladiators actually fought here etc .",September,2015,October,2015,Jen1196533,Canada,North America,male,3,1,female,9
315783064_1,Colosseum_POS_41873_1,"The colosseum combined with its neighbors , forum and palatine hill , are so full of history - not the boring stuff in a book but history that still lives in these ruins .",September,2015,October,2015,ClayEggl,Georgia,Asia,female,1,1,male,9
315087703_1,Colosseum_POS_41972_1,It just seems its impossible to think that the architecture and complicated structures were built thousands of years ago .,September,2015,September,2015,brenda d,United Kingdom,Europe,female,1,1,female,9
314824361_2,Colosseum_POS_42008_2,"Visiting the Colloseum was not on my list of things to do but , once inside , I was surprised and amazed at its size and the architectural and engineering marvel that it is .",September,2015,September,2015,Ted G,Canada,North America,female,3,1,male,93
314824361_3,Colosseum_POS_42008_3,"Our guide not only helped us understand the design principles and history of the building , but also the political and social context of the times .",September,2015,September,2015,Ted G,Canada,North America,female,3,1,male,93
314824361_4,Colosseum_POS_42008_4,"Particularly interesting was the description of the plumbing beneath the Coloseum and how the entertainment was organized with props , animals and fighters popping up through the floor .",September,2015,September,2015,Ted G,Canada,North America,female,3,1,male,93
311473184_2,Colosseum_POS_42461_2,it is a very nice and beautiful historic place to visit .,August,2015,September,2015,aline901,Lebanon,Asia,male,4,2,female,9
310751130_1,Colosseum_POS_42537_1,The Colosseum let us you admire the grandeur of the Roman Empire .,February,2015,September,2015,OscarRodz,Puerto Rico,North America,female,3,1,male,9
309890011_2,Colosseum_POS_42629_2,There is an amazing sense of history here and although I had seen many pictures of the building before nothing prepared me for size of this wonderful place .,September,2015,September,2015,Carol1911,United Kingdom,Europe,female,3,1,female,91
306403699_2,Colosseum_POS_42983_2,What the Romans built over 2000 years ago will surely amaze you .,September,2015,September,2015,Bruce L,Canada,North America,male,3,1,male,9
305557321_1,Colosseum_POS_43067_1,How can this place still stand there after thousands of years .,August,2015,September,2015,JosePablin,Australia,Oceania,male,2,0,male,92
302262596_4,Colosseum_POS_43368_4,"This is a place with such an exciting , although bloody history that is a perfect example of Roman culture and it is amazing how the structure is still standing after 2000 years .",August,2015,August,2015,Rachel E,United Kingdom,Europe,male,4,2,female,9
297317221_5,Colosseum_POS_43796_5,"Thank you , Alex and Joy of Rome for a very interesting morning and a thorough introduction to the history of the area .",July,2015,August,2015,Kevin W,Canada,North America,male,3,1,male,9
296989500_12,Colosseum_POS_43823_12,There was also a water tap ( as is usual throughout Rome ) so thankfully we were able to refill our water bottles inside the venue .,August,2015,August,2015,Angela P,United Kingdom,Europe,female,1,1,female,9
294357899_2,Colosseum_POS_44036_2,Just thinking about everything that has happened there makes it interesting .,August,2014,July,2015,kenth n,Sweden,Europe,female,2,0,male,94
294357899_3,Colosseum_POS_44036_3,The construction work as well as the tearing down and reusing portions of the the building is impressive .,August,2014,July,2015,kenth n,Sweden,Europe,female,3,1,male,94
293521271_4,Colosseum_POS_44104_4,Clearly security has not been very good over the years because there are marks of vandalism throughout as well as general human disrespect .,May,2015,July,2015,DacyScores,Georgia,Asia,male,1,1,female,9
292907198_1,Colosseum_POS_44155_1,Our family was totally blown away with the size & history of events that have taken place in the Colosseum .,July,2015,July,2015,Lisa G,Australia,Oceania,male,1,1,female,9
289794936_1,Colosseum_POS_44408_1,"This is an absolute must do , its a fascinating view of ancient Rome !",September,2014,July,2015,EloiseSam13,United Kingdom,Europe,female,3,1,female,9
286925544_2,Colosseum_POS_44670_2,Sitting on benches that once held the clever Romans of old is indeed an awe inspiring experience .,August,2014,July,2015,Becky292,United Kingdom,Europe,male,3,1,female,9
286925544_2,Colosseum_POS_44680_2,Sitting on benches that once held the clever Romans of old is indeed an awe inspiring experience .,August,2014,July,2015,Becky292,United Kingdom,Europe,male,3,1,female,9
286652539_1,Colosseum_POS_44713_1,"Despite seeing any number of movies based upon ancient Rome , my imagination is barely able to conceive of the events that have taken place in the Colosseum in Roman history .",May,2015,July,2015,Gerald P,United Kingdom,Europe,female,1,1,male,98
286652539_2,Colosseum_POS_44713_2,It is also difficult to grasp the architectural and construction capabilities of the Romans .,May,2015,July,2015,Gerald P,United Kingdom,Europe,female,1,1,male,98
281275238_1,Colosseum_POS_45373_1,The colosseum is a one of a kind and deserves a good tour to properly appreciate the history of this amazing building .,May,2015,June,2015,dan j,Canada,North America,male,4,2,male,93
278754567_3,Colosseum_POS_45636_3,"The colosseum was my first off , the architecture & history this landmark offers is truly amazing , I did not know it had sails to provide shade for spectators .",May,2015,June,2015,DianeB1699,Australia,Oceania,female,1,1,female,99
278645431_3,Colosseum_POS_45647_3,It was a very hot day so the only thing inside we missed was chilled drinking water .,June,2015,June,2015,Riaz981,Australia,Oceania,male,2,0,male,9
278645431_4,Colosseum_POS_45647_4,We saw quite a bit of shops that were selling souvenirs and books related to colosseum but would have been good if they had a shop that sold drinks too .,June,2015,June,2015,Riaz981,Australia,Oceania,male,1,1,male,9
278608305_2,Colosseum_POS_45651_2,Our guide was a retired Anthropology Professor from the university of Rome who was able to bring the ruins to life .,August,2014,June,2015,Brian_Mairs,Canada,North America,female,1,1,male,93
278432329_1,Colosseum_POS_45677_1,"Having seen this piece of architectural wizardry created some 2000 years ago mainly on TV , it was magnificent to be able to view and touch this place in person .",May,2015,June,2015,Allan D,Australia,Oceania,male,3,1,male,9
278432329_2,Colosseum_POS_45677_2,it is size alone makes you wonder how they got it right during construction .,May,2015,June,2015,Allan D,Australia,Oceania,male,3,1,male,9
275592433_2,Colosseum_POS_45927_2,Take care of booking a guided tour or do some background history reading to appreciate the vastness of this place .,May,2015,May,2015,Rishikesh_Pravasi,India,Asia,male,2,0,male,94
274380212_2,Colosseum_POS_46037_2,"The structure stands right there for around 2,000 years and has seen kings , queens , wars and nature thrills .",January,2015,May,2015,AmitRajpal03,India,Asia,male,3,1,male,9
272387733_1,Colosseum_POS_46226_1,"Just stand speechless in front of this civilization statue , it represents thousands of years and tells you how human were thinking before , obviously better than now - D .",June,2014,May,2015,Mohammed Ala'a A,Iraq,Asia,male,1,1,male,9
271635818_5,Colosseum_POS_46282_5,"Souveniers and fast food is available , but outside the Colosseum .",May,2015,May,2015,DaveMay2015,United Kingdom,Europe,male,3,1,male,9
266764385_6,Colosseum_POS_46643_6,"The Colosseum is a must see for anybody , simply magnificent .",April,2015,April,2015,Scott E,United Kingdom,Europe,female,3,1,male,9
266658101_1,Colosseum_POS_46650_1,"The Colosseum is a must see , it is truly amazing .",February,2015,April,2015,Breda M,Ireland,Europe,male,4,2,female,9
263348497_1,Colosseum_POS_46936_1,"Beautiful historical monument but unfortunately still in construction , hopefully will be completelly restored in a few months .",March,2015,April,2015,FotiniPapa,Greece,Europe,female,1,1,female,97
260353835_1,Colosseum_POS_47124_1,"To walk in history and dream of the life in Rome was amazing , After , we walked about the ruins outside of the Colosseum and so much beauty .",April,2014,March,2015,Gregory404,Georgia,Asia,male,3,1,male,9
244457769_1,Colosseum_POS_48283_1,It was very impressive that they managed such a huge building so many years ago .,December,2014,December,2014,tana142,United Kingdom,Europe,female,4,2,male,91
240384464_1,Colosseum_POS_48600_1,Listen to the audio to appreciate the history and soak up the atmosphere of the Colosseum .,November,2014,November,2014,Julie M,United Kingdom,Europe,male,2,0,female,95
239490496_4,Colosseum_POS_48685_4,"The Colosseum is amazing , an awesome sight and the history is amazing .",November,2014,November,2014,989TinaW,United Kingdom,Europe,female,4,2,female,98
239490496_7,Colosseum_POS_48685_7,"I think the authorities should consider time entrances , as there were far to many people in there .",November,2014,November,2014,989TinaW,United Kingdom,Europe,female,1,1,female,98
235103753_3,Colosseum_POS_49093_3,Bring a water bottle along - there are several places to fill them .,September,2014,October,2014,Vista888,Canada,North America,male,2,0,female,95
228316597_4,Colosseum_POS_49671_4,"We spent at least three hours here and you could even spend an entire half day looking around because NOT only is there the interior to visit with all the different views and photo opts , but all along the inside halls , there are sooo many exhibits with ruins and explanations of the history , and art , statues , etc , that you really can not miss this either !",October,2013,September,2014,Leesa G,France,Europe,male,0,2,female,92
228316597_6,Colosseum_POS_49671_6,"I LOVE the Colloseum , it is truly an amazing and awe-inspiring place to step foot into !",October,2013,September,2014,Leesa G,France,Europe,male,3,1,female,92
227555724_2,Colosseum_POS_49739_2,History oozes from the place and you feel the sense of magnitude from the place .,September,2014,September,2014,ruud1,Ireland,Europe,male,3,1,male,92
226603692_1,Colosseum_POS_49828_1,The design and construction are truly inspiring and outstanding when considered against modern capabilities .,October,2013,September,2014,JimB34,United Kingdom,Europe,female,4,2,male,91
226603692_2,Colosseum_POS_49828_2,"Good and informative tours are available , at busy times there can be queues .",October,2013,September,2014,JimB34,United Kingdom,Europe,female,3,1,male,91
226603692_3,Colosseum_POS_49828_3,"Some of the associated carriage rides , refreshments and photo opportunities detract from its magnificence in my view .",October,2013,September,2014,JimB34,United Kingdom,Europe,female,1,1,male,91
213191422_2,Colosseum_POS_50854_2,"But the most impressive thing about the visit is the experience of walking around this place and recalling its history , and the lives which were lost there , all for the sake of panem et circenses meaning caesars power - retention practices ) .",April,2014,July,2014,naza2005,Spain,Europe,male,3,1,female,90
213191422_2,Colosseum_POS_50864_2,"But the most impressive thing about the visit is the experience of walking around this place and recalling its history , and the lives which were lost there , all for the sake of panem et circenses meaning caesars power - retention practices ) .",April,2014,July,2014,naza2005,Spain,Europe,male,3,1,female,90
192189367_5,Colosseum_POS_52456_5,The Colosseum successfully takes you back to an ancient world of gladiators - loved it !,August,2013,January,2014,OwenR905,Australia,Oceania,male,4,2,male,96
177415186_1,Colosseum_POS_54100_1,"All words are said about it , Its a wonderful experience !",September,2013,September,2013,Olga G,Portugal,Europe,male,4,2,female,91
169454411_4,Colosseum_POS_54937_4,"I also was astounded at the level of planning involved with fountains at every level , latrines with running water at ground level , an artificial wooden floor covered by sand and 2 levels under ground where the stage props , animals and slaves were kept .",July,2013,July,2013,vit666,United Kingdom,Europe,male,1,1,male,99
163837632_1,Colosseum_POS_55654_1,One can not fail to be impressed by the size and history attached to the Colosseum .,May,2013,June,2013,PatriciaM224,Australia,Oceania,male,1,1,female,91
159817482_5,Colosseum_POS_56227_5,"please go well-stocked with water etc , as the nearby stalls sell water & eating stuff at a very high-price .",May,2013,May,2013,ShailendraB504,India,Asia,male,1,1,male,92
159817482_6,Colosseum_POS_56227_6,He can speak various languages and very well versed with the history & facts .,May,2013,May,2013,ShailendraB504,India,Asia,male,3,1,male,92
154273715_1,Colosseum_POS_56798_1,The sense of history and majesty of this wonder of the world is truly felt .,,,March,2013,Gafferz,United Kingdom,Europe,male,3,1,male,94
154273715_2,Colosseum_POS_56798_2,Gazing down at the ruins from the second story you get a real sense of what ancient Romans must have felt during games .,,,March,2013,Gafferz,United Kingdom,Europe,male,1,1,male,94
142184419_4,Colosseum_POS_58085_4,How it is still standing after all ths time is a testament to those involved in its construction .,September,2012,October,2012,TravelManagerLoveIt,Australia,Oceania,female,2,0,female,96
141915461_2,Colosseum_POS_58133_2,This majestic building still has enough standing to take you back a couple of thousand years .,September,2012,October,2012,JustTravelAnywhere,Australia,Oceania,male,1,1,male,98
140829703_1,Colosseum_POS_58293_1,How did they lift some of those blocks In its present state you can see the various layers and visualise what it must have been like when full of spectators .,September,2012,September,2012,PaulMar59,United Kingdom,Europe,male,2,0,male,98
140829703_2,Colosseum_POS_58293_2,Plenty of steps but there is a lift for the elderley / disabled .,September,2012,September,2012,PaulMar59,United Kingdom,Europe,male,1,1,male,98
140228058_14,Colosseum_POS_58368_14,"Oh , yes , and please be careful crossing the streets in Rome !",September,2012,September,2012,Lu-AnnR,United States,North America,male,1,1,female,94
136379090_4,Colosseum_POS_58810_4,"Instead I have something even more memorable , my own imagination coupled with the factual information .",March,2012,August,2012,Kate A,United Kingdom,Europe,male,3,1,female,96
136077329_1,Colosseum_POS_58845_1,"We were there on a pretty crowded , sunny day but the place is big and there is lots of room .",October,2011,August,2012,BartMBart,Canada,North America,male,1,1,male,98
136077329_3,Colosseum_POS_58845_3,"it is hard not to be amazed , given the huge piece of history of the place .",October,2011,August,2012,BartMBart,Canada,North America,male,1,1,male,98
134088162_1,Colosseum_POS_59199_1,"Although the story of the Colosseum is gory , one has to marvel at the structure .",June,2012,July,2012,LinSouthAfrica,South Africa,Africa,female,3,1,female,90
121751284_2,Colosseum_POS_61175_2,the place is always crowded and food in the nearby stores are very expensive .,December,2011,December,2011,Sunkissedguy,Philippines,Asia,male,1,1,male,93
