611201195_18,MachuPicchu_NEG_11_18,Too many entries are delivered every day at prices that are really shocking .,August,2018,August,2018,Sylvain M,Switzerland,Europe,male,2,0,male,63
524486733_3,MachuPicchu_NEG_20_3,it is a pretty good road with a gravel surface and many tight hairpins on a very steep hill .,August,2017,September,2017,CatharineTE,United Kingdom,Europe,female,3,1,female,43
257548653_3,MachuPicchu_NEG_56_3,"The town is also a lawless jungle with restaurant menus that sometimes include taxes , others do not , some include tips , others do not , etc , And then you have the ruins .",June,2014,March,2015,Benoit45,Peru,South America,male,1,1,male,50
210984035_3,MachuPicchu_NEG_62_3,We walked out of two eating places because the food was too dismal to even think about serving to your dog .,June,2014,June,2014,Gerhard7,United Kingdom,Europe,male,1,1,male,68
145252270_1,MachuPicchu_NEG_68_1,"The carriages are very smart and air conditioned , and the toilets are decent .",November,2012,November,2012,MarkLawrence33,United Kingdom,Europe,male,3,1,male,66
588220639_2,MachuPicchu_NEU_19_2,"There are lots of ups and downs in the site which is not surprising as it is built on the top of a hill , but there are also lots of flat areas .",April,2018,June,2018,Fiona1110,Australia,Oceania,male,1,1,female,72
588220639_3,MachuPicchu_NEU_19_3,"It was quite hot when we were there and no water or food was available in the site , which is quite dangerous .",April,2018,June,2018,Fiona1110,Australia,Oceania,male,1,1,female,72
570224950_2,MachuPicchu_NEU_20_2,But for a truth's sake here's couple of minuses there is no free map available .,March,2018,April,2018,Alexander_random,Canada,North America,female,1,1,male,55
525572336_2,MachuPicchu_NEU_28_2,Wear light clothing but layering and a hat plus a comfortable shoe .,September,2017,September,2017,Nur2012,Cambodia,Asia,male,3,1,female,83
497023008_8,MachuPicchu_NEU_35_8,"Mind you , impressive works of various styles and to me , different builders , leaving you with unique inspiration and thought .",June,2017,June,2017,Michael M,Colombia,South America,male,4,2,male,50
427184150_4,MachuPicchu_NEU_50_4,The second drawback is Aguas Callientes - a real touristy dump full of garish shops / market stalls selling tat and tacky over-priced restaurants .,October,2016,October,2016,Gordon2112,United Kingdom,Europe,male,1,1,male,601
427184150_5,MachuPicchu_NEU_50_5,There are also many steep climbs in hot sunshine to look forward to .,October,2016,October,2016,Gordon2112,United Kingdom,Europe,male,1,1,male,601
427184150_15,MachuPicchu_NEU_50_15,Out tour round MP followed a standard course - there are signs directing the flow of people and signs warning against any deviation .,October,2016,October,2016,Gordon2112,United Kingdom,Europe,male,1,1,male,601
318568847_13,MachuPicchu_NEU_81_13,"Aguas Calientes ( where hostels , hotels and restaurants are located ) is of course also very touristy so everything is a bit more pricey as well .",September,2015,October,2015,AnniCatti,Germany,Europe,female,1,1,female,81
680677399_1,MachuPicchu_POS_110_1,"Noting the amazing achievements of the Inka's to build in this location , the scenery all around is amazing , let alone the historical significance of this sanctuary .",May,2019,June,2019,David_Tracey,United Kingdom,Europe,male,3,1,male,45
675300027_5,MachuPicchu_POS_144_5,We walked around visiting all the different spots with fantastic and interesting history & stories by our guide .,May,2019,May,2019,Debbie S,Australia,Oceania,male,4,2,female,40
671730294_1,MachuPicchu_POS_168_1,"Amazing destination with magnificent views , astonishing history and opportunity to understand something about the Inca culture .",April,2019,May,2019,john o,Australia,Oceania,male,3,1,male,52
661665181_2,MachuPicchu_POS_198_2,"it is impressive what the Inca did with this place , how they got all the stones together as those are very heavy .",March,2019,March,2019,SummerCloudWang,Japan,Asia,female,3,1,female,4
660633068_3,MachuPicchu_POS_201_3,"Everything was amazingly excellent , hotels , our tour guide Franco from Peru Best Holidays , train rides , markets , food , Pisco Sour and Peruvian people .",March,2019,March,2019,Jarmila S,Canada,North America,female,4,2,female,4
656785188_2,MachuPicchu_POS_213_2,This incredible Incan relic still holds much of its original architecture and is incredibly well maintained and preserved .,February,2019,March,2019,WilliamThomas,United Kingdom,Europe,male,4,2,male,4644
644620024_1,MachuPicchu_POS_290_1,Visiting Machu Picchu was such a highlight of my Peru tour !,September,2018,January,2019,JanieL235,Georgia,Asia,male,1,1,female,7
644620024_2,MachuPicchu_POS_290_2,I was able to experience it on a bright sunny afternoon with a local guide that was so knowledgeable about the history of the Inca people .,September,2018,January,2019,JanieL235,Georgia,Asia,male,3,1,female,7
643981099_1,MachuPicchu_POS_296_1,We all have seen tons of pictures of Machu Picchu and we have an idea of how beautiful and majestic it is .,December,2018,January,2019,AndreaGambadoro,United Kingdom,Europe,male,3,1,female,70
633384827_1,MachuPicchu_POS_357_1,"So much has been said about this amazing place , and all of it is true .",September,2018,November,2018,Niel M,South Africa,Africa,male,3,1,male,46
633384827_3,MachuPicchu_POS_357_3,"Truly mindblowing , and easy to see why it is one of the New Seven Wonders of the World .",September,2018,November,2018,Niel M,South Africa,Africa,male,3,1,male,46
630678130_1,MachuPicchu_POS_382_1,"After hiking for days and then seeing this stunning display of history , engineering and over-all beauty it just simply made me weep ( quietly ) .",October,2018,November,2018,Lori D,Georgia,Asia,male,3,1,female,43
630678130_2,MachuPicchu_POS_382_2,To see how the inka put together such a community in a remote place makes you appreciate the people of the time .,October,2018,November,2018,Lori D,Georgia,Asia,male,3,1,female,43
630591551_1,MachuPicchu_POS_383_1,"Nothing prepares you for this place , it is just beautiful , you feel so much peace and magic everywhere .",December,2017,November,2018,AnaAdrianaBrent,United Kingdom,Europe,male,4,2,female,4
629131639_9,MachuPicchu_POS_391_9,"There were so many people , there were not enough guides anyway .",October,2018,October,2018,Tom B,Georgia,Asia,male,1,1,male,65
620177491_1,MachuPicchu_POS_457_1,"Amazing , truly awesome , This is a must see to really appreciate the history .",June,2018,September,2018,Maggie O,Australia,Oceania,male,3,1,female,96
620177491_4,MachuPicchu_POS_457_4,"Not for people who are not fit , for there are lots of steps to take .",June,2018,September,2018,Maggie O,Australia,Oceania,male,1,1,female,96
616491859_5,MachuPicchu_POS_484_5,"I was struck by how tidy and organise the site was , had the thatched roofs been on it would have looked very like a reasonably modern town !",July,2018,September,2018,Susan A,United Kingdom,Europe,male,1,1,female,92
616491859_6,MachuPicchu_POS_484_6,"It was highly organised , with areas for worship , town council , residential etc .",July,2018,September,2018,Susan A,United Kingdom,Europe,male,1,1,female,92
609369031_3,MachuPicchu_POS_520_3,The entire setting is magnificent and you can not help but ponder with wonder how it was constructed .,August,2018,August,2018,HowSoonIsNow3,United States,North America,female,3,1,male,45
608683575_5,MachuPicchu_POS_524_5,"It was surprisingly easy to navigate the area , no very steep steps or difficult pathways , and although there was a steady stream of people there was more than enough space for all of us , and room to take pictures without crowds of people in them .",August,2018,August,2018,Denise C,Belize,North America,female,1,1,female,98
608683575_8,MachuPicchu_POS_524_8,"Note that there are no bathroom facilities or food in the sanctuary , so you have to take care of that before you go in .",August,2018,August,2018,Denise C,Belize,North America,female,1,1,female,98
600162654_4,MachuPicchu_POS_555_4,"Restaurants , cafes and souvenir stores were not opened at the time , neither was the toilet near the entrance , There is a place for luggage storage as well .",May,2018,July,2018,TekTeh,Malaysia,Asia,female,1,1,male,63
600162654_11,MachuPicchu_POS_555_11,There were Llamas on some of these terraces but there were roped to prevent tourist from entering .,May,2018,July,2018,TekTeh,Malaysia,Asia,female,1,1,male,63
600162654_13,MachuPicchu_POS_555_13,"Wondering its purpose , how the almost impossible tasks of building is planned and executed !",May,2018,July,2018,TekTeh,Malaysia,Asia,female,1,1,male,63
600162654_18,MachuPicchu_POS_555_18,"This time around , the crowd is bigger and at times , you can the terraces filled with people .",May,2018,July,2018,TekTeh,Malaysia,Asia,female,3,1,male,63
590892903_2,MachuPicchu_POS_617_2,There was only one escort when we travelled and we were backpacking so stayed in one of the many hostels .,July,2017,June,2018,WineDineRoadies,Canada,North America,male,1,1,female,59
587912810_7,MachuPicchu_POS_637_7,"There were some steep sections , but plenty places to stop and rest along the hike !",June,2018,June,2018,Christine L,Georgia,Asia,male,1,1,female,5
583318222_1,MachuPicchu_POS_665_1,"Visiting Machu Picchu was just incredible , definitely the highlight of our Peru tour .",May,2018,May,2018,_abigail_tremblay,Canada,North America,male,3,1,female,6
579636252_2,MachuPicchu_POS_690_2,it is a wonder how the Inca build such a structure on the mountain .,October,2017,May,2018,Suzi_AR,Malaysia,Asia,male,3,1,female,5
579347138_1,MachuPicchu_POS_691_1,We hired a guide from Action Peru Treks and was fortunate enough to get Freddy who has a deep understanding of the culture and history of the Incas .,May,2018,May,2018,AshKaur,Malaysia,Asia,female,1,1,male,7
579347138_4,MachuPicchu_POS_691_4,"Freddy explained the history , the architecture , the flora and kept us motivated all the way .",May,2018,May,2018,AshKaur,Malaysia,Asia,female,1,1,male,7
579347138_6,MachuPicchu_POS_691_6,The views are spectacular and we even met a few friendly Llama on the way .,May,2018,May,2018,AshKaur,Malaysia,Asia,female,3,1,male,7
579347138_10,MachuPicchu_POS_691_10,He was also through in explaining the Incas civilization as we walked through Machu Picchu itself explaining all the temples and how was it thought to be used back in time .,May,2018,May,2018,AshKaur,Malaysia,Asia,female,1,1,male,7
579347138_11,MachuPicchu_POS_691_11,"He even pointed out the architecture , geology , astronomy and agriculture used during the Incas civilization which was fascinating .",May,2018,May,2018,AshKaur,Malaysia,Asia,female,1,1,male,7
576499079_3,MachuPicchu_POS_710_3,It is also nice being there that early because there are not as many tourists .,March,2018,April,2018,hurley_forever,Canada,North America,female,3,1,male,82
575950077_5,MachuPicchu_POS_713_5,Our guide from Alpaca Expeditions did a great job explaining the various significant features .,October,2017,April,2018,AdamWinnipeg,Canada,North America,female,3,1,male,54
572747401_1,MachuPicchu_POS_733_1,"Machu Picchu is a big mysterious site , an amazing combination of beautiful interesting archaeology , together with amazing natural scenery .",April,2018,April,2018,Leon B,Israel,Asia,male,4,2,male,41
572747401_2,MachuPicchu_POS_733_2,There is also something just about the general atmosphere and energy of the place .,April,2018,April,2018,Leon B,Israel,Asia,male,3,1,male,41
561216134_5,MachuPicchu_POS_810_5,"There is not anywhere to sit and eat a picnic , but this does keep the site clean and tidy .",August,2017,February,2018,Helen T,United Kingdom,Europe,female,1,1,female,4
555276070_2,MachuPicchu_POS_839_2,"Wonderful , magnificent , enjoyable , Unque , energy creater and over all , is one of the New Seven World Wonders .",January,2018,January,2018,Onder2015,Turkey,Asia,male,3,1,male,6
551022685_4,MachuPicchu_POS_876_4,Anyhow it is worth visiting and imagining how could the Quechuas were able to build such a magnificent place so high on the mountains .,December,2017,January,2018,Martha N,Japan,Asia,male,3,1,female,54
549740402_6,MachuPicchu_POS_886_6,"It is very nice and deluxe , yet has the distinction ( good or bad ) of being the only thing there when the park closes at 5:00 pm .",December,2017,December,2017,Brandon C,Canada,North America,female,3,1,male,751
549740402_11,MachuPicchu_POS_886_11,"It is a fine place to stay , yet does not offer much other than lodging and a lot of oft-tacky souvenir shops .",December,2017,December,2017,Brandon C,Canada,North America,female,3,1,male,751
549740402_12,MachuPicchu_POS_886_12,At the entrance there is a place to leave bags / jackets ( the weather is not always predictable ) as well as washrooms .,December,2017,December,2017,Brandon C,Canada,North America,female,1,1,male,751
546256847_3,MachuPicchu_POS_913_3,To view the ancient city of the Incas is an experience we will not forget .,December,2017,December,2017,sasha2ChattanoogaTn,Mexico,North America,male,1,1,female,53
545629402_1,MachuPicchu_POS_919_1,"Words can not describe just how awesome this place is , the incans totally blow my mind and being at this site was so humbling .",October,2017,December,2017,alison_in_w0nderland,United Kingdom,Europe,male,1,1,female,46
545629402_2,MachuPicchu_POS_919_2,"Learning how the incans built the city , the temples and fascinating .",October,2017,December,2017,alison_in_w0nderland,United Kingdom,Europe,male,3,1,female,46
539270866_2,MachuPicchu_POS_973_2,Also put on plenty of insect repellent as the bugs will bite .,October,2017,November,2017,Olli S,United States,North America,female,1,1,male,60
538994658_4,MachuPicchu_POS_979_4,The history of the Incas was fascinating and the wonders of their architecture and astronomical knowledge truly awesome .,October,2017,November,2017,GraemeR41,Australia,Oceania,male,3,1,male,80
538539797_3,MachuPicchu_POS_986_3,We had a guide with the four of us and this made a huge difference as the different aspects of this amazing city were explained in detailed to us .,October,2017,November,2017,Dan_Explorateur,Canada,North America,male,3,1,male,73
538207821_7,MachuPicchu_POS_992_7,"Machu Picchu itself is just breathtaking , words can not really describe the feeling and emotion seeing this remarkable place .",November,2017,November,2017,Jenny J,Australia,Oceania,male,4,2,female,4
538207821_9,MachuPicchu_POS_992_9,"If you need a guide I highly recommend Abel , he will help you along the way and his knowledge of these incredible ruins is outstanding .",November,2017,November,2017,Jenny J,Australia,Oceania,male,4,2,female,4
527425468_4,MachuPicchu_POS_1108_4,"It is one of those amazing and memorable times in my life when everything seems to snap into place , and that moment arrives with an unbelievable outcome .",August,2017,September,2017,Bruce H,Australia,Oceania,female,3,1,male,737
521422354_1,MachuPicchu_POS_1163_1,"I am stunned at the individuals who state no major ordeal or what is the attraction , This is an epitome to understand how the Mayan civilization would think and act .",July,2017,September,2017,David S,United Kingdom,Europe,female,1,1,male,9
517443175_2,MachuPicchu_POS_1198_2,I arrived at 3pm and there were less than 100 people there !,August,2017,August,2017,Jenny C,United Kingdom,Europe,male,2,0,female,51
511975468_12,MachuPicchu_POS_1237_12,"The shops along the hill open early and sell coffee , water , souvenirs etc ( There is even a restaurant which sells access to its toilets for a few soles ) .",August,2017,August,2017,MandA2012,Canada,North America,male,1,1,female,95
506897068_3,MachuPicchu_POS_1285_3,The temperature was cold as the nights and mornings are very cold in the winter season .,July,2017,July,2017,Tia20,Canada,North America,male,1,1,female,48
506897068_5,MachuPicchu_POS_1285_5,Good hiking shoes with ankle support and great grip are very important .,July,2017,July,2017,Tia20,Canada,North America,male,3,1,female,48
506897068_9,MachuPicchu_POS_1285_9,There are so many places to walk with gorgeous viewpoints everywhere !,July,2017,July,2017,Tia20,Canada,North America,male,3,1,female,48
506310680_12,MachuPicchu_POS_1289_12,Definitely worth the experience and gives a totally different perspective of Machu Picchu !,July,2017,July,2017,Dave B,United Kingdom,Europe,male,4,2,male,75
501316432_1,MachuPicchu_POS_1327_1,Amazing place when you think about how people build this and lived here .,June,2017,July,2017,Bert W,Netherlands,Europe,male,3,1,male,99
496453321_2,MachuPicchu_POS_1374_2,"And there is plenty of hassle and expense involved , so start early and PLAN !",November,2016,June,2017,33JeffP,Puerto Rico,North America,male,1,1,male,74
494792327_2,MachuPicchu_POS_1392_2,"The environment , surroundings and the site per se are one of a kind , breahtaking and unique !",June,2017,June,2017,Juliet_Z_79,Austria,Europe,male,4,2,female,6
494792327_9,MachuPicchu_POS_1392_9,"Above all , a great experience along with this place having earned its right to be called one of the seven worlds of the world .",June,2017,June,2017,Juliet_Z_79,Austria,Europe,male,3,1,female,6
494741489_5,MachuPicchu_POS_1393_5,there is something about the richness of history and the knowledge of how long it is been there that is very humbling .,July,2016,June,2017,Cathy_Cl,Belgium,Europe,male,1,1,female,41
493958985_6,MachuPicchu_POS_1402_6,"We have our IPhones , our laptops but they are so rich in art and culture .",June,2017,June,2017,geetanjali770,India,Asia,male,3,1,female,5
489348575_6,MachuPicchu_POS_1457_6,There were a lot of people but it was quiet and peaceful .,May,2017,May,2017,Alissa D,Canada,North America,male,2,0,female,45
485130580_3,MachuPicchu_POS_1525_3,To see first hand what the Incas were able to do in terms of architecture and water engineering in pre-colonial times is simply astonishing .,April,2017,May,2017,Gerardo O,Canada,North America,male,3,1,male,52
484278704_14,MachuPicchu_POS_1535_14,"Ollantaytambo Machu Picchu by trainnice , trains are super clean and sexy .",October,2016,May,2017,David H,Czechia,Europe,male,1,1,male,46
480664958_6,MachuPicchu_POS_1579_6,The ruins are very interesting to explore and the Alpacas on site are very friendly .,April,2017,May,2017,Bianca B,Germany,Europe,male,3,1,female,5
474662172_1,MachuPicchu_POS_1640_1,"Feeling truly blessed to be able to see this amazing place , Machu Pichu - the Lost City of the Incas .",April,2017,April,2017,chak1014,India,Asia,male,3,1,male,80
474662172_2,MachuPicchu_POS_1640_2,"To understand and appreciate the place , it is better to have a guide explain the place , its history and each of the structures and their functions .",April,2017,April,2017,chak1014,India,Asia,male,3,1,male,80
474423170_3,MachuPicchu_POS_1641_3,It left me breathless at its beauty and on such a high from the unique spirituality of the site .,March,2017,April,2017,borysSNORC,Australia,Oceania,male,3,1,male,7
474423170_4,MachuPicchu_POS_1641_4,I have trouble articulating how important and amazing this place is .,March,2017,April,2017,borysSNORC,Australia,Oceania,male,3,1,male,7
473146301_1,MachuPicchu_POS_1665_1,It was such a great feeling to finally step foot on this citadel and experience the grandeur of it all .,March,2017,April,2017,Fun L,Australia,Oceania,female,4,2,female,8
473138052_3,MachuPicchu_POS_1666_3,"We spent most of the morning exploring and wondering through this ancient place , as we had some lunch at the gate where the restaurants are .",January,2017,April,2017,Danny T,Canada,North America,female,1,1,male,52
472996953_5,MachuPicchu_POS_1667_5,He is a walking Wikipedia and is versed in all phases of ancient Inca life .,March,2017,April,2017,Shann501,Georgia,Asia,male,1,1,female,5
472996953_6,MachuPicchu_POS_1667_6,He made this marvelous place come alive for us and challenged our group to think about its history and the life as it would have been .,March,2017,April,2017,Shann501,Georgia,Asia,male,3,1,female,5
469943543_8,MachuPicchu_POS_1696_8,"I recommend taking energy bars and coca candy with you ( and water , obviously ) .",October,2016,March,2017,Vianney R,Honduras,North America,female,2,0,male,6
468257332_1,MachuPicchu_POS_1716_1,Words and photos can not express its true magnificence and magical quality .,March,2017,March,2017,RayS519,Canada,North America,male,1,1,male,54
468257332_3,MachuPicchu_POS_1716_3,"Our guide was fantastic , and provided crucial information about the sites , the incas .",March,2017,March,2017,RayS519,Canada,North America,male,3,1,male,54
464368249_1,MachuPicchu_POS_1747_1,No words can really explain how amazing this world heritage site is !,March,2017,March,2017,Stephanie782013,Canada,North America,female,3,1,female,55
456544608_12,MachuPicchu_POS_1827_12,We enjoyed free drinks of Pisco sours or Coca tea depending on ones taste .,November,2016,February,2017,Steve F,Canada,North America,male,1,1,male,59
456544608_20,MachuPicchu_POS_1827_20,There are hundreds of terraces that apparently were for experimental horticulture where plants from other regions were cultivated and the seeds sent out to the Incan farmers .,November,2016,February,2017,Steve F,Canada,North America,male,1,1,male,59
456544608_21,MachuPicchu_POS_1827_21,"Alvin , our guide was of the opinion that the true purpose of Machu Picchu was as a trade center .",November,2016,February,2017,Steve F,Canada,North America,male,3,1,male,59
456544608_35,MachuPicchu_POS_1827_35,"According to studies , experts believe that the Killke culture built the older sections of the site approximately 1,000 years ago .",November,2016,February,2017,Steve F,Canada,North America,male,1,1,male,59
456544608_36,MachuPicchu_POS_1827_36,"What is an interesting fact here is that the Inca themselves believed the site was constructed by an earlier unnamed race of people led by a mighty God , who descended from the skies .",November,2016,February,2017,Steve F,Canada,North America,male,1,1,male,59
456544608_37,MachuPicchu_POS_1827_37,"How their ancestors managed to cut , lift transport and place into position stones that weigh hundreds of tons remains a profound archaeological mystery .",November,2016,February,2017,Steve F,Canada,North America,male,2,0,male,59
456544608_38,MachuPicchu_POS_1827_38,"After Sacsayhuaman , We visited the Cusco Cathedral where Alvin pointed out how Incan artisans had modified some of the religious paintings and sculptures they created for the Spanish masters .",November,2016,February,2017,Steve F,Canada,North America,male,1,1,male,59
456544608_39,MachuPicchu_POS_1827_39,For example dressing the Madonna such that she represented the Mountains worshiped by the Inca .,November,2016,February,2017,Steve F,Canada,North America,male,2,0,male,59
456544608_40,MachuPicchu_POS_1827_40,"One painting of Christ on the cross gave the Christ figure the traditional European face , but the body of a woman to represent mother nature .",November,2016,February,2017,Steve F,Canada,North America,male,2,0,male,59
456544608_42,MachuPicchu_POS_1827_42,"Whether you hike the Inca trail , or take a more sedate trip as I did , this is a must for anyone who has a love for beautiful landscapes , history , archaeology culture and adventure .",November,2016,February,2017,Steve F,Canada,North America,male,2,0,male,59
453771732_3,MachuPicchu_POS_1857_3,Also note there is both a museum and botanical garden at the bottom of the mountain .,January,2017,January,2017,Warren P,Canada,North America,male,1,1,male,40
453771732_5,MachuPicchu_POS_1857_5,In so doing I encountered some of workmen working on the maintenance of the road corners and surface .,January,2017,January,2017,Warren P,Canada,North America,male,2,0,male,40
453771732_6,MachuPicchu_POS_1857_6,Watching them wield their mammoth sledge hammers drives home once more the amazing human labor that Machu Picchu was and still is .,January,2017,January,2017,Warren P,Canada,North America,male,3,1,male,40
453341608_2,MachuPicchu_POS_1863_2,You will be amazed at what the Incas have built with what little technology they had .,June,2016,January,2017,mickey_524,Philippines,Asia,female,2,0,male,6
453341608_3,MachuPicchu_POS_1863_3,"The more you learn about the place , the more fascinated you become .",June,2016,January,2017,mickey_524,Philippines,Asia,female,3,1,male,6
452587034_3,MachuPicchu_POS_1873_3,"It irradiates a positive energy the make us feel great , beautiful plants and orchids , a lot of hummingbirds of diferente types , it has so many attractive features that makes a great experience .",January,2017,January,2017,fllanos,Thailand,Asia,male,4,2,female,7
452561767_4,MachuPicchu_POS_1874_4,I can only admire it and realize how this Incas jewel was hidden from being looted by the Spanish conquerors in the past .,October,2016,January,2017,GeorgeBij,Slovenia,Europe,male,3,1,male,41
452561767_5,MachuPicchu_POS_1874_5,"Even today , visit to this site needs some planning because of its remoteness and management handling .",October,2016,January,2017,GeorgeBij,Slovenia,Europe,male,1,1,male,41
452561767_13,MachuPicchu_POS_1874_13,"Since the site - visit takes at least a couple of hours , it is recommended to have light food and drink ( chocolate , fruit bars and water along with you .",October,2016,January,2017,GeorgeBij,Slovenia,Europe,male,3,1,male,41
450860634_1,MachuPicchu_POS_1890_1,it is really unbelievable that how people have idea of like this construction that time in this high place .,January,2017,January,2017,Mehedi44,Guatemala,North America,male,1,1,male,58
450860634_2,MachuPicchu_POS_1890_2,Who have ability to travel I think he most to watch this wonder in the world .,January,2017,January,2017,Mehedi44,Guatemala,North America,male,3,1,male,58
450035596_1,MachuPicchu_POS_1895_1,And the number of tourists do not detract from the transcendent ambiance of standing amidst these ruins .,December,2016,January,2017,JackM291,Spain,Europe,female,1,1,male,74
446060110_12,MachuPicchu_POS_1939_12,"One tip is wear repellant , There are sand flys that rip your legs apart , Its incredibly itchy and they look gross .",December,2016,December,2016,Daniel C,Ireland,Europe,male,0,2,male,47
446060110_18,MachuPicchu_POS_1939_18,"A point on the hostels , They do not provide toilet paper , So buy some bog roll !",December,2016,December,2016,Daniel C,Ireland,Europe,male,1,1,male,47
446060110_36,MachuPicchu_POS_1939_36,Its a new wonder of the world and deserves that title completely !,December,2016,December,2016,Daniel C,Ireland,Europe,male,4,2,male,47
443189965_1,MachuPicchu_POS_1969_1,"This site has been on our bucket list for a number of years , it is impressive that a city was built on the top of a mountain !",December,2016,December,2016,Andrew S,South Africa,Africa,male,4,2,male,51
438160867_4,MachuPicchu_POS_2042_4,"There are the cloud covered mountains , the feeling of mystery and majesty , and the amazing architecture that rivals anything ancient pyramid .",October,2016,November,2016,Joseph H,United States,North America,male,3,1,male,41
432307685_1,MachuPicchu_POS_2123_1,"Your spirit & soul have reached nirvanaIf there is one place on earth you should visit it is Machu Picchu , A stunning relationship between human culture & nature .",August,2016,October,2016,marie_ashworth,Australia,Oceania,female,3,1,female,46
432307685_2,MachuPicchu_POS_2123_2,"Dramatic landscape encompassing the amazing feat of 200 structures making up this majestic religious , ceremonial , astronomical & agricultural city .",August,2016,October,2016,marie_ashworth,Australia,Oceania,female,3,1,female,46
426456192_3,MachuPicchu_POS_2207_3,There are clouds of nasty mosquitoes or gnats that will bite every inch of your exposed skin .,September,2016,October,2016,Alex K,United States,North America,male,1,1,male,9
426123312_2,MachuPicchu_POS_2211_2,"In many ways Machu Picchu , in real life , met and exceeded my expectations .",September,2016,October,2016,SheriHendsbee,Canada,North America,male,1,1,female,96
426123312_12,MachuPicchu_POS_2211_12,And this was NOT the height of the tourist season there .,September,2016,October,2016,SheriHendsbee,Canada,North America,male,1,1,female,96
426123312_32,MachuPicchu_POS_2211_32,"There are NO bathrooms on site , no matter where you are , and there are whistle blowing guards posted around to prevent tourists from dashing into the bushes .",September,2016,October,2016,SheriHendsbee,Canada,North America,male,0,2,female,96
426123312_34,MachuPicchu_POS_2211_34,"But they are clean , they have seats and toilet paper , and there are many stalls , so the lineups are not bad .",September,2016,October,2016,SheriHendsbee,Canada,North America,male,1,1,female,96
426123312_35,MachuPicchu_POS_2211_35,"Bring plenty of water , sunscreen , a hat and sunglasses .",September,2016,October,2016,SheriHendsbee,Canada,North America,male,3,1,female,96
426123312_36,MachuPicchu_POS_2211_36,The light is intense up there and the site has very little shade .,September,2016,October,2016,SheriHendsbee,Canada,North America,male,3,1,female,96
426123312_37,MachuPicchu_POS_2211_37,"I would bring food , too , as there is only one cafeteria style place outside the main gates and it is EXCEPTIONALLY expensive !",September,2016,October,2016,SheriHendsbee,Canada,North America,male,1,1,female,96
426123312_42,MachuPicchu_POS_2211_42,"Everywhere on site there are uneven , often very short-treaded , narrow steps that are sometimes polished by the passage of many feet .",September,2016,October,2016,SheriHendsbee,Canada,North America,male,1,1,female,96
426123312_43,MachuPicchu_POS_2211_43,"Many steps have a lot of exposure , with steep drop offs .",September,2016,October,2016,SheriHendsbee,Canada,North America,male,3,1,female,96
426123312_54,MachuPicchu_POS_2211_54,There are areas with steep drop offs and plenty of exposure .,September,2016,October,2016,SheriHendsbee,Canada,North America,male,3,1,female,96
420733406_1,MachuPicchu_POS_2277_1,"During our 4 day walk on the Inca Trail , with Quechua Treks Peru , we learnt a lot about the Incas , walked on the stone paths that they had constructed , and visited a lot of the ruins that comprised part of their network of power .",July,2016,September,2016,MandyRog33,Australia,Oceania,male,0,2,female,50
420733406_5,MachuPicchu_POS_2277_5,"He made the Incas come alive , so that we understood a little more about this city , that was not a city , than we otherwise would have .",July,2016,September,2016,MandyRog33,Australia,Oceania,male,1,1,female,50
420733406_6,MachuPicchu_POS_2277_6,"Although this is a fantastic place , the journey along the Inca Trail made it even better .",July,2016,September,2016,MandyRog33,Australia,Oceania,male,3,1,female,50
418328624_12,MachuPicchu_POS_2307_12,There are toilets at the entry but not inside the site .,August,2016,September,2016,Judith G,Australia,Oceania,male,1,1,female,78
414102847_1,MachuPicchu_POS_2361_1,"But , there are far too many people going now and not enough buses or food seats to cater for everyone .",August,2016,September,2016,Wayne S,Australia,Oceania,male,1,1,male,50
414102847_3,MachuPicchu_POS_2361_3,It badly badly needs a large set of cable cars and more restaurant and toilet areas .,August,2016,September,2016,Wayne S,Australia,Oceania,male,1,1,male,50
397972034_1,MachuPicchu_POS_2521_1,"It sounds corny , but this truly lives up to expectations .",July,2016,July,2016,Stuart B,United Kingdom,Europe,male,2,0,male,50
393399952_19,MachuPicchu_POS_2562_19,We ate the Packed food from the Hotel in the Train .,May,2016,July,2016,RahulRanjit,India,Asia,male,1,1,male,58
393399952_20,MachuPicchu_POS_2562_20,"There is a restaurant at the entrance , but it is expensive .",May,2016,July,2016,RahulRanjit,India,Asia,male,1,1,male,58
392159102_8,MachuPicchu_POS_2569_8,"Bathrooms are only located on the outside of the gates and there is a small fee to use them , but they are impressively well-kept considering the location .",April,2016,July,2016,LauraF1984,Canada,North America,female,1,1,female,45
392159102_14,MachuPicchu_POS_2569_14,Having read a fairly detailed book beforehand I knew how much detail there was in the layout and planning of the city .,April,2016,July,2016,LauraF1984,Canada,North America,female,1,1,female,45
392159102_17,MachuPicchu_POS_2569_17,"Our guide Marco was so proud of his Quechua heritage , he was very eager to share his knowledge with us and I am so glad he did .",April,2016,July,2016,LauraF1984,Canada,North America,female,3,1,female,45
387485470_3,MachuPicchu_POS_2639_3,There is no washroom inside the park and no food is allowed .,June,2016,June,2016,Henryc,Canada,North America,female,1,1,male,8
387485470_9,MachuPicchu_POS_2639_9,Overall this park is very organized for handling large volume of visitors .,June,2016,June,2016,Henryc,Canada,North America,female,2,0,male,8
385164780_13,MachuPicchu_POS_2675_13,"The final section of the trail is downhill , and involves many steep steps ( not so easy on tired legs but the views of the ruins unfolding before us made the effort worthwhile .",October,2015,June,2016,Bob E,Turkey,Asia,female,0,2,male,7
385003179_2,MachuPicchu_POS_2683_2,"We walked throughout the ruins , there were an exceptional amount of fellow traveler's and the site was crowded .",April,2016,June,2016,Michael M,Canada,North America,female,0,2,male,7
374951107_3,MachuPicchu_POS_2902_3,"In 1450 the new Sapa Inca Pachacuti had Machu Picchu built as a retirement sacred place for the Divine Sapa Inca Viracocha , his father but also the only ruling God that showed cowardice .",March,2016,May,2016,AleLira,Peru,South America,male,1,1,male,57
374951107_4,MachuPicchu_POS_2902_4,"Viracocha will spend the rest of his life with adequate service in the city that after his death will just keep his mummy and be forgotten as the retirement place of the only coward Inca , the city of shame .",March,2016,May,2016,AleLira,Peru,South America,male,0,2,male,57
374951107_6,MachuPicchu_POS_2902_6,"This oblivion protected Machu Picchu and eventhough locals new of the remains it was Hiram Binghams expedition that made the remains known to the world , though part of the story is not always known .",March,2016,May,2016,AleLira,Peru,South America,male,1,1,male,57
374951107_7,MachuPicchu_POS_2902_7,I learned it from true descendants of the Inca that carry their true history as part of their soul .,March,2016,May,2016,AleLira,Peru,South America,male,3,1,male,57
374706722_14,MachuPicchu_POS_2926_14,"By the way I spent 2 nights in aguas calientes , plenty of hotels for backpackers and a few hotels for less relax travelers like my self .",June,2015,May,2016,MauricioRN,Pakistan,Asia,male,1,1,male,4
374196062_1,MachuPicchu_POS_2936_1,This travel group has been around for 30 years and really has their act together .,May,2016,May,2016,Lynne P,United States,North America,male,3,1,female,44
373552710_3,MachuPicchu_POS_2945_3,There were lots of other tourists following the routes around the citadel .,March,2016,May,2016,pepper1802,Australia,Oceania,female,1,1,female,7
370733354_10,MachuPicchu_POS_2981_10,A truly amazing place that lived up to my very high expectations .,April,2016,May,2016,722sally,United Kingdom,Europe,male,4,2,female,5
368742842_1,MachuPicchu_POS_3005_1,"Impossible to be disappointed in this place , combining astonishing made made feats with a stunning natural setting .",February,2016,April,2016,Mischa K,Australia,Oceania,female,1,1,female,68
368742842_10,MachuPicchu_POS_3005_10,"A tiny town with functioning Inca drainage , overlooked by several fortress ruins with their own historic significance .",February,2016,April,2016,Mischa K,Australia,Oceania,female,2,0,female,68
368742842_14,MachuPicchu_POS_3005_14,it is a tourist town with loads of restaurants and crappy souvenirs .,February,2016,April,2016,Mischa K,Australia,Oceania,female,1,1,female,68
367404826_7,MachuPicchu_POS_3028_7,The town below MP is nice but no need to stay there too long .,April,2016,April,2016,Amir2000,Israel,Asia,male,1,1,male,7
367404826_8,MachuPicchu_POS_3028_8,"However , if you are there it is friendly and very accommodating ( yet boring ) .",April,2016,April,2016,Amir2000,Israel,Asia,male,2,0,male,7
367011455_2,MachuPicchu_POS_3035_2,The sight is well maintained apart from the increasing signs of sinking at several locations .,April,2016,April,2016,NathAdventures,Australia,Oceania,male,3,1,male,40
364511319_5,MachuPicchu_POS_3067_5,"The blurb says no drinking eating or walking sticks , however water is allowed and sticks also .",March,2016,April,2016,Glors,Australia,Oceania,female,1,1,male,63
363623994_3,MachuPicchu_POS_3079_3,The mornings are very busy and the money shot photo spots are very crowded .,April,2016,April,2016,Simon R,United Kingdom,Europe,male,1,1,male,84
354041304_4,MachuPicchu_POS_3191_4,There are many steps but the scenery around the Andes is amazing .,January,2016,March,2016,Jackie M,Australia,Oceania,female,3,1,male,82
353204361_1,MachuPicchu_POS_3201_1,"what can i say , of course it is an amazing place .",January,2016,March,2016,michael s,Thailand,Asia,male,3,1,male,6
342895747_1,MachuPicchu_POS_3321_1,Machu Picchu is a unique and mysterious ancient Incan city in the mountains .,January,2016,January,2016,AshH124,Australia,Oceania,female,3,1,male,74
340518435_3,MachuPicchu_POS_3358_3,You will be rewarded with the amazing city of the Incas .,March,2015,January,2016,Edwin P,Sweden,Europe,male,3,1,male,8
340518435_4,MachuPicchu_POS_3358_4,it is mind blowing how such a city was ever constructed up in the mountains .,March,2015,January,2016,Edwin P,Sweden,Europe,male,3,1,male,8
340518435_5,MachuPicchu_POS_3358_5,Machu Picchu is truly amazing and a real treasure left behind by the Incas .,March,2015,January,2016,Edwin P,Sweden,Europe,male,3,1,male,8
338714310_2,MachuPicchu_POS_3385_2,We practically were the only ones there due to a light rain and people's hunger .,April,2015,January,2016,George H,Canada,North America,male,2,0,male,5
337712536_4,MachuPicchu_POS_3402_4,His english was perfect and he surprised us by his knowledge .,November,2015,January,2016,Bibiana T,Slovakia,Europe,male,3,1,female,5
337252814_4,MachuPicchu_POS_3410_4,Nevertheless it is still a place with interesting history and great cultural insights .,December,2015,January,2016,syndromicgirl,Singapore,Asia,female,3,1,female,76
337134395_2,MachuPicchu_POS_3412_2,"WARNING - there are a lot of sheer drops off the side of the mountain , narrow sections and uneven ( some wobbly ) steps !",December,2015,January,2016,Stephanie H,Canada,North America,male,1,1,female,5
336627439_2,MachuPicchu_POS_3419_2,I would also recommend bug repellent as there are many biting flies .,February,2015,January,2016,Joe K,Germany,Europe,male,1,1,male,54
336627439_3,MachuPicchu_POS_3419_3,Wear comfortable shoes preferably sneakers as the ground is uneven in many places .,February,2015,January,2016,Joe K,Germany,Europe,male,1,1,male,54
332949605_1,MachuPicchu_POS_3484_1,"One of the Wonders of the World , mysterious , spiritual and incredible !",September,2015,December,2015,Pablito360,Malta,Europe,male,3,1,male,8
325566105_4,MachuPicchu_POS_3615_4,"Transfers , tours , hotels , guides and recommendations were all spot on .",November,2015,November,2015,Jennifer K,Australia,Oceania,female,1,1,female,5
325116148_5,MachuPicchu_POS_3624_5,It is amazing to see what the Inca people have accomplished in building this complex .,September,2015,November,2015,HelenNoel23,Canada,North America,male,4,2,female,46
322600503_5,MachuPicchu_POS_3664_5,"Food available , which was buffet style & pretty good & free drink .",October,2015,October,2015,Stuart S,United Kingdom,Europe,male,3,1,male,50
321598279_5,MachuPicchu_POS_3687_5,"This vast area is well maintained , there great walls , terraces and ramps where the stone work meets exactly , you will need a guide to explain all the various buildings and the affect an earthquake had on the area , its so quite all you can hear are the tour guides voices and people puffing and blowing as they climb the steps of which there are many .",October,2015,October,2015,ling1931,United Kingdom,Europe,male,2,0,female,86
320465959_2,MachuPicchu_POS_3707_2,Farmers burning grass led to high levels of smoke and ash .,October,2015,October,2015,GerryHannaP,Canada,North America,male,3,1,male,53
319915326_7,MachuPicchu_POS_3720_7,The scenery was out of this world and it felt so exhilarating seeing it by bike .,October,2015,October,2015,StephSuriyanon,United Kingdom,Europe,female,3,1,male,4
319915326_12,MachuPicchu_POS_3720_12,"We stopped at a great place within the Andes , sampling real cocoa beans with honey , real coffee , coca leaves and got to dress up in some traditional costumes , this was a real highlight .",October,2015,October,2015,StephSuriyanon,United Kingdom,Europe,female,3,1,male,4
319915326_22,MachuPicchu_POS_3720_22,"The entire trip was incredible , and I can not emphasise enough how well Fredy looked after us , his knowledge on Inca history and his enthusiasm for it is captivating , we learned a lot over our 4 days with him .",October,2015,October,2015,StephSuriyanon,United Kingdom,Europe,female,3,1,male,4
319901738_11,MachuPicchu_POS_3722_11,"All in all , nothing I could write here will accurately describe how incredible this place is .",October,2015,October,2015,Richard D,United Kingdom,Europe,female,2,0,male,4
319760407_5,MachuPicchu_POS_3725_5,The loos are clean and there is a storage room for large backpacks .,October,2015,October,2015,Zena36,Spain,Europe,male,1,1,female,89
317637607_1,MachuPicchu_POS_3749_1,"I am so glad the Spanish never found Machu Picchu , left intact for all of us to enjoy and marvel at this amazing architectural feat .",October,2015,October,2015,JohnAbrahams2015,Australia,Oceania,female,1,1,male,4
317637607_6,MachuPicchu_POS_3749_6,"This is how we should design things today , complete harmony with nature and using nature to your advantage .",October,2015,October,2015,JohnAbrahams2015,Australia,Oceania,female,1,1,male,4
317637607_9,MachuPicchu_POS_3749_9,"The hotels we stayed at during our whole trip were excellent , I would say the standout hotel was the Inkaterra El Pueblo .",October,2015,October,2015,JohnAbrahams2015,Australia,Oceania,female,3,1,male,4
317163787_3,MachuPicchu_POS_3757_3,"Please wear sunscreen ( the sun is deceiving behind the clouds ) mosquito repellant , and bring a hat , water and snack .",October,2015,October,2015,Cindy C,Canada,North America,male,1,1,female,61
317163787_6,MachuPicchu_POS_3757_6,Use the bathroom before entering the gates as there are no bathrooms inside !,October,2015,October,2015,Cindy C,Canada,North America,male,1,1,female,61
317163787_8,MachuPicchu_POS_3757_8,We had a lovely buffet lunch at the Sanctuary Hotel next to the ruins .,October,2015,October,2015,Cindy C,Canada,North America,male,1,1,female,61
316181006_1,MachuPicchu_POS_3776_1,It is everything everyone has ever said about it and more .,September,2015,October,2015,Alexis606,United States,North America,male,2,0,female,4
316051864_5,MachuPicchu_POS_3778_5,"Lots of mosquitoes , so be ready with some repellent and sunblock .",September,2015,October,2015,Larissa P,Puerto Rico,North America,female,1,1,female,60
315328161_2,MachuPicchu_POS_3797_2,The train is clean and you get service like an airplane with free drink and snack .,September,2015,October,2015,Cow3girl,Georgia,Asia,female,3,1,female,76
307112849_2,MachuPicchu_POS_3933_2,"Breathtaking views , interesting commentaries about the beliefs of the Andean people .",September,2015,September,2015,CaroleG484,Canada,North America,male,3,1,female,45
304608737_3,MachuPicchu_POS_3967_3,"Now from a practical standpoint , bring water , snacks and very good shoes .",August,2015,August,2015,Laurence_Brussels,Canada,North America,male,3,1,male,91
304565126_3,MachuPicchu_POS_3969_3,We saw loads of visitors eating and it was not stopped by the wardens .,August,2015,August,2015,Debora A,Germany,Europe,male,1,1,female,58
304563254_2,MachuPicchu_POS_3970_2,Really can not fathom how they could built a structure on the top of a mountain but not communicate why it was built ( it is only 500 years ago ) .,July,2015,August,2015,Vicki S,Australia,Oceania,male,1,1,female,87
304563254_3,MachuPicchu_POS_3970_3,"On the side of the mountain facing Machu Picchu there are obviously terraces but it does not seem to have been excavated , just what is located there ?",July,2015,August,2015,Vicki S,Australia,Oceania,male,1,1,female,87
304387958_7,MachuPicchu_POS_3976_7,"There are no toilet on Machu Picchu , but with your ticket , you can go the the restaurant and toilets near the entrence !",August,2015,August,2015,Hans V,Belgium,Europe,male,1,1,male,46
303231292_1,MachuPicchu_POS_3998_1,It is really amazing how the Inka's put those stone together .,September,2014,August,2015,82olen,Denmark,Europe,male,4,2,male,54
303163403_4,MachuPicchu_POS_3999_4,Scenery throughout is spectacular and we visited many ruins and learnt much about Inca civilisation before we reached Machu Picchu itself .,May,2015,August,2015,Mickie J,South Africa,Africa,female,2,0,female,53
299322901_3,MachuPicchu_POS_4067_3,"Amazing Guide , amazing porters and amazing friends that you make along hte journey .",July,2015,August,2015,sheila992,United Kingdom,Europe,female,4,2,female,4
295971366_4,MachuPicchu_POS_4116_4,Bring a hat and lots of water and ensure you have applied plenty of sunscreen as the sun will reveal itself early and is quite fierce .,August,2015,August,2015,JudiQ191,Australia,Oceania,male,3,1,female,88
294323607_12,MachuPicchu_POS_4137_12,"8 ) Wear hiking boots , heavy socks , and a hiking pole for stability while climbing all those ancient lumpy boulders , not smooth modern steps !",July,2015,July,2015,Theodore H,United States,North America,male,1,1,male,41
293173991_6,MachuPicchu_POS_4152_6,But this natural beauty is matched and magnified by the incredible beauty and ingenuity of the stonework and architecture of the Inca builders .,June,2015,July,2015,Jaime B,Belize,North America,male,4,2,male,4
293173991_8,MachuPicchu_POS_4152_8,"Pisac , the Sacred Valley , the River Urubamba , indigenous cultures , arts and crafts , alpaca clothing , local animals , and foods , provide any visitor with unique experiences that will last a lifetime .",June,2015,July,2015,Jaime B,Belize,North America,male,4,2,male,4
293173991_9,MachuPicchu_POS_4152_9,"Cusco , with its well preserved Spanish colonial architecture built on top of Inca foundations is a city worth several days of exploration .",June,2015,July,2015,Jaime B,Belize,North America,male,3,1,male,4
293173991_11,MachuPicchu_POS_4152_11,The feast entails a parade of saints from all the churches in the area around the main square Plaza de Armas at the end of which they return to their respective churches .,June,2015,July,2015,Jaime B,Belize,North America,male,1,1,male,4
293173991_12,MachuPicchu_POS_4152_12,"A wild communal party then breaks out with the entire plaza and surrounding strees having block parties full of music , drinks , and local food .",June,2015,July,2015,Jaime B,Belize,North America,male,1,1,male,4
293173991_13,MachuPicchu_POS_4152_13,"There are no public restrooms in the streest leading to the Cathedral so be prepared to see people urinating on side atreets , etc .",June,2015,July,2015,Jaime B,Belize,North America,male,1,1,male,4
293173991_14,MachuPicchu_POS_4152_14,But Corpus Christi and other local festivals are well worth experiences and I would recommend to anyone interested in local culture and who wants an idea of what religious festivals looked like hundreds of years ago .,June,2015,July,2015,Jaime B,Belize,North America,male,3,1,male,4
290576181_3,MachuPicchu_POS_4197_3,The only thing I disliked about this place was there is NO BATHROOM inside .,June,2015,July,2015,ZeCheeseMaster,Canada,North America,male,1,1,male,78
290576181_5,MachuPicchu_POS_4197_5,"So make sure you pack enough water and snacks ( even though they prohibit you from bringing food in , it is not enforced at all ) .",June,2015,July,2015,ZeCheeseMaster,Canada,North America,male,1,1,male,78
290422420_1,MachuPicchu_POS_4201_1,What an absolute privilege to have an opportunity to visit and explore this beautiful site and country .,May,2015,July,2015,krystal117,United Kingdom,Europe,male,3,1,female,40
290422420_2,MachuPicchu_POS_4201_2,"Machu Picchu is amazing , so interesting and full of history and culture .",May,2015,July,2015,krystal117,United Kingdom,Europe,male,4,2,female,40
290422420_5,MachuPicchu_POS_4201_5,"You can not buy food on the site itself , and there is no toilets so make sure you go prepared .",May,2015,July,2015,krystal117,United Kingdom,Europe,male,1,1,female,40
290299520_7,MachuPicchu_POS_4204_7,"Imagine , you are in a place where thousands of years ago ancient Inka's lived their lives , did daily duties and lived as a functioning community .",July,2015,July,2015,CarolynL6,Australia,Oceania,male,2,0,female,50
290287495_1,MachuPicchu_POS_4205_1,There are few words to describe the cultural and historic significance of this first class world heritage site .,May,2015,July,2015,Karen G,Australia,Oceania,male,3,1,female,45
284166466_1,MachuPicchu_POS_4326_1,probably not the best Inca ( Technical ) construction but certainly with the most beautiful location .,July,2014,June,2015,EddySteurs,Belgium,Europe,male,3,1,male,9
283726615_4,MachuPicchu_POS_4332_4,Not many people as they were all in Cuzco celebrating the sun festivalTake lots of food with you .,June,2015,June,2015,Ruth b,Argentina,South America,male,1,1,female,52
283726615_5,MachuPicchu_POS_4332_5,there are no toilets / shops / shelters / or food outlets once you are through the entrance door .,June,2015,June,2015,Ruth b,Argentina,South America,male,1,1,female,52
282607448_8,MachuPicchu_POS_4355_8,Bring loads of water as it is expensive up at the site .,June,2015,June,2015,Kerryguy,Ireland,Europe,female,1,1,male,7
282061374_7,MachuPicchu_POS_4364_7,"Yes , there are also a fair number of other tourists but not overwhelming .",June,2015,June,2015,Kevin S,United Kingdom,Europe,male,1,1,male,612
281053983_4,MachuPicchu_POS_4383_4,The mountains are breath taking and the pure engineering that was needed to construct such a city with no machinery is truly inspiring .,March,2015,June,2015,32AndrewL,United Kingdom,Europe,male,4,2,male,7906
280984480_3,MachuPicchu_POS_4387_3,All the effort of the stairs and the tiredness of the walks disappear in front of the ruins .,June,2015,June,2015,Manuela E,United Kingdom,Europe,male,3,1,female,40
280984480_8,MachuPicchu_POS_4387_8,"Andy and the girls at the reception gave me advices of places to go - local restaurants , hot springs ( thermal water inka museums and others , The girls wanted me to go to some posh restaurant but I wanted to go where the local go .",June,2015,June,2015,Manuela E,United Kingdom,Europe,male,1,1,female,40
280984480_12,MachuPicchu_POS_4387_12,From the top was not really appealing because they seemed ponds - the colour of the water was green / brownish because of the minerals in the water .,June,2015,June,2015,Manuela E,United Kingdom,Europe,male,1,1,female,40
280963010_3,MachuPicchu_POS_4388_3,"Our room was not particularly nice , but there were other rooms that were fantastic .",May,2015,June,2015,Peg W,United States,North America,male,1,1,female,7
278585291_6,MachuPicchu_POS_4444_6,"It was very well organised , the site was well maintained too .",June,2015,June,2015,Vicky G,United Kingdom,Europe,female,3,1,female,69
275485986_11,MachuPicchu_POS_4520_11,It was not a heavy historical account but did explain much of the history .,May,2015,May,2015,WallyM64,Portugal,Europe,male,2,0,male,85
274461370_28,MachuPicchu_POS_4565_28,"Large backpacks ( over 25 litres ) and hiking sticks are not allowed , store these at the cloakroom .",May,2015,May,2015,BryanIce,United Kingdom,Europe,female,1,1,male,56
273920441_3,MachuPicchu_POS_4582_3,Walter did a great job of giving us an overview of the culture and knowledge of the Inca .,April,2015,May,2015,Joy M,United States,North America,male,3,1,female,5
273763050_2,MachuPicchu_POS_4590_2,I am still asking myself just how the Incas managed to build something so spectacular on such steep mountains .,April,2015,May,2015,phil5969,United Kingdom,Europe,male,3,1,male,9
271391385_5,MachuPicchu_POS_4643_5,"While in Aquas Callientes , do take advantage of the 5 pools of natural springs hot water .",January,2015,May,2015,Brittani F,Canada,North America,male,2,0,female,91
264292631_3,MachuPicchu_POS_4770_3,it is a breathtaking experience for anyone who love to see this historical Inca engineering .,,,April,2015,Panda J,Thailand,Asia,male,4,2,female,85
264292631_4,MachuPicchu_POS_4770_4,"Their believes , mathematic calculation and science are beyond anything anywhere in their time .",,,April,2015,Panda J,Thailand,Asia,male,3,1,female,85
263691126_4,MachuPicchu_POS_4775_4,Sometime its rainning enjoy the culture of Peru and its in UNESCO .,,,April,2015,Lily S,Thailand,Asia,male,3,1,female,41
263073527_9,MachuPicchu_POS_4787_9,"Toilets just outside the entrance - clean-ish , with toilet roll .",March,2015,April,2015,Sharon S,United Kingdom,Europe,male,1,1,female,70
263073527_16,MachuPicchu_POS_4787_16,"No space to sit and eat , so just eating in entrance area .",March,2015,April,2015,Sharon S,United Kingdom,Europe,male,1,1,female,70
263073527_17,MachuPicchu_POS_4787_17,"Otherwise they serve tea / coffee , croissants , sandwiches , quiches8 .",March,2015,April,2015,Sharon S,United Kingdom,Europe,male,1,1,female,70
263073527_18,MachuPicchu_POS_4787_18,"Dogs in entrance area fighting and causing havoc , also eyeing up our food .",March,2015,April,2015,Sharon S,United Kingdom,Europe,male,1,1,female,70
258176241_2,MachuPicchu_POS_4861_2,"He excelled in his knowledge , especially of the flora and fauna .",February,2015,March,2015,Maxine B,Oman,Asia,male,3,1,female,5
258176241_5,MachuPicchu_POS_4861_5,He has excellent local knowledge and a great interest in showing tourists the area .,February,2015,March,2015,Maxine B,Oman,Asia,male,4,2,female,5
258048024_3,MachuPicchu_POS_4864_3,"There is no denying it is memorable & a marvellous panoramic spectacle , however the whole area is too neat , tidy & too well preserved to feel any atmosphere .",January,2015,March,2015,simon m,United Kingdom,Europe,male,1,1,male,492
258048024_10,MachuPicchu_POS_4864_10,Plus as you are a captive market expect all the hotels & restaurants to consider you as a cash cow were most average prices are likely to have escalated .,January,2015,March,2015,simon m,United Kingdom,Europe,male,1,1,male,492
258048024_16,MachuPicchu_POS_4864_16,"Walking poles are useful , bring something to eat & plenty to drink , yes there is fertility's up there at a much inflated price , eg $ 8 for a bottle of water , a sun hat if you are lucky to see the sun , suntan cream , a good camera , good walking shoes or boots are essential .",January,2015,March,2015,simon m,United Kingdom,Europe,male,1,1,male,492
258048024_17,MachuPicchu_POS_4864_17,Bring your sense of humour most lots of plastic & then some .,January,2015,March,2015,simon m,United Kingdom,Europe,male,3,1,male,492
248864778_2,MachuPicchu_POS_4997_2,"If you eat at the Sanctuary Lodge , do not eat the fish !",January,2015,January,2015,Lyndy3187,Australia,Oceania,female,1,1,female,90
245252278_15,MachuPicchu_POS_5064_15,There are structures and temples and terraces up there and it is thought that maybe it was where the high priest lived - pretty fascinating .,December,2014,December,2014,Jeffery S,Canada,North America,male,3,1,male,48
245252278_16,MachuPicchu_POS_5064_16,"it is a crazy climb - there are stairs , steps and at times you are almost climbing completely vertically - but the stairs / steps are ancient and safety is a bit loose there are no railings and in some places there are good-sturdy cables / ropes to grab onto but not everywhere .",December,2014,December,2014,Jeffery S,Canada,North America,male,1,1,male,48
245252278_22,MachuPicchu_POS_5064_22,"We met people from all over the world , while up there .",December,2014,December,2014,Jeffery S,Canada,North America,male,1,1,male,48
245252278_23,MachuPicchu_POS_5064_23,Pretty incredible experience sitting on a mountain top and meeting all these people .,December,2014,December,2014,Jeffery S,Canada,North America,male,3,1,male,48
245252278_38,MachuPicchu_POS_5064_38,I had a protein + carb bar at the top too .,December,2014,December,2014,Jeffery S,Canada,North America,male,1,1,male,48
245252278_43,MachuPicchu_POS_5064_43,There were not a lot of people there and there were no lines for anything .,December,2014,December,2014,Jeffery S,Canada,North America,male,1,1,male,48
245252278_51,MachuPicchu_POS_5064_51,Food / Drink - you can take bottled water in to the site but they apparently do not allow food .,December,2014,December,2014,Jeffery S,Canada,North America,male,2,0,male,48
245252278_52,MachuPicchu_POS_5064_52,That said I took in some light snacks ( granola bars and protein bars ) .,December,2014,December,2014,Jeffery S,Canada,North America,male,1,1,male,48
245252278_54,MachuPicchu_POS_5064_54,I actually saw lots of people sitting down eating their snacks and none of the staff said anything .,December,2014,December,2014,Jeffery S,Canada,North America,male,1,1,male,48
245252278_62,MachuPicchu_POS_5064_62,it is like a park with lightly rolling hills and some well built stairs .,December,2014,December,2014,Jeffery S,Canada,North America,male,1,1,male,48
245252278_66,MachuPicchu_POS_5064_66,"Jeans , a t-shirt / sweater , and some good walking shoes that you have WARN IN and you are set .",December,2014,December,2014,Jeffery S,Canada,North America,male,1,1,male,48
245252278_75,MachuPicchu_POS_5064_75,- so many things in Peru are negotiable and so were the tour guides .,December,2014,December,2014,Jeffery S,Canada,North America,male,1,1,male,48
245252278_79,MachuPicchu_POS_5064_79,MAPS - there are maps of the site - but they do not really tell you much .,December,2014,December,2014,Jeffery S,Canada,North America,male,1,1,male,48
245252278_88,MachuPicchu_POS_5064_88,Snacks in Aguas Calientes - there are many many good snack shops and cafes ( with great coffee ) right along the street where the buses leave .,December,2014,December,2014,Jeffery S,Canada,North America,male,3,1,male,48
245252278_119,MachuPicchu_POS_5064_119,"Ollantaytambo - there are loads of restaurants , cafes , shops and the like to kill time there .",December,2014,December,2014,Jeffery S,Canada,North America,male,1,1,male,48
245252278_120,MachuPicchu_POS_5064_120,We went to the market just off the Plaza De Armas and bought some fruit and cheese and all those local things you are not supposed to eat .,December,2014,December,2014,Jeffery S,Canada,North America,male,1,1,male,48
245252278_125,MachuPicchu_POS_5064_125,VERY close to the Plaza De Armas and lots of bars / cafes / action .,December,2014,December,2014,Jeffery S,Canada,North America,male,1,1,male,48
245252278_128,MachuPicchu_POS_5064_128,A box of 20 pills is 30 soles ( I checked a few shops and the price was the same everywhere ) Some people just chew on coca leaves - those are pretty good too .,December,2014,December,2014,Jeffery S,Canada,North America,male,1,1,male,48
245176151_6,MachuPicchu_POS_5066_6,Really and truly breath taking - hard to describe - the photos say it all .,November,2014,December,2014,Linda S,Canada,North America,female,3,1,female,509
245176151_10,MachuPicchu_POS_5066_10,"There is very little shade and when the sun shines it is strong and hot - bring an umbrella for some instant shade and it is useful in the rain , too .",November,2014,December,2014,Linda S,Canada,North America,female,1,1,female,509
245176151_11,MachuPicchu_POS_5066_11,"There are very few places to sit and rest , and almost no-where to sit in the shade - bring water , sunscreen and a hat .",November,2014,December,2014,Linda S,Canada,North America,female,1,1,female,509
245176151_12,MachuPicchu_POS_5066_12,"The stone paths get very slippery when wet - wear solid , sensible shoes .",November,2014,December,2014,Linda S,Canada,North America,female,1,1,female,509
242752920_4,MachuPicchu_POS_5126_4,"Advise - comfy shoes and clothes , lot to walk and clamb .",February,2014,December,2014,KaterinaD608,Russian Federation,Europe,female,1,1,female,6
240749332_2,MachuPicchu_POS_5174_2,"and how great services from all the staff and team , specially the team at the Inca trail , they were so helpful and understanding .",October,2014,November,2014,Johan K,United Kingdom,Europe,male,3,1,male,6
240749332_4,MachuPicchu_POS_5174_4,"The Hotels were world class luxurious and guides were very professional and fluent in English , a very positive surprise .",October,2014,November,2014,Johan K,United Kingdom,Europe,male,3,1,male,6
240261696_2,MachuPicchu_POS_5183_2,It was one of the most incredible vacations I have every taken .,November,2014,November,2014,Delana W,United States,North America,female,3,1,female,7
237623930_2,MachuPicchu_POS_5262_2,I have been to dozens of major archeological locations ( several in Mexico ) and this ranks up there with many of those .,August,2014,November,2014,Don B,Peru,South America,male,3,1,male,68
236841771_6,MachuPicchu_POS_5278_6,The information guide says that you can not take food or drink into the site but many people did ( like us ) and had a picnic on the terraces overlooking the site .,September,2014,October,2014,Andrew W,Australia,Oceania,female,1,1,male,52
230131345_4,MachuPicchu_POS_5414_4,Incas have built their houses at a phenomenal height just to keep themselves away from the floods .,August,2014,September,2014,Bharat I,Australia,Oceania,male,3,1,male,72
230131345_5,MachuPicchu_POS_5414_5,"The stone houses of Incas , the temples of their five main gods and huge stadium where the Inca priest used to walk out when the constellation matches up to address the massive crowd of Incas , showed us their architectural brilliance .",August,2014,September,2014,Bharat I,Australia,Oceania,male,1,1,male,72
230131345_6,MachuPicchu_POS_5414_6,Inca religious beliefs were sounded very similar to the Hindu ones .,August,2014,September,2014,Bharat I,Australia,Oceania,male,1,1,male,72
228168487_1,MachuPicchu_POS_5452_1,it is hard to describe the feeling of such history embebed in the wonderful architectural gems surrounded by the beauty and magic of this place .,August,2014,September,2014,LiPiMiami,Morocco,Africa,female,3,1,female,59
228168487_2,MachuPicchu_POS_5452_2,"A very spiritual experience , hard not to feel like a particle in the middle of such grandness .",August,2014,September,2014,LiPiMiami,Morocco,Africa,female,3,1,female,59
215720937_4,MachuPicchu_POS_5684_4,Thirdly the site has its own limitation from food and drink outlet to restroom facility .,August,2013,July,2014,CharnP_13,Thailand,Asia,female,1,1,male,806
215720937_7,MachuPicchu_POS_5684_7,The next day we planned our revisit with proper clothing and food supply and spent the whole day exploring the whole site .,August,2013,July,2014,CharnP_13,Thailand,Asia,female,3,1,male,806
214571389_4,MachuPicchu_POS_5712_4,"Machu Picchu itself is totally wonderful , the stonework is unbelievable , incredible to think of the Incas building these structures without the benefit of modern machinery .",August,2013,July,2014,Denise S,New Zealand,Oceania,male,4,2,female,6
214571389_5,MachuPicchu_POS_5712_5,"Wandering the pathways that an ancient culture has wandered before you , feels like going back in time .",August,2013,July,2014,Denise S,New Zealand,Oceania,male,1,1,female,6
214571389_8,MachuPicchu_POS_5712_8,"Best to remember that this is an ancient city and therefore does not have the benefits of modern paths , and therein lies it is beauty .",August,2013,July,2014,Denise S,New Zealand,Oceania,male,2,0,female,6
213594494_2,MachuPicchu_POS_5730_2,Set in the mountain top of the rainforrest you can not fail to be be stunned by it is natural beauty and man made architecture .,May,2014,July,2014,David B,United Kingdom,Europe,male,1,1,male,5
213594494_3,MachuPicchu_POS_5730_3,A guide is essential to get the full history of the location .,May,2014,July,2014,David B,United Kingdom,Europe,male,3,1,male,5
213594494_5,MachuPicchu_POS_5730_5,Numbers of visitors are well controlled and the site is never crowded .,May,2014,July,2014,David B,United Kingdom,Europe,male,3,1,male,5
213411003_2,MachuPicchu_POS_5734_2,Machu Pichu was one of the great surprises I had in such a lovely country .,August,2013,July,2014,FernandaCS72,Netherlands,Europe,male,3,1,female,98
213370038_3,MachuPicchu_POS_5741_3,Our overnight Hotel was adequate and our food at the restaurant was extremely good .,May,2014,July,2014,Mike M,Australia,Oceania,male,3,1,male,41
213130355_3,MachuPicchu_POS_5749_3,"The hike is varied in scenery , standard and with some wonderful views .",January,2014,July,2014,Stephen B,United Kingdom,Europe,male,3,1,male,71
212250736_1,MachuPicchu_POS_5767_1,My wife & I went to Machu Picchu several years ago and we still talk about what an awesome and unique site it truly is .,July,2013,June,2014,Ronald P,United States,North America,female,3,1,male,44
212250736_4,MachuPicchu_POS_5767_4,We were in awe wondering how such a site could have been built long ago in the middle of nowhere .,July,2013,June,2014,Ronald P,United States,North America,female,1,1,male,44
212250736_6,MachuPicchu_POS_5767_6,"It was all so amazing , not to mention the incredible construction techniques used .",July,2013,June,2014,Ronald P,United States,North America,female,3,1,male,44
212250736_9,MachuPicchu_POS_5767_9,I understand there have been some changes since we were there to accommodate the greater numbers of people traveling to the area .,July,2013,June,2014,Ronald P,United States,North America,female,1,1,male,44
212204243_3,MachuPicchu_POS_5769_3,Lunch at Machu Picchu Santuary Lodge was extremely good and well need after walking around the site .,June,2014,June,2014,Janet M,United Kingdom,Europe,male,3,1,female,66
208114688_1,MachuPicchu_POS_5921_1,"Words simply can not describe the magic of the whole area , it was simply mind blowing .",May,2014,May,2014,Stephanie L,Australia,Oceania,male,1,1,female,6
208114688_2,MachuPicchu_POS_5921_2,We can seriously take note of how to combine architecture the surrounding nature and the emphasis of the sun .,May,2014,May,2014,Stephanie L,Australia,Oceania,male,2,0,female,6
208114688_7,MachuPicchu_POS_5921_7,"I stayed in some comfortable hotels , including the Casa Cartagena Boutique hotel in Cusco , a modern and stylish 5 star hotel , and the Inkaterra El Pueblo Machu Picchu hotel in Aguas Calientes which was simply divine .",May,2014,May,2014,Stephanie L,Australia,Oceania,male,3,1,female,6
208114688_8,MachuPicchu_POS_5921_8,"All guides for the Cusco City Tour , Sacred Valley tour and our guide Marcos for my Tour of Machu Picchu were all outstanding , pleasant and shared an indepth knowledge about the Incan culture and history , which was facinating .",May,2014,May,2014,Stephanie L,Australia,Oceania,male,1,1,female,6
208114688_10,MachuPicchu_POS_5921_10,"had some great meals throughout the trip , my favourite meal was the delicious buffet lunch at the Sanctuary lodge at a restaurant called Tinkay .",May,2014,May,2014,Stephanie L,Australia,Oceania,male,3,1,female,6
208114688_12,MachuPicchu_POS_5921_12,I bought some Sorroche pills which help relieve the effects along with plenty of water .,May,2014,May,2014,Stephanie L,Australia,Oceania,male,3,1,female,6
207765234_1,MachuPicchu_POS_5930_1,The beauty of this place has been expressed many many times before .,May,2014,May,2014,Paul E,Australia,Oceania,male,3,1,male,57
204229033_1,MachuPicchu_POS_6008_1,"Visiting Machu Picchu is definitely an amazing , once-in-a - lifetime experience , a major bucket list item !",April,2014,May,2014,SusanGanPhotography,Australia,Oceania,female,4,2,female,63
204229033_28,MachuPicchu_POS_6008_28,"Last of all , I recommend that you dress for a wide range of weather options .",April,2014,May,2014,SusanGanPhotography,Australia,Oceania,female,3,1,female,63
200217155_10,MachuPicchu_POS_6080_10,"Restrooms - Obviously there are no restrooms in the park , but there is one at the entrance .",April,2014,April,2014,Meredith C,United States,North America,male,1,1,female,54
199290164_2,MachuPicchu_POS_6091_2,Nice picnic area with cafe - we took our own food but were told that the food was good .,March,2014,March,2014,lorelie f,United Kingdom,Europe,male,3,1,female,61
196846054_5,MachuPicchu_POS_6125_5,"The town below it is very very touristic , many hotels , restraints and cafs about .",,,March,2014,gethyn84,United Kingdom,Europe,male,1,1,male,45
194168522_1,MachuPicchu_POS_6161_1,"Take a camera , water , a few snacks or sandwich and good hiking boots !",,,February,2014,James O,Canada,North America,female,3,1,male,46
192666241_1,MachuPicchu_POS_6191_1,"A must for anybody who has a bucket list , may not have been the most advanced culture in the world , but the site has something magical about it .",January,2014,January,2014,Paul A,United Kingdom,Europe,male,3,1,male,70
191936619_4,MachuPicchu_POS_6203_4,"We spend the day there and visited many other small trails to Puente Inka and Templo de la luna , etc .",August,2013,January,2014,Jennifer I,Canada,North America,male,1,1,female,9
189778718_3,MachuPicchu_POS_6246_3,We took walking poles and needed them in parts where the steps are very steep and uneven .,November,2013,January,2014,255060Charlie10,Australia,Oceania,male,1,1,male,55
189778718_4,MachuPicchu_POS_6246_4,There are handrails in some parts and these were fairly new .,November,2013,January,2014,255060Charlie10,Australia,Oceania,male,1,1,male,55
187314202_9,MachuPicchu_POS_6297_9,"We had a delicious lunch after our tour at the Sanctuary Lodge restaurant , very delicious .",December,2013,December,2013,Darren J,Australia,Oceania,male,3,1,male,6
187314202_11,MachuPicchu_POS_6297_11,I am confident when I say that Machu Picchu is the most impressive man made structure I have ever seen .,December,2013,December,2013,Darren J,Australia,Oceania,male,3,1,male,6
179106577_3,MachuPicchu_POS_6437_3,Absolutely beautiful views and learning about the history of the Incas was fantastic ( thanks to an amazing guide ) !,February,2013,September,2013,Rebecca E,United Kingdom,Europe,female,4,2,female,41
178702183_3,MachuPicchu_POS_6445_3,In Cusco a traveller needs to acclimatize to the high altitude by drinking lots of coca tea .,November,2012,September,2013,123Claudia_13,Australia,Oceania,male,1,1,female,9
178702183_9,MachuPicchu_POS_6445_9,The history of the Inca Civilisation and the Spanish Conquest is very interesting and worthwhile having the knowledge to really appreciate being in South America .,November,2012,September,2013,123Claudia_13,Australia,Oceania,male,4,2,female,9
178702183_10,MachuPicchu_POS_6445_10,The spectacular surroundings of the high mountains and the water rushing by the stream and finally seeing the local people working on the land brought a sense of excitement amongst the passengers as the scenic train slowly approached the colorful township of Agua Caliente .,November,2012,September,2013,123Claudia_13,Australia,Oceania,male,4,2,female,9
178702183_11,MachuPicchu_POS_6445_11,"In this township , there are natural hot water springs and many hotels , restaurant , bars and market places to explore .",November,2012,September,2013,123Claudia_13,Australia,Oceania,male,1,1,female,9
178702183_13,MachuPicchu_POS_6445_13,In the evenings Agua Caliente becomes alive in typical South American style .,November,2012,September,2013,123Claudia_13,Australia,Oceania,male,1,1,female,9
178702183_16,MachuPicchu_POS_6445_16,Only the elite of the Inca tribe had the privilege of living on this site and I felt honored being here .,November,2012,September,2013,123Claudia_13,Australia,Oceania,male,1,1,female,9
178702183_20,MachuPicchu_POS_6445_20,VIsiting this ancient site has encouraged me to be more adventurous in my travels .,November,2012,September,2013,123Claudia_13,Australia,Oceania,male,1,1,female,9
177973535_3,MachuPicchu_POS_6463_3,"For those less fit , there are a lot of steps and uneven ground , but nothing could take away the majesty of Machu Picchu .",September,2013,September,2013,Linton3193,Australia,Oceania,male,1,1,male,51
174644126_3,MachuPicchu_POS_6544_3,it is an astonishing place that truly is one of the wonders of the world .,August,2013,August,2013,KarlosStag,United Kingdom,Europe,male,4,2,male,83
174644126_6,MachuPicchu_POS_6544_6,"Firstly , there are no toilets or food outlets beyond the ticket barriers .",August,2013,August,2013,KarlosStag,United Kingdom,Europe,male,1,1,male,83
174644126_7,MachuPicchu_POS_6544_7,"Secondly , although food and drink are not officially allowed on site , I found the rule to be ignored by most tourists and completely unenforced .",August,2013,August,2013,KarlosStag,United Kingdom,Europe,male,1,1,male,83
165747475_2,MachuPicchu_POS_6695_2,"We spent the morning with a guide , who was very helpful in telling us the history & showing us the various important structures , & explaining the building techniques of the Incas .",June,2013,June,2013,Robyn55,Australia,Oceania,female,1,1,female,40
165488821_5,MachuPicchu_POS_6725_5,Cusco is a party town all of June with religious and other festivities co-inciding .,June,2013,June,2013,Angela A,Australia,Oceania,male,3,1,female,5
165488821_19,MachuPicchu_POS_6725_19,You need a tour guide because the stories and history are half of the experience .,June,2013,June,2013,Angela A,Australia,Oceania,male,2,0,female,5
163215237_7,MachuPicchu_POS_6778_7,We had a buffet lunch at the Sanctuary Lodge the food delicious and picturesque views .,June,2013,June,2013,Cheryl P,United Kingdom,Europe,male,3,1,female,7
163133916_15,MachuPicchu_POS_6779_15,"Ollantaytambo is a very authentic town in the sacred valley , which also is close to several Inca ruins .",May,2013,June,2013,bert k,Netherlands,Europe,male,3,1,male,51
163133916_16,MachuPicchu_POS_6779_16,"We stayed 1 night in Casa de Mama Valle , 1 block from Plaza de armes .",May,2013,June,2013,bert k,Netherlands,Europe,male,1,1,male,51
163133916_20,MachuPicchu_POS_6779_20,The scenery is nice but not breathtaking and there is nothing to see high above you .,May,2013,June,2013,bert k,Netherlands,Europe,male,3,1,male,51
163133916_27,MachuPicchu_POS_6779_27,"( We stayed in Hostal Cusi Wasi , $ 22,50 for a double room with breakfast , near the old town center , 10 minutes walking ) .",May,2013,June,2013,bert k,Netherlands,Europe,male,1,1,male,51
160904184_1,MachuPicchu_POS_6835_1,No question it is one of the most spectacular settings for an ancient city in the entire world .,May,2013,May,2013,Doug M,Canada,North America,female,3,1,male,58
160904184_3,MachuPicchu_POS_6835_3,Their engineering and agricultural capabilities were among the best of civilizations in Latin America .,May,2013,May,2013,Doug M,Canada,North America,female,1,1,male,58
160904184_4,MachuPicchu_POS_6835_4,"However , I have travelled the world and seen their contemporaries in Angkor , Cambodia , the Mayans in Central America from 700 years earlier and the Egyptians from 4000 years earlier and they were all artistically and engineering-wise , more advanced than the Inca .",May,2013,May,2013,Doug M,Canada,North America,female,1,1,male,58
160904184_8,MachuPicchu_POS_6835_8,There are toilets only at the entrance to the site and when we were there some were not working .,May,2013,May,2013,Doug M,Canada,North America,female,1,1,male,58
160904184_12,MachuPicchu_POS_6835_12,Why they could not put some good portable toilets at the far end of the site out of view is beyond me .,May,2013,May,2013,Doug M,Canada,North America,female,1,1,male,58
159707023_2,MachuPicchu_POS_6858_2,"The idea of revisiting their steps , of imagining the lives they lived right there .",May,2013,May,2013,Ximena C,Colombia,South America,male,3,1,female,46
152363098_6,MachuPicchu_POS_6963_6,"What an amazing feat it must have been building this huge , beautiful temple in such an inhospitable place , a mountain summit .",February,2013,February,2013,DrAnnaSG,United Kingdom,Europe,male,3,1,female,82
152363098_12,MachuPicchu_POS_6963_12,"Some walls are smooth and perfectly hewn , these were built in times of peace and plenty , others are more roughly hewn , more hurried work for times when war was the focus not building .",February,2013,February,2013,DrAnnaSG,United Kingdom,Europe,male,2,0,female,82
151963325_7,MachuPicchu_POS_6969_7,"The restaurant and the souvenirs are ridiculously over priced , so I would avoid like the plague , and bring you own pre packed lunch .",,,February,2013,Zahid K,United Kingdom,Europe,male,1,1,male,93
149707044_1,MachuPicchu_POS_7010_1,There are few towns from that era anywhere in the world where you can walk the very streets that they did and see the walls exactly as they were .,February,2012,January,2013,Coylum,Canada,North America,male,1,1,female,443
149385159_5,MachuPicchu_POS_7015_5,I was not prepared for the views and the surrounding mountains .,November,2012,January,2013,ShakeelK_12,United States,North America,male,1,1,male,56
149385159_8,MachuPicchu_POS_7015_8,This place is not for kids and is it steep and they are not guard rails .,November,2012,January,2013,ShakeelK_12,United States,North America,male,1,1,male,56
147482935_1,MachuPicchu_POS_7071_1,This is a dream journey of course an once in a lifetime experience .,September,2012,December,2012,David J,Netherlands,Europe,female,3,1,male,9
146647939_1,MachuPicchu_POS_7085_1,I loved the fact that the washrooms and canteen were outside the site .,June,2012,December,2012,Virginia_F_S,Canada,North America,female,3,1,female,9
146647939_3,MachuPicchu_POS_7085_3,There are no signs telling you what things are or any of the history of the site .,June,2012,December,2012,Virginia_F_S,Canada,North America,female,1,1,female,9
146156893_4,MachuPicchu_POS_7099_4,All our planning and organizing was made by Uncover Latin America .,November,2012,November,2012,Audrey W,Canada,North America,male,3,1,female,8
146156893_6,MachuPicchu_POS_7099_6,Totos House restaurant in Aguas Calientes offer a great buffet lunch .,November,2012,November,2012,Audrey W,Canada,North America,male,1,1,female,8
146156893_12,MachuPicchu_POS_7099_12,Pacha Papa is a great casual outdoor Peruvian restaurant great for young families .,November,2012,November,2012,Audrey W,Canada,North America,male,3,1,female,8
145586608_1,MachuPicchu_POS_7116_1,"I am pretty much everything has already been said to describe Machu Picchu , and it certainly lives up to the reputation as a true Wonder of the World .",August,2012,November,2012,mark7780,United Kingdom,Europe,male,3,1,male,74
145586608_2,MachuPicchu_POS_7116_2,The setting is spectacular and the stonework buildings leave you amazed and wondering how such a place was ever constructed in this location .,August,2012,November,2012,mark7780,United Kingdom,Europe,male,3,1,male,74
145305491_3,MachuPicchu_POS_7122_3,"The Inka society was very clever and great engineers , it is amazing how they built this wonderful place long time ago .",November,2012,November,2012,Laura V,Colombia,South America,male,4,2,female,98
143542383_5,MachuPicchu_POS_7164_5,"By 10:00 the energy felt very different with large groups of folks following their guides and crowding into walkways , rooms and spaces .",October,2012,October,2012,Patty04,Mexico,North America,male,1,1,female,51
143542383_6,MachuPicchu_POS_7164_6,"One of many great pleasures during our visit was sitting on the grass of one of the broad upper terraces , looking down over the entire site with the mist weaving in and out of the surrounding peaks , imagining the intricicies of life there 800 years ago .",October,2012,October,2012,Patty04,Mexico,North America,male,3,1,female,51
139438873_1,MachuPicchu_POS_7236_1,"This was our first trip out of the USA , and we chose Machu Picchu because of the mystical beauty and otherworldliness of the culture .",August,2012,September,2012,Steve C,United States,North America,female,3,1,male,6
139438873_8,MachuPicchu_POS_7236_8,"Our guide , Daniel , was genuinely interested in the quality of our trip and rightfully proud of his heritage and his country .",August,2012,September,2012,Steve C,United States,North America,female,4,2,male,6
138346232_3,MachuPicchu_POS_7250_3,Looks like a scene from Jurassic Park - lush green trees and panoramic views .,August,2012,August,2012,Edith P,United States,North America,female,1,1,female,6
138346232_7,MachuPicchu_POS_7250_7,"Wear sunscreen , sunglasses and a hat - especially on the mountain 3 .",August,2012,August,2012,Edith P,United States,North America,female,1,1,female,6
138346232_8,MachuPicchu_POS_7250_8,Take pills ( sold by almost all vendors and stores ) as soon as you land 4 .,August,2012,August,2012,Edith P,United States,North America,female,1,1,female,6
138346232_9,MachuPicchu_POS_7250_9,"Carry plenty of local small bills 2 , 5 & 10 soles for water , snacks and souveniers .",August,2012,August,2012,Edith P,United States,North America,female,1,1,female,6
133247249_1,MachuPicchu_POS_7354_1,The ruins represented all the history of a cultural legacy of the Incas .,April,2012,July,2012,Bryan G,New Zealand,Oceania,female,2,0,male,8
131866087_1,MachuPicchu_POS_7388_1,The combination of history and the beauty of the mountains is memorable .,May,2012,June,2012,Debbie T,Canada,North America,male,3,1,female,8
131440358_14,MachuPicchu_POS_7399_14,Aguas Calientes is a charming little town nestled in the mountains of Machu Picchu .,May,2012,June,2012,Luisa R,Australia,Oceania,male,3,1,female,6
131384207_17,MachuPicchu_POS_7402_17,"There is a great modern , well lit museum located where the bus crosses the river .",May,2012,June,2012,GaryK341,United States,North America,female,3,1,male,86
131384207_22,MachuPicchu_POS_7402_22,There are collectivos ( shared vans ) from Cusco for $ 5 all the way out there .,May,2012,June,2012,GaryK341,United States,North America,female,1,1,male,86
131384207_26,MachuPicchu_POS_7402_26,Area around Plaza de Armas is verty nice and we loved the museum there near the plaza that has the Hiram Bingham exhibit .,May,2012,June,2012,GaryK341,United States,North America,female,3,1,male,86
131372555_1,MachuPicchu_POS_7405_1,What an incredible place that showcases the ingenuity of the Incas .,May,2012,June,2012,Nemi22,Australia,Oceania,male,3,1,female,9
127718893_1,MachuPicchu_POS_7484_1,Never have I been to such a spiritual and stunning place .,September,2011,April,2012,Martine M,Netherlands,Europe,female,3,1,female,9
127718893_2,MachuPicchu_POS_7484_2,"Only negative - there are loads and loads of tourists , But when we turned around the corner and beheld this beautiful mountain , the tourist were not even bothersome anymore .",September,2011,April,2012,Martine M,Netherlands,Europe,female,1,1,female,9
123569200_2,MachuPicchu_POS_7557_2,"Ozzi and Victor Hugo were amazing guides who new the terrain , the history and culture so well .",October,2011,January,2012,RosieMc_12,United Kingdom,Europe,male,3,1,female,9
123569200_6,MachuPicchu_POS_7557_6,"Machu Picchu is everything the guide books say , impressive , large , thought provoking , and busy .",October,2011,January,2012,RosieMc_12,United Kingdom,Europe,male,1,1,female,9
118435755_1,MachuPicchu_POS_7657_1,Machu Picchu is a magical place and it has touched my soul .,April,2011,September,2011,Tanya938,South Africa,Africa,male,4,2,female,7
118435755_4,MachuPicchu_POS_7657_4,"I had a truly memorable experience to an amazing place , that far too few South Africans ever see .",April,2011,September,2011,Tanya938,South Africa,Africa,male,3,1,female,7
108857727_2,MachuPicchu_POS_7703_2,Some friends found a Dutch guy in Cusco who arranges tours on behalf of a Coffee cooperative .,May,2011,May,2011,Ras78,United Kingdom,Europe,male,2,0,male,54
108857727_7,MachuPicchu_POS_7703_7,The family were really welcoming and friendly and we were served a fantastic lunch immediately .,May,2011,May,2011,Ras78,United Kingdom,Europe,male,3,1,male,54
108857727_14,MachuPicchu_POS_7703_14,"On this farm we were shown the whole coffee making process from picking to roasting and drinking , it was really interesting .",May,2011,May,2011,Ras78,United Kingdom,Europe,male,1,1,male,54
108857727_21,MachuPicchu_POS_7703_21,"It feels really authentic , really interesting and benefits the local community .",May,2011,May,2011,Ras78,United Kingdom,Europe,male,4,2,male,54
108857727_22,MachuPicchu_POS_7703_22,The families are brilliant to stay with the accomodation and food is great and there are hot showers .,May,2011,May,2011,Ras78,United Kingdom,Europe,male,4,2,male,54
108857727_24,MachuPicchu_POS_7703_24,Geert also has a wealth of knowledge and contacts for other similar stuff in Peru and ecuador which is really handy .,May,2011,May,2011,Ras78,United Kingdom,Europe,male,3,1,male,54
53277879_5,MachuPicchu_POS_7744_5,The food was unlike any trail food we had - popcorn at tea time ?,,,January,2010,NadiaH84,Canada,North America,male,2,0,female,49
