453936904_2,Christ_NEG_51_2,Views are great but there are better views from the roads within the Tijuna forest .,January,2017,January,2017,Kevin S,South Africa,Africa,male,2,0,male,90
141195844_1,Christ_NEG_184_1,The views are nice but it is hard to get to see them because there are so many people there .,September,2012,September,2012,247MarMiC247,Canada,North America,male,2,0,male,6
626984235_1,Christ_NEU_59_1,Impressive at night On close visualisation nothing more than a modern concrete statue Overcrowded Everyone takes photos of themselves with their arms wide apart - Why ?,October,2018,October,2018,Aramis58,United Kingdom,Europe,male,1,1,male,6
538195728_5,Christ_NEU_107_5,"Escalators are shut down for safety reasons ( slippery , etc ) and the only shelter is at one of the two commercial outlets ( one selling souvenirs , the other selling drinks , etc ) .",September,2017,November,2017,Gill808,Australia,Oceania,male,2,0,male,83
538195728_9,Christ_NEU_107_9,We would also advise that toilets are very limited and parking around the train station is practically impossible - even on very wet days !,September,2017,November,2017,Gill808,Australia,Oceania,male,1,1,male,83
363764717_2,Christ_NEU_255_2,The Govt has done a great job with the arrangements and logistics .,April,2016,April,2016,Bhagwan72,India,Asia,male,3,1,male,96
352446560_2,Christ_NEU_276_2,While the views are pretty - they are far more beautiful from Sugar Loaf Mountain .,February,2016,March,2016,MuratD_13,France,Europe,female,3,1,male,80
337324529_5,Christ_NEU_308_5,"The views are of course outstanding , and the statue is of course very very big .",December,2015,January,2016,anita w,Canada,North America,female,3,1,female,79
317833402_2,Christ_NEU_351_2,"The Christ is just that , the view however is truly great .",December,2014,October,2015,Silvia G,Netherlands,Europe,male,3,1,female,9
263473050_4,Christ_NEU_408_4,And the people are all pushing and shoving to take a selfie stick pic .,,,April,2015,SteveyP747,Australia,Oceania,male,3,1,male,6
263473050_6,Christ_NEU_408_6,"Equivalent of almost 3 quid a small bottle of water , .",,,April,2015,SteveyP747,Australia,Oceania,male,1,1,male,6
208893252_2,Christ_NEU_495_2,"When the weather is nice , there can be nice views of the city .",May,2014,June,2014,Ondrej N,Czechia,Europe,male,3,1,male,86
199304710_2,Christ_NEU_511_2,you had to work around people lying on the ground as well as blocking the stairs taking photos .,March,2014,March,2014,lorelie f,United Kingdom,Europe,female,2,0,female,61
147000669_3,Christ_NEU_590_3,"Although history shows that the statue is from the modern era , somehow you expect it to be more historical .",February,2012,December,2012,donna_goodwin,United Kingdom,Europe,female,2,0,female,80
117057829_1,Christ_NEU_661_1,How can this be one of the 7 new wonders of the world .,July,2011,August,2011,Chris L,Australia,Oceania,male,3,1,male,67
673164549_4,Christ_POS_202_4,It really is a magnificent structure and to truly appreciate its size you need to be at the foot of it !,April,2019,May,2019,kitty_kattp,United Kingdom,Europe,male,4,2,female,79
669942866_1,Christ_POS_234_1,This was the second time I visited it and its a must see !,April,2019,April,2019,flor24e,Portugal,Europe,male,3,1,female,66
652020674_3,Christ_POS_479_3,Christ is an amazing concrete structure that looks like mosaic on the exterior .,February,2019,February,2019,Nada F,United Kingdom,Europe,male,3,1,female,8
652020674_4,Christ_POS_479_4,"At the base , around the back , there is a small chapel which has mass .",February,2019,February,2019,Nada F,United Kingdom,Europe,male,1,1,female,8
652020674_5,Christ_POS_479_5,The vistas ate amazing but one has to fight the crowds .,February,2019,February,2019,Nada F,United Kingdom,Europe,male,3,1,female,8
651887301_1,Christ_POS_481_1,"A truly awe-inspiring sculpture that towers over the city , is an absolute must-see in Rio !",February,2019,February,2019,MaresaG,South Africa,Africa,male,4,2,female,75
651887301_5,Christ_POS_481_5,"We were fortunate enough to have a clear view of Christ the Redeemer , a magnificent art deco sculpture of Christ with his outstretched arms over Guanabara Bay , that was completed over 5 years between 1926 and 1931 .",February,2019,February,2019,MaresaG,South Africa,Africa,male,1,1,female,75
651887301_7,Christ_POS_481_7,"One really can not say you have been to Rio without visiting , and being inspired , by this amazing piece of work of its time !",February,2019,February,2019,MaresaG,South Africa,Africa,male,4,2,female,75
641635313_4,Christ_POS_621_4,"On the way to the place , our guide explained the making of the Christ , including the face made by French Art Deco artist , Landowski .",December,2018,December,2018,AnneML63,India,Asia,female,1,1,female,89
630961571_1,Christ_POS_776_1,"My husband and I visited Christ the Redeemer , and , were amazed at its size .",October,2018,November,2018,Sylvia3144,Canada,North America,female,1,1,female,7
626696052_1,Christ_POS_812_1,"This wonderful Art Deco statue which towers over Rio , is one the New Seven Wonders of the World .",October,2018,October,2018,arvind1000,India,Asia,male,3,1,male,91
606208495_1,Christ_POS_983_1,Amazing how you can see this statue out of each place of the city .,September,2017,August,2018,Ruud19811,United Arab Emirates,Asia,male,3,1,male,6
586421195_2,Christ_POS_1148_2,A gentle and calm but epic statue watching over the city .,May,2018,June,2018,Laura_M_84503822,United Kingdom,Europe,male,3,1,female,9
583976350_3,Christ_POS_1167_3,Its quite funny watching all the selfies as well and people lying on the floor haha .,May,2018,May,2018,Sarah M,United Kingdom,Europe,male,3,1,female,78
580265362_2,Christ_POS_1206_2,"The statue itself is amazing , such detail and so large !",February,2018,May,2018,kate n,Australia,Oceania,female,4,2,female,63
578546552_2,Christ_POS_1217_2,But you could also read up on this and there is some information on the boards .,May,2018,May,2018,744LindaS744,Australia,Oceania,male,2,0,female,8
571759647_2,Christ_POS_1288_2,It certainly did not disappoint - magnificent structure set atop spectacular rainforest .,February,2018,April,2018,Anne P,Australia,Oceania,male,3,1,female,70
571627128_6,Christ_POS_1291_6,The souvenirs at this shop are a much better quality though a little more expensive .,November,2017,April,2018,Kalindi D,India,Asia,female,2,0,female,87
553261651_2,Christ_POS_1563_2,And there is little coffee shop you can have coffee or a juice with incredible views .,January,2018,January,2018,TetyanaR,United Kingdom,Europe,male,3,1,female,7
549506896_1,Christ_POS_1620_1,Really good place to get a true perspective on the size of Rio and what it offers .,December,2017,December,2017,DavidGreed,New Zealand,Oceania,female,3,1,male,9
543931944_3,Christ_POS_1688_3,It was awe inspiring as were the views & I now understand why its such an icon .,October,2017,November,2017,Jan M,Australia,Oceania,female,3,1,female,78
541004830_2,Christ_POS_1744_2,The views are unbelievable and the infrastructure to handle the crowds of visitors is very good .,November,2017,November,2017,Alan H,United Kingdom,Europe,male,3,1,male,91
540192177_1,Christ_POS_1757_1,Well I do think all knows that this is a must see in Rio .,November,2017,November,2017,JokkeNu,Lithuania,Europe,female,2,0,male,61
536692516_2,Christ_POS_1803_2,"At the arrival a lot of stairs , and a very convenient elevator !",October,2017,October,2017,Philip P,Belgium,Europe,male,3,1,male,81
534073175_2,Christ_POS_1833_2,This is the top spot to see all of Rio and be impressed by this incredible vision of Christ the Redeemer .,October,2017,October,2017,SouBru,Georgia,Asia,female,4,2,female,78
531664545_3,Christ_POS_1852_3,"There are plenty of facilities up there for getting drinks , food , tacky souvenirs etc etc .",September,2017,October,2017,David C,United Kingdom,Europe,female,1,1,male,83
530624631_1,Christ_POS_1865_1,I arrived at the train station in a wheelchair there was priority boarding special ramps and places to sit very comfortable .,September,2017,October,2017,Rosie D,United Kingdom,Europe,male,1,1,female,6
519155634_1,Christ_POS_1961_1,"Totally amazing place to visit , it is HUGE and made from mosaic tiles !",June,2017,August,2017,trina027,Australia,Oceania,male,3,1,female,79
519155634_2,Christ_POS_1961_2,There is also a chapel with small services / prayers happening regularly .,June,2017,August,2017,trina027,Australia,Oceania,male,1,1,female,79
488151746_4,Christ_POS_2199_4,"There is a lift from the train stop to the top , or a few sets of easy steps if you prefer , and a couple of cafes and gift shops on the top too .",May,2017,May,2017,525VickiC,United Kingdom,Europe,male,3,1,female,58
475936441_8,Christ_POS_2326_8,"The waiting area for the train is very good , enough seats , some air con , clean bathrooms and even free WiFi !",April,2017,April,2017,so_voyage49,Germany,Europe,male,3,1,female,69
467821355_1,Christ_POS_2472_1,"This place is a must , regardless of your religious persuasion .",March,2017,March,2017,RodG1506,United Kingdom,Europe,male,3,1,male,96
464059235_5,Christ_POS_2539_5,But the 360 views give an amazing perspective of Rio and the surroundings .,February,2017,March,2017,Elliott S,Canada,North America,male,3,1,male,58
459666254_1,Christ_POS_2624_1,Good place to think about life and trust all areas of your life to Lord Jesus Christ .,January,2017,February,2017,Raimonds R,Latvia,Europe,female,3,1,male,61
450576915_2,Christ_POS_2779_2,"I like art deco , and love the Jeez , so I found the site aesthetically and religiously quite interesting beyond its culturally iconic standing .",January,2017,January,2017,JackM291,Spain,Europe,male,3,1,male,74
438173856_1,Christ_POS_2972_1,Provides a lovely view of the city on a bright shiny day .,November,2016,November,2016,saif_al_din_Kuwait,Kuwait,Asia,male,4,2,male,83
434694075_1,Christ_POS_3029_1,This is a fundamental experience for anyone who loves or visits Rio .,November,2016,November,2016,Justine S,Portugal,Europe,female,3,1,female,72
432862807_4,Christ_POS_3064_4,"There is a small chapel at the foot of the statue , , The view is amazing .",October,2016,October,2016,ThomasUnitedKingdom,United Kingdom,Europe,male,3,1,male,63
424868601_2,Christ_POS_3183_2,"It is an apt name , simply because of the sheer size and location of the statue .",August,2016,October,2016,Sam H,United States,North America,male,1,1,male,8
424868601_3,Christ_POS_3183_3,"sitting atop a hill with a 14 % grade on the way up , building this must have been an amazing feat .",August,2016,October,2016,Sam H,United States,North America,male,1,1,male,8
424868601_8,Christ_POS_3183_8,There are places to get a drink or a snack and a souvenir up top .,August,2016,October,2016,Sam H,United States,North America,male,3,1,male,8
424338222_6,Christ_POS_3188_6,"There is a bar / restaurant which , surprisingly , is not over priced and the food is relatively good .",October,2016,October,2016,JonnyK1274,United Kingdom,Europe,male,3,1,male,64
423242109_4,Christ_POS_3211_4,Lots of photo opportunities and be sure to stop in at the tiny chapel .,September,2016,September,2016,NannaA53,New Zealand,Oceania,male,3,1,female,67
420188416_1,Christ_POS_3270_1,"This is a most do experience in Rio de Janeiro , beatiful sculpture and amazing view of whole Rio .",September,2016,September,2016,Armando P,Honduras,North America,female,4,2,male,6
412478931_2,Christ_POS_3424_2,"Views are excellent , it was very hazy when we went but still got some good photos .",July,2016,August,2016,Marian B,United Kingdom,Europe,male,3,1,female,60
388606700_1,Christ_POS_3849_1,One of those awe inspiring moments when you first see this fabulous statue up close .,May,2016,July,2016,flossygirl,Australia,Oceania,male,3,1,female,66
386006893_4,Christ_POS_3893_4,This is truly an amazing experience and should be unmissable for anyone visiting Rio .,May,2016,June,2016,Hibby,United Kingdom,Europe,male,4,2,female,90
377534702_1,Christ_POS_4034_1,The bus gets you right up to attraction site where there are disabled facilities .,December,2015,May,2016,Adrien C,United Kingdom,Europe,female,3,1,male,8
370887172_2,Christ_POS_4157_2,Views across the city are spectacular and the statue itself with a small chapel at the back was a must see for me while in Rio .,May,2016,May,2016,caj68,United Kingdom,Europe,male,3,1,male,69
362059377_3,Christ_POS_4334_3,The aroma of nature and its trees as you move along is interesting .,December,2015,April,2016,191kas,South Africa,Africa,female,3,1,male,6
354389947_4,Christ_POS_4510_4,"From the top the view is wonderful , even though there are people everywhere .",February,2016,March,2016,TerjeHoegberg,Norway,Europe,female,3,1,male,99
351351124_2,Christ_POS_4592_2,"Giant Jesus , the story of how it brought top of the mountain .",January,2016,February,2016,RachelKazel,Israel,Asia,female,3,1,female,9
348446128_2,Christ_POS_4686_2,"The monument himself is big and so beautiful , so impressive !",December,2015,February,2016,Ben S,Belgium,Europe,female,4,2,male,88
347541573_2,Christ_POS_4716_2,Standing tall in wide open arms protecting and welcoming visitors in Rio .,February,2016,February,2016,Shams_kmg,United Arab Emirates,Asia,female,2,0,male,8
344355196_1,Christ_POS_4832_1,"Christ the Redeemer , what a wonberful icon of Rio , world famous and rightly so .",January,2016,February,2016,Keryn300,Australia,Oceania,male,1,1,female,6
341247914_4,Christ_POS_4883_4,Was pretty packed and at times there was standing room only .,December,2015,January,2016,anthony_vanlouw,South Africa,Africa,male,1,1,male,8
339226892_5,Christ_POS_4949_5,"there is cafeteria and several souvenir stores on the top , as well as bunch of super playful monkeys .",April,2015,January,2016,KajaC_11,Canada,North America,male,1,1,female,83
336840367_4,Christ_POS_5037_4,"The views are incredible , there is a small chappel to Nossa Senhora da Aparecida , and a lot to see .",December,2015,January,2016,Miguel2770,Portugal,Europe,male,3,1,male,825
335490973_8,Christ_POS_5084_8,there is a restaurant and a bar / snack bar at the top where you can sit outside which are nice to spend some time .,December,2015,December,2015,LauraJevons,United Kingdom,Europe,male,3,1,female,59
335047172_4,Christ_POS_5103_4,I find the statue gives a special energy that radiates throughout Rio .,July,2015,December,2015,florian610,United Kingdom,Europe,male,3,1,male,92
333165427_3,Christ_POS_5157_3,"There is a a bar-restaurant at the top , if you want to chill-out and enjoy the view .",December,2015,December,2015,FedericoPaesano,Italy,Europe,female,3,1,male,62
322279731_6,Christ_POS_5451_6,"Great views of the city and yes , there is Wifi too , .",August,2015,October,2015,RobbertQ,Netherlands,Europe,male,3,1,male,7
320739572_1,Christ_POS_5470_1,The views and history of this place are amazing - a must see on a sunny day .,October,2015,October,2015,Joan N,Norway,Europe,female,4,2,female,7
320709800_3,Christ_POS_5471_3,there is a small coffee shop with snacks in the lower area of the monument .,October,2015,October,2015,TeresaViajera2019,Mexico,North America,female,1,1,female,87
310842591_2,Christ_POS_5644_2,"The only thing is there is too many tourist anytime of the day , .",February,2015,September,2015,HubertFrerot,France,Europe,male,1,1,male,6
284874660_4,Christ_POS_6038_4,An amazing piece of architecture awaits you and the view will not disappoint .,June,2015,July,2015,Linda N,Canada,North America,female,3,1,female,8
281936281_1,Christ_POS_6107_1,This is an amazing adventure to see Christ the Redeemer Corcovado .,July,2014,June,2015,Chris P,Canada,North America,male,4,2,male,71
281204379_4,Christ_POS_6128_4,"Plenty of food and drinks can be bought along the way , and the train trip itself is a great thing .",June,2015,June,2015,arty37,Australia,Oceania,male,3,1,male,95
280772439_2,Christ_POS_6137_2,"There are souvenir shops , etc in the visitor centre , However , they are quite expensive when compared with shops around Copacabana and Ipanema .",June,2015,June,2015,amanda2010,United Kingdom,Europe,female,1,1,female,6
280772439_3,Christ_POS_6137_3,"Views of Rio from the top of Corcovado are amazing , and I took some great photos .",June,2015,June,2015,amanda2010,United Kingdom,Europe,female,3,1,female,6
264207014_4,Christ_POS_6420_4,Around the area the history about the structure is narrated for everyone to read and know .,March,2015,April,2015,SmartBlank,Singapore,Asia,female,2,0,male,6
264207014_5,Christ_POS_6420_5,There is also a very tiny chapel just beneath it which is very solemn and one could easily feel at peace .,March,2015,April,2015,SmartBlank,Singapore,Asia,female,3,1,male,6
262781663_7,Christ_POS_6446_7,They do not accept card in most of their tourist shops .,July,2014,March,2015,Mark M,Australia,Oceania,male,1,1,male,9
261798341_1,Christ_POS_6474_1,It had a presence of its own and what is most amazing it looks untouched and so real .,March,2015,March,2015,Carolina D,Australia,Oceania,male,4,2,female,9
261798341_2,Christ_POS_6474_2,A sight for any tourist who admires a truly magnificent art form and icon of Rio .,March,2015,March,2015,Carolina D,Australia,Oceania,male,3,1,female,9
257498855_1,Christ_POS_6567_1,"magnificent statue of Christ , thousands of people gathered to appreciate it and take a picture with a landscape and admirable view that can be seen , a huge Christ who monitors and city to those who live in Rio of Janeiro , I want to thank you for this wonderful experience that I am called to live it and thank you Rio of Janeiro vacation you take my heart .",February,2015,March,2015,Isis A,Mexico,North America,male,4,2,female,7
256890510_1,Christ_POS_6582_1,It is awe inspiring and its very plainness is what makes it so appealing .,May,2014,February,2015,janakn,India,Asia,female,4,2,male,7
254585050_2,Christ_POS_6671_2,Make sure you bring water and sunglasses drinks on the top are expensive .,,,February,2015,Alisandru,Australia,Oceania,male,2,0,male,76
253015219_3,Christ_POS_6700_3,"The views are spectacular and the statue is huge , just how did they put it up .",February,2015,February,2015,JeffGoodwin,United Kingdom,Europe,male,3,1,male,79
253015219_4,Christ_POS_6700_4,"There is a cafe and shops , if you need them .",February,2015,February,2015,JeffGoodwin,United Kingdom,Europe,male,3,1,male,79
251309855_2,Christ_POS_6729_2,"It contains a very small chapel inside its base where you can offer a prayer , and buy a trinket .",December,2014,January,2015,Donna31522,Georgia,Asia,female,1,1,female,65
250324584_1,Christ_POS_6759_1,Amazing view of the Christ statue and panaromic of Rio's city skyline especially in the morning .,December,2014,January,2015,Victoria Z,Mexico,North America,female,3,1,female,70
250107273_3,Christ_POS_6767_3,"This monument was built in 1922-1931 , 98 ft tall , not including its 26 ft pedestal .",February,2014,January,2015,Christina C,Canada,North America,male,1,1,female,611
249085988_3,Christ_POS_6801_3,They have some really amazing replicas in the gift shop that I could not find anywhere else .,December,2014,January,2015,SashSA,South Africa,Africa,female,3,1,male,86
248009407_2,Christ_POS_6850_2,The staging area is very crowded and only marginally well controlled .,December,2014,January,2015,Danny697,United States,North America,female,1,1,male,6
248009407_3,Christ_POS_6850_3,The views are amazing and the statue is a Rio landmark and an amazing feat of engineering .,December,2014,January,2015,Danny697,United States,North America,female,4,2,male,6
247945905_1,Christ_POS_6852_1,"This Christ seems alive and with his open arms welcomes visitors to Rio , gorgeous view , unmatched , and the statue is certainly impressive , this visit can not be missed .",January,2015,January,2015,Fernando C,New Zealand,Oceania,male,3,1,male,7
242534843_1,Christ_POS_7028_1,Unless you go you can not imagine the sheer beauty and marvel at this magnificent structure .,November,2014,December,2014,martha111,Canada,North America,male,3,1,female,58
237728442_4,Christ_POS_7151_4,"Once at the top there are , inevitably , many people but a little patience will rewward you with the views that you wish to enjoy .",October,2014,November,2014,John G,United Kingdom,Europe,male,3,1,male,86
234980135_1,Christ_POS_7200_1,Just amazing the size and craft involved in making this statue of Christ and amount of people .,August,2014,October,2014,YasminKovic,United Kingdom,Europe,female,3,1,female,6
233432628_1,Christ_POS_7228_1,This iconic landmark fulfilled all expectations - from the sheer size and beauty of the statue to the overwhelming 360 degree vista greeting all visitors .,October,2014,October,2014,Michael R,Australia,Oceania,male,3,1,male,8
231570357_1,Christ_POS_7263_1,Is much more impressive in real life than what the pictures indicate .,April,2014,September,2014,KarlottaMargarita,Australia,Oceania,female,3,1,female,63
228918585_1,Christ_POS_7319_1,An amazing experience that must be the highlight of any trip to Rio de Janeiro .,August,2014,September,2014,Terry C,New Zealand,Oceania,female,3,1,male,9
216957994_1,Christ_POS_7563_1,"The trip up was quite involved with a mixture of taxi ride , queues , buses and more queues - but considering we were in Rio de Janeiro during the World Cup , they managed very well .",July,2014,July,2014,Rosie006,Australia,Oceania,male,3,1,female,6
216957994_2,Christ_POS_7563_2,Good value eating at the cafe at the top surprisingly - with stunning views over Guanabara Bay and Rio !,July,2014,July,2014,Rosie006,Australia,Oceania,male,4,2,female,6
214896430_1,Christ_POS_7642_1,"Nice views of the city but too crowded , screaming guides ushering the people .",July,2014,July,2014,Margarita703,United Kingdom,Europe,female,1,1,female,70
214896430_3,Christ_POS_7642_3,The space around the Christ is too small to handle 200 people trying to take a photos and hearing the noisy guides .,July,2014,July,2014,Margarita703,United Kingdom,Europe,female,1,1,female,70
211771208_2,Christ_POS_7792_2,It would have been better if there were more things there than just souvenir shops and cafs .,,,June,2014,Chunlian,Singapore,Asia,male,1,1,female,97
211650164_4,Christ_POS_7795_4,"There are gift shops , restaurants , and clean bathrooms on the mountain .",June,2014,June,2014,Lisa B,Georgia,Asia,male,3,1,female,72
208328090_1,Christ_POS_7847_1,What an amazing opportunity to see a modern wonder of the world .,May,2014,June,2014,beren00,France,Europe,male,4,2,male,61
205427333_1,Christ_POS_7909_1,"it is big , it is amazing it is a seven wonder !",April,2014,May,2014,HelderBCarvalho,Portugal,Europe,female,4,2,male,71
192701109_4,Christ_POS_8203_4,There is a small chapel inside the lower portion of the statue .,January,2014,January,2014,girlie30,United Kingdom,Europe,female,1,1,female,94
189540553_2,Christ_POS_8314_2,it is an iconic symbol that embraces the whole city with its opened arms .,December,2013,January,2014,Daba2010,United States,North America,male,3,1,female,98
187809941_1,Christ_POS_8369_1,"Bag and jewelry snatching was terrible , the rest were just just fantastic , people , country , the food and all .",December,2013,December,2013,sunit16,Switzerland,Europe,female,1,1,female,7
184746474_4,Christ_POS_8453_4,Make sure your guide gives you a history lesson on the Redeemer .,December,2012,November,2013,Josh007,South Africa,Africa,male,2,0,male,72
182220375_1,Christ_POS_8491_1,There was a bit of haze and you could also watch the tip of the hills in the nearby .,November,2012,October,2013,Marco B,Italy,Europe,male,1,1,male,8
182220375_2,Christ_POS_8491_2,Then the haze slowly disappeared letting us see an amazing breath-taking scenery .,November,2012,October,2013,Marco B,Italy,Europe,male,3,1,male,8
180346260_1,Christ_POS_8537_1,"The view is 360 degrees of Rio , absolutely outstanding , something you must do in your life !",September,2013,October,2013,FrancescoRoma1973,Italy,Europe,male,4,2,male,6
174727948_3,Christ_POS_8648_3,On the top there were not many people so we took some great pictures .,August,2013,August,2013,TomaszJa,Poland,Europe,male,3,1,male,6
166913375_1,Christ_POS_8781_1,"Cristo himself was not as big as I had imagined , he is perched on top of a very large pedestal ( which inside houses a small church ) .",November,2012,July,2013,Mark C,Australia,Oceania,male,1,1,male,75
166913375_3,Christ_POS_8781_3,"The statue though is just the jewel on the crown , as the panoramic views are jaw dropping beautiful .",November,2012,July,2013,Mark C,Australia,Oceania,male,1,1,male,75
166913375_4,Christ_POS_8781_4,"On a nice day , the blues of the ocean from horizon to the city highlighted amongst the greens of the mountains is spectacular .",November,2012,July,2013,Mark C,Australia,Oceania,male,3,1,male,75
157466183_4,Christ_POS_8990_4,"The souvenirs store is expensive , you can find a lower price near the beach and in local stores around the city .",April,2013,April,2013,TranslationsGuy,Guatemala,North America,female,0,2,male,6
157386033_1,Christ_POS_8996_1,"i liked the location , the view and the facilities - but it was too crowded even to take a decent photo of the statue .",March,2013,April,2013,Marlot,Australia,Oceania,male,2,0,female,8
156820330_2,Christ_POS_9017_2,"Try to avoid some religious holidays , as there are a lot of people .",March,2013,April,2013,rusa2486,Argentina,South America,female,1,1,female,8
156747969_3,Christ_POS_9022_3,I associate Rio with this statue so it was an important landmark to see .,March,2013,April,2013,Val C,Canada,North America,female,3,1,female,68
155634018_1,Christ_POS_9070_1,Every mention of Rio shows this iconic statue and I was not impressed until I stood at its feet .,April,2012,March,2013,CloudFlyer,Canada,North America,male,1,1,male,6
152326566_5,Christ_POS_9214_5,There are two nice little cafes there to have some food and look over the views .,February,2013,February,2013,Holly H,United Kingdom,Europe,female,3,1,female,7
151619876_1,Christ_POS_9233_1,Was fascinating seeing it up close and admiring the true size and scale of the actual statue .,,,February,2013,Zahid K,United Kingdom,Europe,male,3,1,male,93
151619876_2,Christ_POS_9233_2,I was surprised to hear that there is a church at the base of the statue .,,,February,2013,Zahid K,United Kingdom,Europe,male,3,1,male,93
151619876_6,Christ_POS_9233_6,The views of the city and the famous beaches below are phenomenal and seeing the nearby sugar mountain was superb as well .,,,February,2013,Zahid K,United Kingdom,Europe,male,3,1,male,93
146960334_5,Christ_POS_9411_5,You may as well use the kiosk at the station as we could not find find a bar or coffee shop nearby .,December,2012,December,2012,MarkLawrence33,United Kingdom,Europe,male,1,1,male,66
145035439_1,Christ_POS_9490_1,Even if you are not religious this is still a most extraordinary feat of engineering and beautiful sculpture .,November,2012,November,2012,KiwigirlNZ,New Zealand,Oceania,male,3,1,female,66
142335222_3,Christ_POS_9579_3,"Plaster yourself in insect repellent , Rio may be mosquito free but up there they are rife and we got bitten terribly .",March,2012,October,2012,Liz A,United Kingdom,Europe,male,0,2,female,6
141618613_2,Christ_POS_9606_2,The panoramic views are spectacular and the statue itself very impressive .,September,2012,September,2012,Rita P,Canada,North America,female,3,1,female,60
137856176_3,Christ_POS_9691_3,The views all around we are stunning and there was a film being taken which made it even more interesting .,,,August,2012,elinas,Australia,Oceania,female,3,1,female,82
135428694_2,Christ_POS_9737_2,What I did not know was there is the Chapel in the base of the statue where a lovely mass was performed .,May,2012,July,2012,Naguib,Egypt,Africa,male,1,1,male,97
134218579_2,Christ_POS_9766_2,"Gorgeous , fantastic , magical , as the entire city , Maravilhoso !",June,2012,July,2012,Arturo65,Bolivia,South America,male,4,2,male,80
130046556_1,Christ_POS_9899_1,The religious imperative that inspired the building of the statue and the scale of the statue and the engineering achievement .,May,2012,May,2012,Nicholas H,United Kingdom,Europe,female,3,1,male,7
129462339_1,Christ_POS_9913_1,This is the true icon of Rio and very much worth a visit .,April,2012,May,2012,Emma C,United Kingdom,Europe,male,4,2,female,65
128639411_2,Christ_POS_9943_2,"Watch your steps , because plenty people are lying on the floor and taking pictures .",January,2012,April,2012,AgataW_12,Poland,Europe,female,3,1,female,64
126983764_2,Christ_POS_10028_2,Went up twice and sat at the restaurant soaking up the atmosphere and views .,March,2012,March,2012,dee662019,United Kingdom,Europe,male,1,1,female,89
123106138_2,Christ_POS_10279_2,Quite a few steps up but if not keen there are elevators and escalators .,December,2011,January,2012,PetraSA,South Africa,Africa,female,2,0,female,67
123106138_6,Christ_POS_10279_6,Take lots of wet wipes with you ( can not buy them in the shops ) .,December,2011,January,2012,PetraSA,South Africa,Africa,female,2,0,female,67
56676145_2,Christ_POS_10614_2,"Been elected as one of the New Wonders of the World , Christ the Redeemer clearly has the ability to lift our spirits and remind us of our human nature and purpose .",,,February,2010,AndreNdeM,Poland,Europe,male,1,1,male,83
27004313_3,Christ_POS_10623_3,"We stayed there for a while , enjoying the incredible panoramic views of Rio , the clean lines of the statue , the small chapel ( entrance is in the back of the statue ) .",,,March,2009,giulietta429,Belgium,Europe,female,3,1,female,850
27004313_5,Christ_POS_10623_5,"There are bathrooms , several souvenir shops , and several places to eat ( some decent choices , too ) .",,,March,2009,giulietta429,Belgium,Europe,female,1,1,female,850
